消费地点,日期,时间段,消费次数
红太阳超市,2019-04-01,07:00-08:00,17
红太阳超市,2019-04-01,08:00-09:00,7
红太阳超市,2019-04-01,09:00-10:00,32
红太阳超市,2019-04-01,10:00-11:00,16
红太阳超市,2019-04-01,11:00-12:00,30
红太阳超市,2019-04-01,12:00-13:00,48
红太阳超市,2019-04-01,13:00-14:00,14
红太阳超市,2019-04-01,14:00-15:00,22
红太阳超市,2019-04-01,15:00-16:00,10
红太阳超市,2019-04-01,16:00-17:00,63
红太阳超市,2019-04-01,17:00-18:00,28
红太阳超市,2019-04-01,18:00-19:00,54
红太阳超市,2019-04-01,19:00-20:00,31
红太阳超市,2019-04-01,20:00-21:00,25
红太阳超市,2019-04-01,21:00-22:00,37
红太阳超市,2019-04-01,22:00-23:00,31
红太阳超市,2019-04-02,07:00-08:00,0
红太阳超市,2019-04-02,08:00-09:00,14
红太阳超市,2019-04-02,09:00-10:00,9
红太阳超市,2019-04-02,10:00-11:00,14
红太阳超市,2019-04-02,11:00-12:00,10
红太阳超市,2019-04-02,12:00-13:00,41
红太阳超市,2019-04-02,13:00-14:00,59
红太阳超市,2019-04-02,14:00-15:00,8
红太阳超市,2019-04-02,15:00-16:00,14
红太阳超市,2019-04-02,16:00-17:00,10
红太阳超市,2019-04-02,17:00-18:00,56
红太阳超市,2019-04-02,18:00-19:00,32
红太阳超市,2019-04-02,19:00-20:00,53
红太阳超市,2019-04-02,20:00-21:00,29
红太阳超市,2019-04-02,21:00-22:00,17
红太阳超市,2019-04-02,22:00-23:00,33
红太阳超市,2019-04-03,07:00-08:00,19
红太阳超市,2019-04-03,08:00-09:00,5
红太阳超市,2019-04-03,09:00-10:00,2
红太阳超市,2019-04-03,10:00-11:00,12
红太阳超市,2019-04-03,11:00-12:00,8
红太阳超市,2019-04-03,12:00-13:00,43
红太阳超市,2019-04-03,13:00-14:00,42
红太阳超市,2019-04-03,14:00-15:00,17
红太阳超市,2019-04-03,15:00-16:00,30
红太阳超市,2019-04-03,16:00-17:00,5
红太阳超市,2019-04-03,17:00-18:00,57
红太阳超市,2019-04-03,18:00-19:00,40
红太阳超市,2019-04-03,19:00-20:00,55
红太阳超市,2019-04-03,20:00-21:00,27
红太阳超市,2019-04-03,21:00-22:00,8
红太阳超市,2019-04-03,22:00-23:00,49
红太阳超市,2019-04-04,07:00-08:00,0
红太阳超市,2019-04-04,08:00-09:00,12
红太阳超市,2019-04-04,09:00-10:00,6
红太阳超市,2019-04-04,10:00-11:00,16
红太阳超市,2019-04-04,11:00-12:00,10
红太阳超市,2019-04-04,12:00-13:00,35
红太阳超市,2019-04-04,13:00-14:00,54
红太阳超市,2019-04-04,14:00-15:00,31
红太阳超市,2019-04-04,15:00-16:00,20
红太阳超市,2019-04-04,16:00-17:00,29
红太阳超市,2019-04-04,17:00-18:00,14
红太阳超市,2019-04-04,18:00-19:00,47
红太阳超市,2019-04-04,19:00-20:00,56
红太阳超市,2019-04-04,20:00-21:00,34
红太阳超市,2019-04-04,21:00-22:00,11
红太阳超市,2019-04-04,22:00-23:00,41
红太阳超市,2019-04-05,07:00-08:00,13
红太阳超市,2019-04-05,08:00-09:00,19
红太阳超市,2019-04-05,09:00-10:00,16
红太阳超市,2019-04-05,10:00-11:00,13
红太阳超市,2019-04-05,11:00-12:00,47
红太阳超市,2019-04-05,12:00-13:00,90
红太阳超市,2019-04-05,13:00-14:00,19
红太阳超市,2019-04-05,14:00-15:00,16
红太阳超市,2019-04-05,15:00-16:00,10
红太阳超市,2019-04-05,16:00-17:00,16
红太阳超市,2019-04-05,17:00-18:00,32
红太阳超市,2019-04-05,18:00-19:00,64
红太阳超市,2019-04-05,19:00-20:00,38
红太阳超市,2019-04-05,20:00-21:00,22
红太阳超市,2019-04-05,21:00-22:00,21
红太阳超市,2019-04-05,22:00-23:00,24
红太阳超市,2019-04-06,07:00-08:00,5
红太阳超市,2019-04-06,08:00-09:00,5
红太阳超市,2019-04-06,09:00-10:00,14
红太阳超市,2019-04-06,10:00-11:00,11
红太阳超市,2019-04-06,11:00-12:00,26
红太阳超市,2019-04-06,12:00-13:00,38
红太阳超市,2019-04-06,13:00-14:00,16
红太阳超市,2019-04-06,14:00-15:00,12
红太阳超市,2019-04-06,15:00-16:00,12
红太阳超市,2019-04-06,16:00-17:00,8
红太阳超市,2019-04-06,17:00-18:00,34
红太阳超市,2019-04-06,18:00-19:00,42
红太阳超市,2019-04-06,19:00-20:00,23
红太阳超市,2019-04-06,20:00-21:00,12
红太阳超市,2019-04-06,21:00-22:00,25
红太阳超市,2019-04-06,22:00-23:00,31
红太阳超市,2019-04-07,07:00-08:00,2
红太阳超市,2019-04-07,08:00-09:00,5
红太阳超市,2019-04-07,09:00-10:00,18
红太阳超市,2019-04-07,10:00-11:00,11
红太阳超市,2019-04-07,11:00-12:00,29
红太阳超市,2019-04-07,12:00-13:00,60
红太阳超市,2019-04-07,13:00-14:00,16
红太阳超市,2019-04-07,14:00-15:00,12
红太阳超市,2019-04-07,15:00-16:00,9
红太阳超市,2019-04-07,16:00-17:00,20
红太阳超市,2019-04-07,17:00-18:00,21
红太阳超市,2019-04-07,18:00-19:00,25
红太阳超市,2019-04-07,19:00-20:00,27
红太阳超市,2019-04-07,20:00-21:00,14
红太阳超市,2019-04-07,21:00-22:00,21
红太阳超市,2019-04-07,22:00-23:00,27
红太阳超市,2019-04-08,07:00-08:00,0
红太阳超市,2019-04-08,08:00-09:00,15
红太阳超市,2019-04-08,09:00-10:00,24
红太阳超市,2019-04-08,10:00-11:00,24
红太阳超市,2019-04-08,11:00-12:00,43
红太阳超市,2019-04-08,12:00-13:00,48
红太阳超市,2019-04-08,13:00-14:00,14
红太阳超市,2019-04-08,14:00-15:00,23
红太阳超市,2019-04-08,15:00-16:00,9
红太阳超市,2019-04-08,16:00-17:00,67
红太阳超市,2019-04-08,17:00-18:00,53
红太阳超市,2019-04-08,18:00-19:00,72
红太阳超市,2019-04-08,19:00-20:00,45
红太阳超市,2019-04-08,20:00-21:00,21
红太阳超市,2019-04-08,21:00-22:00,56
红太阳超市,2019-04-08,22:00-23:00,38
红太阳超市,2019-04-09,07:00-08:00,32
红太阳超市,2019-04-09,08:00-09:00,3
红太阳超市,2019-04-09,09:00-10:00,18
红太阳超市,2019-04-09,10:00-11:00,15
红太阳超市,2019-04-09,11:00-12:00,28
红太阳超市,2019-04-09,12:00-13:00,27
红太阳超市,2019-04-09,13:00-14:00,8
红太阳超市,2019-04-09,14:00-15:00,24
红太阳超市,2019-04-09,15:00-16:00,7
红太阳超市,2019-04-09,16:00-17:00,71
红太阳超市,2019-04-09,17:00-18:00,32
红太阳超市,2019-04-09,18:00-19:00,45
红太阳超市,2019-04-09,19:00-20:00,30
红太阳超市,2019-04-09,20:00-21:00,18
红太阳超市,2019-04-09,21:00-22:00,60
红太阳超市,2019-04-09,22:00-23:00,36
红太阳超市,2019-04-10,07:00-08:00,18
红太阳超市,2019-04-10,08:00-09:00,8
红太阳超市,2019-04-10,09:00-10:00,13
红太阳超市,2019-04-10,10:00-11:00,8
红太阳超市,2019-04-10,11:00-12:00,37
红太阳超市,2019-04-10,12:00-13:00,52
红太阳超市,2019-04-10,13:00-14:00,18
红太阳超市,2019-04-10,14:00-15:00,23
红太阳超市,2019-04-10,15:00-16:00,15
红太阳超市,2019-04-10,16:00-17:00,49
红太阳超市,2019-04-10,17:00-18:00,26
红太阳超市,2019-04-10,18:00-19:00,64
红太阳超市,2019-04-10,19:00-20:00,23
红太阳超市,2019-04-10,20:00-21:00,14
红太阳超市,2019-04-10,21:00-22:00,76
红太阳超市,2019-04-10,22:00-23:00,21
红太阳超市,2019-04-11,07:00-08:00,21
红太阳超市,2019-04-11,08:00-09:00,4
红太阳超市,2019-04-11,09:00-10:00,26
红太阳超市,2019-04-11,10:00-11:00,5
红太阳超市,2019-04-11,11:00-12:00,27
红太阳超市,2019-04-11,12:00-13:00,43
红太阳超市,2019-04-11,13:00-14:00,12
红太阳超市,2019-04-11,14:00-15:00,28
红太阳超市,2019-04-11,15:00-16:00,19
红太阳超市,2019-04-11,16:00-17:00,48
红太阳超市,2019-04-11,17:00-18:00,44
红太阳超市,2019-04-11,18:00-19:00,59
红太阳超市,2019-04-11,19:00-20:00,28
红太阳超市,2019-04-11,20:00-21:00,17
红太阳超市,2019-04-11,21:00-22:00,46
红太阳超市,2019-04-11,22:00-23:00,35
红太阳超市,2019-04-12,07:00-08:00,22
红太阳超市,2019-04-12,08:00-09:00,9
红太阳超市,2019-04-12,09:00-10:00,14
红太阳超市,2019-04-12,10:00-11:00,9
红太阳超市,2019-04-12,11:00-12:00,41
红太阳超市,2019-04-12,12:00-13:00,44
红太阳超市,2019-04-12,13:00-14:00,25
红太阳超市,2019-04-12,14:00-15:00,20
红太阳超市,2019-04-12,15:00-16:00,14
红太阳超市,2019-04-12,16:00-17:00,55
红太阳超市,2019-04-12,17:00-18:00,41
红太阳超市,2019-04-12,18:00-19:00,45
红太阳超市,2019-04-12,19:00-20:00,34
红太阳超市,2019-04-12,20:00-21:00,28
红太阳超市,2019-04-12,21:00-22:00,35
红太阳超市,2019-04-12,22:00-23:00,41
红太阳超市,2019-04-13,07:00-08:00,6
红太阳超市,2019-04-13,08:00-09:00,13
红太阳超市,2019-04-13,09:00-10:00,25
红太阳超市,2019-04-13,10:00-11:00,5
红太阳超市,2019-04-13,11:00-12:00,16
红太阳超市,2019-04-13,12:00-13:00,34
红太阳超市,2019-04-13,13:00-14:00,11
红太阳超市,2019-04-13,14:00-15:00,13
红太阳超市,2019-04-13,15:00-16:00,18
红太阳超市,2019-04-13,16:00-17:00,11
红太阳超市,2019-04-13,17:00-18:00,41
红太阳超市,2019-04-13,18:00-19:00,41
红太阳超市,2019-04-13,19:00-20:00,32
红太阳超市,2019-04-13,20:00-21:00,16
红太阳超市,2019-04-13,21:00-22:00,17
红太阳超市,2019-04-13,22:00-23:00,25
红太阳超市,2019-04-14,07:00-08:00,5
红太阳超市,2019-04-14,08:00-09:00,7
红太阳超市,2019-04-14,09:00-10:00,3
红太阳超市,2019-04-14,10:00-11:00,12
红太阳超市,2019-04-14,11:00-12:00,26
红太阳超市,2019-04-14,12:00-13:00,48
红太阳超市,2019-04-14,13:00-14:00,13
红太阳超市,2019-04-14,14:00-15:00,13
红太阳超市,2019-04-14,15:00-16:00,19
红太阳超市,2019-04-14,16:00-17:00,17
红太阳超市,2019-04-14,17:00-18:00,40
红太阳超市,2019-04-14,18:00-19:00,36
红太阳超市,2019-04-14,19:00-20:00,27
红太阳超市,2019-04-14,20:00-21:00,19
红太阳超市,2019-04-14,21:00-22:00,39
红太阳超市,2019-04-14,22:00-23:00,42
红太阳超市,2019-04-15,07:00-08:00,9
红太阳超市,2019-04-15,08:00-09:00,3
红太阳超市,2019-04-15,09:00-10:00,22
红太阳超市,2019-04-15,10:00-11:00,11
红太阳超市,2019-04-15,11:00-12:00,51
红太阳超市,2019-04-15,12:00-13:00,39
红太阳超市,2019-04-15,13:00-14:00,15
红太阳超市,2019-04-15,14:00-15:00,26
红太阳超市,2019-04-15,15:00-16:00,9
红太阳超市,2019-04-15,16:00-17:00,102
红太阳超市,2019-04-15,17:00-18:00,42
红太阳超市,2019-04-15,18:00-19:00,67
红太阳超市,2019-04-15,19:00-20:00,42
红太阳超市,2019-04-15,20:00-21:00,16
红太阳超市,2019-04-15,21:00-22:00,67
红太阳超市,2019-04-15,22:00-23:00,27
红太阳超市,2019-04-16,07:00-08:00,28
红太阳超市,2019-04-16,08:00-09:00,7
红太阳超市,2019-04-16,09:00-10:00,25
红太阳超市,2019-04-16,10:00-11:00,7
红太阳超市,2019-04-16,11:00-12:00,49
红太阳超市,2019-04-16,12:00-13:00,55
红太阳超市,2019-04-16,13:00-14:00,25
红太阳超市,2019-04-16,14:00-15:00,28
红太阳超市,2019-04-16,15:00-16:00,11
红太阳超市,2019-04-16,16:00-17:00,125
红太阳超市,2019-04-16,17:00-18:00,44
红太阳超市,2019-04-16,18:00-19:00,56
红太阳超市,2019-04-16,19:00-20:00,32
红太阳超市,2019-04-16,20:00-21:00,16
红太阳超市,2019-04-16,21:00-22:00,51
红太阳超市,2019-04-16,22:00-23:00,50
红太阳超市,2019-04-17,07:00-08:00,18
红太阳超市,2019-04-17,08:00-09:00,11
红太阳超市,2019-04-17,09:00-10:00,20
红太阳超市,2019-04-17,10:00-11:00,9
红太阳超市,2019-04-17,11:00-12:00,44
红太阳超市,2019-04-17,12:00-13:00,67
红太阳超市,2019-04-17,13:00-14:00,26
红太阳超市,2019-04-17,14:00-15:00,34
红太阳超市,2019-04-17,15:00-16:00,15
红太阳超市,2019-04-17,16:00-17:00,61
红太阳超市,2019-04-17,17:00-18:00,40
红太阳超市,2019-04-17,18:00-19:00,38
红太阳超市,2019-04-17,19:00-20:00,27
红太阳超市,2019-04-17,20:00-21:00,22
红太阳超市,2019-04-17,21:00-22:00,65
红太阳超市,2019-04-17,22:00-23:00,27
红太阳超市,2019-04-18,07:00-08:00,18
红太阳超市,2019-04-18,08:00-09:00,7
红太阳超市,2019-04-18,09:00-10:00,21
红太阳超市,2019-04-18,10:00-11:00,22
红太阳超市,2019-04-18,11:00-12:00,34
红太阳超市,2019-04-18,12:00-13:00,25
红太阳超市,2019-04-18,13:00-14:00,16
红太阳超市,2019-04-18,14:00-15:00,24
红太阳超市,2019-04-18,15:00-16:00,18
红太阳超市,2019-04-18,16:00-17:00,28
红太阳超市,2019-04-18,17:00-18:00,43
红太阳超市,2019-04-18,18:00-19:00,42
红太阳超市,2019-04-18,19:00-20:00,34
红太阳超市,2019-04-18,20:00-21:00,29
红太阳超市,2019-04-18,21:00-22:00,54
红太阳超市,2019-04-18,22:00-23:00,59
红太阳超市,2019-04-19,07:00-08:00,15
红太阳超市,2019-04-19,08:00-09:00,14
红太阳超市,2019-04-19,09:00-10:00,24
红太阳超市,2019-04-19,10:00-11:00,15
红太阳超市,2019-04-19,11:00-12:00,44
红太阳超市,2019-04-19,12:00-13:00,57
红太阳超市,2019-04-19,13:00-14:00,21
红太阳超市,2019-04-19,14:00-15:00,22
红太阳超市,2019-04-19,15:00-16:00,12
红太阳超市,2019-04-19,16:00-17:00,58
红太阳超市,2019-04-19,17:00-18:00,44
红太阳超市,2019-04-19,18:00-19:00,55
红太阳超市,2019-04-19,19:00-20:00,41
红太阳超市,2019-04-19,20:00-21:00,16
红太阳超市,2019-04-19,21:00-22:00,30
红太阳超市,2019-04-19,22:00-23:00,41
红太阳超市,2019-04-20,07:00-08:00,11
红太阳超市,2019-04-20,08:00-09:00,7
红太阳超市,2019-04-20,09:00-10:00,16
红太阳超市,2019-04-20,10:00-11:00,17
红太阳超市,2019-04-20,11:00-12:00,24
红太阳超市,2019-04-20,12:00-13:00,34
红太阳超市,2019-04-20,13:00-14:00,17
红太阳超市,2019-04-20,14:00-15:00,12
红太阳超市,2019-04-20,15:00-16:00,17
红太阳超市,2019-04-20,16:00-17:00,12
红太阳超市,2019-04-20,17:00-18:00,20
红太阳超市,2019-04-20,18:00-19:00,33
红太阳超市,2019-04-20,19:00-20:00,32
红太阳超市,2019-04-20,20:00-21:00,14
红太阳超市,2019-04-20,21:00-22:00,35
红太阳超市,2019-04-20,22:00-23:00,28
红太阳超市,2019-04-21,07:00-08:00,2
红太阳超市,2019-04-21,08:00-09:00,7
红太阳超市,2019-04-21,09:00-10:00,7
红太阳超市,2019-04-21,10:00-11:00,9
红太阳超市,2019-04-21,11:00-12:00,24
红太阳超市,2019-04-21,12:00-13:00,43
红太阳超市,2019-04-21,13:00-14:00,18
红太阳超市,2019-04-21,14:00-15:00,15
红太阳超市,2019-04-21,15:00-16:00,11
红太阳超市,2019-04-21,16:00-17:00,12
红太阳超市,2019-04-21,17:00-18:00,24
红太阳超市,2019-04-21,18:00-19:00,49
红太阳超市,2019-04-21,19:00-20:00,34
红太阳超市,2019-04-21,20:00-21:00,16
红太阳超市,2019-04-21,21:00-22:00,22
红太阳超市,2019-04-21,22:00-23:00,15
红太阳超市,2019-04-22,07:00-08:00,16
红太阳超市,2019-04-22,08:00-09:00,1
红太阳超市,2019-04-22,09:00-10:00,22
红太阳超市,2019-04-22,10:00-11:00,14
红太阳超市,2019-04-22,11:00-12:00,36
红太阳超市,2019-04-22,12:00-13:00,34
红太阳超市,2019-04-22,13:00-14:00,8
红太阳超市,2019-04-22,14:00-15:00,18
红太阳超市,2019-04-22,15:00-16:00,14
红太阳超市,2019-04-22,16:00-17:00,71
红太阳超市,2019-04-22,17:00-18:00,34
红太阳超市,2019-04-22,18:00-19:00,48
红太阳超市,2019-04-22,19:00-20:00,31
红太阳超市,2019-04-22,20:00-21:00,30
红太阳超市,2019-04-22,21:00-22:00,54
红太阳超市,2019-04-22,22:00-23:00,47
红太阳超市,2019-04-23,07:00-08:00,24
红太阳超市,2019-04-23,08:00-09:00,3
红太阳超市,2019-04-23,09:00-10:00,20
红太阳超市,2019-04-23,10:00-11:00,13
红太阳超市,2019-04-23,11:00-12:00,41
红太阳超市,2019-04-23,12:00-13:00,26
红太阳超市,2019-04-23,13:00-14:00,13
红太阳超市,2019-04-23,14:00-15:00,17
红太阳超市,2019-04-23,15:00-16:00,8
红太阳超市,2019-04-23,16:00-17:00,49
红太阳超市,2019-04-23,17:00-18:00,29
红太阳超市,2019-04-23,18:00-19:00,57
红太阳超市,2019-04-23,19:00-20:00,24
红太阳超市,2019-04-23,20:00-21:00,8
红太阳超市,2019-04-23,21:00-22:00,31
红太阳超市,2019-04-23,22:00-23:00,27
红太阳超市,2019-04-24,07:00-08:00,12
红太阳超市,2019-04-24,08:00-09:00,6
红太阳超市,2019-04-24,09:00-10:00,18
红太阳超市,2019-04-24,10:00-11:00,10
红太阳超市,2019-04-24,11:00-12:00,34
红太阳超市,2019-04-24,12:00-13:00,46
红太阳超市,2019-04-24,13:00-14:00,10
红太阳超市,2019-04-24,14:00-15:00,18
红太阳超市,2019-04-24,15:00-16:00,22
红太阳超市,2019-04-24,16:00-17:00,57
红太阳超市,2019-04-24,17:00-18:00,22
红太阳超市,2019-04-24,18:00-19:00,36
红太阳超市,2019-04-24,19:00-20:00,29
红太阳超市,2019-04-24,20:00-21:00,17
红太阳超市,2019-04-24,21:00-22:00,74
红太阳超市,2019-04-24,22:00-23:00,27
红太阳超市,2019-04-25,07:00-08:00,10
红太阳超市,2019-04-25,08:00-09:00,10
红太阳超市,2019-04-25,09:00-10:00,24
红太阳超市,2019-04-25,10:00-11:00,22
红太阳超市,2019-04-25,11:00-12:00,36
红太阳超市,2019-04-25,12:00-13:00,62
红太阳超市,2019-04-25,13:00-14:00,12
红太阳超市,2019-04-25,14:00-15:00,24
红太阳超市,2019-04-25,15:00-16:00,17
红太阳超市,2019-04-25,16:00-17:00,45
红太阳超市,2019-04-25,17:00-18:00,45
红太阳超市,2019-04-25,18:00-19:00,52
红太阳超市,2019-04-25,19:00-20:00,25
红太阳超市,2019-04-25,20:00-21:00,22
红太阳超市,2019-04-25,21:00-22:00,36
红太阳超市,2019-04-25,22:00-23:00,27
红太阳超市,2019-04-26,07:00-08:00,7
红太阳超市,2019-04-26,08:00-09:00,6
红太阳超市,2019-04-26,09:00-10:00,18
红太阳超市,2019-04-26,10:00-11:00,15
红太阳超市,2019-04-26,11:00-12:00,31
红太阳超市,2019-04-26,12:00-13:00,35
红太阳超市,2019-04-26,13:00-14:00,18
红太阳超市,2019-04-26,14:00-15:00,19
红太阳超市,2019-04-26,15:00-16:00,25
红太阳超市,2019-04-26,16:00-17:00,60
红太阳超市,2019-04-26,17:00-18:00,29
红太阳超市,2019-04-26,18:00-19:00,25
红太阳超市,2019-04-26,19:00-20:00,40
红太阳超市,2019-04-26,20:00-21:00,23
红太阳超市,2019-04-26,21:00-22:00,20
红太阳超市,2019-04-26,22:00-23:00,41
红太阳超市,2019-04-27,07:00-08:00,6
红太阳超市,2019-04-27,08:00-09:00,2
红太阳超市,2019-04-27,09:00-10:00,13
红太阳超市,2019-04-27,10:00-11:00,8
红太阳超市,2019-04-27,11:00-12:00,25
红太阳超市,2019-04-27,12:00-13:00,45
红太阳超市,2019-04-27,13:00-14:00,12
红太阳超市,2019-04-27,14:00-15:00,10
红太阳超市,2019-04-27,15:00-16:00,7
红太阳超市,2019-04-27,16:00-17:00,13
红太阳超市,2019-04-27,17:00-18:00,19
红太阳超市,2019-04-27,18:00-19:00,38
红太阳超市,2019-04-27,19:00-20:00,38
红太阳超市,2019-04-27,20:00-21:00,14
红太阳超市,2019-04-27,21:00-22:00,14
红太阳超市,2019-04-27,22:00-23:00,27
红太阳超市,2019-04-28,07:00-08:00,0
红太阳超市,2019-04-28,08:00-09:00,0
红太阳超市,2019-04-28,09:00-10:00,0
红太阳超市,2019-04-28,10:00-11:00,0
红太阳超市,2019-04-28,11:00-12:00,0
红太阳超市,2019-04-28,12:00-13:00,0
红太阳超市,2019-04-28,13:00-14:00,0
红太阳超市,2019-04-28,14:00-15:00,0
红太阳超市,2019-04-28,15:00-16:00,0
红太阳超市,2019-04-28,16:00-17:00,0
红太阳超市,2019-04-28,17:00-18:00,0
红太阳超市,2019-04-28,18:00-19:00,0
红太阳超市,2019-04-28,19:00-20:00,0
红太阳超市,2019-04-28,20:00-21:00,0
红太阳超市,2019-04-28,21:00-22:00,0
红太阳超市,2019-04-28,22:00-23:00,0
红太阳超市,2019-04-29,07:00-08:00,0
红太阳超市,2019-04-29,08:00-09:00,2
红太阳超市,2019-04-29,09:00-10:00,13
红太阳超市,2019-04-29,10:00-11:00,9
红太阳超市,2019-04-29,11:00-12:00,6
红太阳超市,2019-04-29,12:00-13:00,19
红太阳超市,2019-04-29,13:00-14:00,39
红太阳超市,2019-04-29,14:00-15:00,18
红太阳超市,2019-04-29,15:00-16:00,13
红太阳超市,2019-04-29,16:00-17:00,14
红太阳超市,2019-04-29,17:00-18:00,6
红太阳超市,2019-04-29,18:00-19:00,28
红太阳超市,2019-04-29,19:00-20:00,55
红太阳超市,2019-04-29,20:00-21:00,38
红太阳超市,2019-04-29,21:00-22:00,27
红太阳超市,2019-04-29,22:00-23:00,26
红太阳超市,2019-04-30,07:00-08:00,0
红太阳超市,2019-04-30,08:00-09:00,3
红太阳超市,2019-04-30,09:00-10:00,24
红太阳超市,2019-04-30,10:00-11:00,5
红太阳超市,2019-04-30,11:00-12:00,11
红太阳超市,2019-04-30,12:00-13:00,42
红太阳超市,2019-04-30,13:00-14:00,40
红太阳超市,2019-04-30,14:00-15:00,8
红太阳超市,2019-04-30,15:00-16:00,24
红太阳超市,2019-04-30,16:00-17:00,21
红太阳超市,2019-04-30,17:00-18:00,13
红太阳超市,2019-04-30,18:00-19:00,43
红太阳超市,2019-04-30,19:00-20:00,69
红太阳超市,2019-04-30,20:00-21:00,50
红太阳超市,2019-04-30,21:00-22:00,20
红太阳超市,2019-04-30,22:00-23:00,34
第四食堂,2019-04-01,07:00-08:00,0
第四食堂,2019-04-01,08:00-09:00,0
第四食堂,2019-04-01,09:00-10:00,7
第四食堂,2019-04-01,10:00-11:00,29
第四食堂,2019-04-01,11:00-12:00,801
第四食堂,2019-04-01,12:00-13:00,450
第四食堂,2019-04-01,13:00-14:00,27
第四食堂,2019-04-01,14:00-15:00,6
第四食堂,2019-04-01,15:00-16:00,0
第四食堂,2019-04-01,16:00-17:00,101
第四食堂,2019-04-01,17:00-18:00,221
第四食堂,2019-04-01,18:00-19:00,465
第四食堂,2019-04-01,19:00-20:00,156
第四食堂,2019-04-01,20:00-21:00,10
第四食堂,2019-04-01,21:00-22:00,6
第四食堂,2019-04-01,22:00-23:00,1
第四食堂,2019-04-02,07:00-08:00,0
第四食堂,2019-04-02,08:00-09:00,0
第四食堂,2019-04-02,09:00-10:00,8
第四食堂,2019-04-02,10:00-11:00,38
第四食堂,2019-04-02,11:00-12:00,969
第四食堂,2019-04-02,12:00-13:00,423
第四食堂,2019-04-02,13:00-14:00,18
第四食堂,2019-04-02,14:00-15:00,4
第四食堂,2019-04-02,15:00-16:00,11
第四食堂,2019-04-02,16:00-17:00,104
第四食堂,2019-04-02,17:00-18:00,289
第四食堂,2019-04-02,18:00-19:00,609
第四食堂,2019-04-02,19:00-20:00,202
第四食堂,2019-04-02,20:00-21:00,36
第四食堂,2019-04-02,21:00-22:00,26
第四食堂,2019-04-02,22:00-23:00,10
第四食堂,2019-04-03,07:00-08:00,0
第四食堂,2019-04-03,08:00-09:00,0
第四食堂,2019-04-03,09:00-10:00,0
第四食堂,2019-04-03,10:00-11:00,0
第四食堂,2019-04-03,11:00-12:00,67
第四食堂,2019-04-03,12:00-13:00,754
第四食堂,2019-04-03,13:00-14:00,352
第四食堂,2019-04-03,14:00-15:00,29
第四食堂,2019-04-03,15:00-16:00,13
第四食堂,2019-04-03,16:00-17:00,123
第四食堂,2019-04-03,17:00-18:00,485
第四食堂,2019-04-03,18:00-19:00,611
第四食堂,2019-04-03,19:00-20:00,120
第四食堂,2019-04-03,20:00-21:00,7
第四食堂,2019-04-03,21:00-22:00,11
第四食堂,2019-04-03,22:00-23:00,6
第四食堂,2019-04-04,07:00-08:00,0
第四食堂,2019-04-04,08:00-09:00,0
第四食堂,2019-04-04,09:00-10:00,11
第四食堂,2019-04-04,10:00-11:00,41
第四食堂,2019-04-04,11:00-12:00,877
第四食堂,2019-04-04,12:00-13:00,501
第四食堂,2019-04-04,13:00-14:00,139
第四食堂,2019-04-04,14:00-15:00,14
第四食堂,2019-04-04,15:00-16:00,7
第四食堂,2019-04-04,16:00-17:00,81
第四食堂,2019-04-04,17:00-18:00,556
第四食堂,2019-04-04,18:00-19:00,462
第四食堂,2019-04-04,19:00-20:00,151
第四食堂,2019-04-04,20:00-21:00,6
第四食堂,2019-04-04,21:00-22:00,14
第四食堂,2019-04-04,22:00-23:00,13
第四食堂,2019-04-05,07:00-08:00,0
第四食堂,2019-04-05,08:00-09:00,0
第四食堂,2019-04-05,09:00-10:00,0
第四食堂,2019-04-05,10:00-11:00,0
第四食堂,2019-04-05,11:00-12:00,0
第四食堂,2019-04-05,12:00-13:00,0
第四食堂,2019-04-05,13:00-14:00,0
第四食堂,2019-04-05,14:00-15:00,0
第四食堂,2019-04-05,15:00-16:00,0
第四食堂,2019-04-05,16:00-17:00,0
第四食堂,2019-04-05,17:00-18:00,0
第四食堂,2019-04-05,18:00-19:00,0
第四食堂,2019-04-05,19:00-20:00,0
第四食堂,2019-04-05,20:00-21:00,0
第四食堂,2019-04-05,21:00-22:00,0
第四食堂,2019-04-05,22:00-23:00,0
第四食堂,2019-04-06,07:00-08:00,0
第四食堂,2019-04-06,08:00-09:00,0
第四食堂,2019-04-06,09:00-10:00,0
第四食堂,2019-04-06,10:00-11:00,0
第四食堂,2019-04-06,11:00-12:00,0
第四食堂,2019-04-06,12:00-13:00,0
第四食堂,2019-04-06,13:00-14:00,0
第四食堂,2019-04-06,14:00-15:00,0
第四食堂,2019-04-06,15:00-16:00,0
第四食堂,2019-04-06,16:00-17:00,0
第四食堂,2019-04-06,17:00-18:00,0
第四食堂,2019-04-06,18:00-19:00,0
第四食堂,2019-04-06,19:00-20:00,0
第四食堂,2019-04-06,20:00-21:00,0
第四食堂,2019-04-06,21:00-22:00,0
第四食堂,2019-04-06,22:00-23:00,0
第四食堂,2019-04-07,07:00-08:00,0
第四食堂,2019-04-07,08:00-09:00,0
第四食堂,2019-04-07,09:00-10:00,0
第四食堂,2019-04-07,10:00-11:00,0
第四食堂,2019-04-07,11:00-12:00,0
第四食堂,2019-04-07,12:00-13:00,0
第四食堂,2019-04-07,13:00-14:00,1
第四食堂,2019-04-07,14:00-15:00,12
第四食堂,2019-04-07,15:00-16:00,1
第四食堂,2019-04-07,16:00-17:00,8
第四食堂,2019-04-07,17:00-18:00,40
第四食堂,2019-04-07,18:00-19:00,189
第四食堂,2019-04-07,19:00-20:00,226
第四食堂,2019-04-07,20:00-21:00,62
第四食堂,2019-04-07,21:00-22:00,17
第四食堂,2019-04-07,22:00-23:00,0
第四食堂,2019-04-08,07:00-08:00,0
第四食堂,2019-04-08,08:00-09:00,0
第四食堂,2019-04-08,09:00-10:00,8
第四食堂,2019-04-08,10:00-11:00,16
第四食堂,2019-04-08,11:00-12:00,895
第四食堂,2019-04-08,12:00-13:00,568
第四食堂,2019-04-08,13:00-14:00,25
第四食堂,2019-04-08,14:00-15:00,0
第四食堂,2019-04-08,15:00-16:00,25
第四食堂,2019-04-08,16:00-17:00,155
第四食堂,2019-04-08,17:00-18:00,311
第四食堂,2019-04-08,18:00-19:00,687
第四食堂,2019-04-08,19:00-20:00,170
第四食堂,2019-04-08,20:00-21:00,12
第四食堂,2019-04-08,21:00-22:00,13
第四食堂,2019-04-08,22:00-23:00,2
第四食堂,2019-04-09,07:00-08:00,0
第四食堂,2019-04-09,08:00-09:00,0
第四食堂,2019-04-09,09:00-10:00,3
第四食堂,2019-04-09,10:00-11:00,25
第四食堂,2019-04-09,11:00-12:00,937
第四食堂,2019-04-09,12:00-13:00,462
第四食堂,2019-04-09,13:00-14:00,24
第四食堂,2019-04-09,14:00-15:00,1
第四食堂,2019-04-09,15:00-16:00,2
第四食堂,2019-04-09,16:00-17:00,164
第四食堂,2019-04-09,17:00-18:00,391
第四食堂,2019-04-09,18:00-19:00,582
第四食堂,2019-04-09,19:00-20:00,89
第四食堂,2019-04-09,20:00-21:00,11
第四食堂,2019-04-09,21:00-22:00,7
第四食堂,2019-04-09,22:00-23:00,6
第四食堂,2019-04-10,07:00-08:00,0
第四食堂,2019-04-10,08:00-09:00,0
第四食堂,2019-04-10,09:00-10:00,4
第四食堂,2019-04-10,10:00-11:00,16
第四食堂,2019-04-10,11:00-12:00,902
第四食堂,2019-04-10,12:00-13:00,538
第四食堂,2019-04-10,13:00-14:00,35
第四食堂,2019-04-10,14:00-15:00,0
第四食堂,2019-04-10,15:00-16:00,84
第四食堂,2019-04-10,16:00-17:00,172
第四食堂,2019-04-10,17:00-18:00,362
第四食堂,2019-04-10,18:00-19:00,616
第四食堂,2019-04-10,19:00-20:00,155
第四食堂,2019-04-10,20:00-21:00,9
第四食堂,2019-04-10,21:00-22:00,34
第四食堂,2019-04-10,22:00-23:00,5
第四食堂,2019-04-11,07:00-08:00,0
第四食堂,2019-04-11,08:00-09:00,0
第四食堂,2019-04-11,09:00-10:00,8
第四食堂,2019-04-11,10:00-11:00,10
第四食堂,2019-04-11,11:00-12:00,899
第四食堂,2019-04-11,12:00-13:00,578
第四食堂,2019-04-11,13:00-14:00,41
第四食堂,2019-04-11,14:00-15:00,8
第四食堂,2019-04-11,15:00-16:00,14
第四食堂,2019-04-11,16:00-17:00,72
第四食堂,2019-04-11,17:00-18:00,480
第四食堂,2019-04-11,18:00-19:00,525
第四食堂,2019-04-11,19:00-20:00,162
第四食堂,2019-04-11,20:00-21:00,18
第四食堂,2019-04-11,21:00-22:00,6
第四食堂,2019-04-11,22:00-23:00,6
第四食堂,2019-04-12,07:00-08:00,0
第四食堂,2019-04-12,08:00-09:00,0
第四食堂,2019-04-12,09:00-10:00,5
第四食堂,2019-04-12,10:00-11:00,11
第四食堂,2019-04-12,11:00-12:00,790
第四食堂,2019-04-12,12:00-13:00,519
第四食堂,2019-04-12,13:00-14:00,49
第四食堂,2019-04-12,14:00-15:00,0
第四食堂,2019-04-12,15:00-16:00,23
第四食堂,2019-04-12,16:00-17:00,139
第四食堂,2019-04-12,17:00-18:00,270
第四食堂,2019-04-12,18:00-19:00,458
第四食堂,2019-04-12,19:00-20:00,147
第四食堂,2019-04-12,20:00-21:00,31
第四食堂,2019-04-12,21:00-22:00,7
第四食堂,2019-04-12,22:00-23:00,5
第四食堂,2019-04-13,07:00-08:00,0
第四食堂,2019-04-13,08:00-09:00,0
第四食堂,2019-04-13,09:00-10:00,0
第四食堂,2019-04-13,10:00-11:00,36
第四食堂,2019-04-13,11:00-12:00,313
第四食堂,2019-04-13,12:00-13:00,338
第四食堂,2019-04-13,13:00-14:00,46
第四食堂,2019-04-13,14:00-15:00,15
第四食堂,2019-04-13,15:00-16:00,6
第四食堂,2019-04-13,16:00-17:00,26
第四食堂,2019-04-13,17:00-18:00,323
第四食堂,2019-04-13,18:00-19:00,327
第四食堂,2019-04-13,19:00-20:00,88
第四食堂,2019-04-13,20:00-21:00,9
第四食堂,2019-04-13,21:00-22:00,7
第四食堂,2019-04-13,22:00-23:00,5
第四食堂,2019-04-14,07:00-08:00,0
第四食堂,2019-04-14,08:00-09:00,0
第四食堂,2019-04-14,09:00-10:00,0
第四食堂,2019-04-14,10:00-11:00,17
第四食堂,2019-04-14,11:00-12:00,382
第四食堂,2019-04-14,12:00-13:00,322
第四食堂,2019-04-14,13:00-14:00,65
第四食堂,2019-04-14,14:00-15:00,3
第四食堂,2019-04-14,15:00-16:00,7
第四食堂,2019-04-14,16:00-17:00,18
第四食堂,2019-04-14,17:00-18:00,240
第四食堂,2019-04-14,18:00-19:00,411
第四食堂,2019-04-14,19:00-20:00,188
第四食堂,2019-04-14,20:00-21:00,33
第四食堂,2019-04-14,21:00-22:00,6
第四食堂,2019-04-14,22:00-23:00,3
第四食堂,2019-04-15,07:00-08:00,0
第四食堂,2019-04-15,08:00-09:00,0
第四食堂,2019-04-15,09:00-10:00,10
第四食堂,2019-04-15,10:00-11:00,25
第四食堂,2019-04-15,11:00-12:00,882
第四食堂,2019-04-15,12:00-13:00,537
第四食堂,2019-04-15,13:00-14:00,27
第四食堂,2019-04-15,14:00-15:00,0
第四食堂,2019-04-15,15:00-16:00,11
第四食堂,2019-04-15,16:00-17:00,164
第四食堂,2019-04-15,17:00-18:00,327
第四食堂,2019-04-15,18:00-19:00,593
第四食堂,2019-04-15,19:00-20:00,210
第四食堂,2019-04-15,20:00-21:00,6
第四食堂,2019-04-15,21:00-22:00,11
第四食堂,2019-04-15,22:00-23:00,3
第四食堂,2019-04-16,07:00-08:00,0
第四食堂,2019-04-16,08:00-09:00,1
第四食堂,2019-04-16,09:00-10:00,10
第四食堂,2019-04-16,10:00-11:00,28
第四食堂,2019-04-16,11:00-12:00,1019
第四食堂,2019-04-16,12:00-13:00,473
第四食堂,2019-04-16,13:00-14:00,27
第四食堂,2019-04-16,14:00-15:00,5
第四食堂,2019-04-16,15:00-16:00,1
第四食堂,2019-04-16,16:00-17:00,162
第四食堂,2019-04-16,17:00-18:00,313
第四食堂,2019-04-16,18:00-19:00,671
第四食堂,2019-04-16,19:00-20:00,173
第四食堂,2019-04-16,20:00-21:00,22
第四食堂,2019-04-16,21:00-22:00,23
第四食堂,2019-04-16,22:00-23:00,4
第四食堂,2019-04-17,07:00-08:00,0
第四食堂,2019-04-17,08:00-09:00,1
第四食堂,2019-04-17,09:00-10:00,5
第四食堂,2019-04-17,10:00-11:00,31
第四食堂,2019-04-17,11:00-12:00,999
第四食堂,2019-04-17,12:00-13:00,434
第四食堂,2019-04-17,13:00-14:00,36
第四食堂,2019-04-17,14:00-15:00,0
第四食堂,2019-04-17,15:00-16:00,5
第四食堂,2019-04-17,16:00-17:00,144
第四食堂,2019-04-17,17:00-18:00,391
第四食堂,2019-04-17,18:00-19:00,481
第四食堂,2019-04-17,19:00-20:00,109
第四食堂,2019-04-17,20:00-21:00,10
第四食堂,2019-04-17,21:00-22:00,15
第四食堂,2019-04-17,22:00-23:00,3
第四食堂,2019-04-18,07:00-08:00,0
第四食堂,2019-04-18,08:00-09:00,0
第四食堂,2019-04-18,09:00-10:00,8
第四食堂,2019-04-18,10:00-11:00,39
第四食堂,2019-04-18,11:00-12:00,922
第四食堂,2019-04-18,12:00-13:00,425
第四食堂,2019-04-18,13:00-14:00,52
第四食堂,2019-04-18,14:00-15:00,11
第四食堂,2019-04-18,15:00-16:00,10
第四食堂,2019-04-18,16:00-17:00,60
第四食堂,2019-04-18,17:00-18:00,471
第四食堂,2019-04-18,18:00-19:00,458
第四食堂,2019-04-18,19:00-20:00,213
第四食堂,2019-04-18,20:00-21:00,23
第四食堂,2019-04-18,21:00-22:00,12
第四食堂,2019-04-18,22:00-23:00,11
第四食堂,2019-04-19,07:00-08:00,0
第四食堂,2019-04-19,08:00-09:00,0
第四食堂,2019-04-19,09:00-10:00,4
第四食堂,2019-04-19,10:00-11:00,31
第四食堂,2019-04-19,11:00-12:00,700
第四食堂,2019-04-19,12:00-13:00,504
第四食堂,2019-04-19,13:00-14:00,31
第四食堂,2019-04-19,14:00-15:00,0
第四食堂,2019-04-19,15:00-16:00,15
第四食堂,2019-04-19,16:00-17:00,133
第四食堂,2019-04-19,17:00-18:00,274
第四食堂,2019-04-19,18:00-19:00,368
第四食堂,2019-04-19,19:00-20:00,120
第四食堂,2019-04-19,20:00-21:00,22
第四食堂,2019-04-19,21:00-22:00,16
第四食堂,2019-04-19,22:00-23:00,9
第四食堂,2019-04-20,07:00-08:00,0
第四食堂,2019-04-20,08:00-09:00,0
第四食堂,2019-04-20,09:00-10:00,4
第四食堂,2019-04-20,10:00-11:00,31
第四食堂,2019-04-20,11:00-12:00,375
第四食堂,2019-04-20,12:00-13:00,417
第四食堂,2019-04-20,13:00-14:00,57
第四食堂,2019-04-20,14:00-15:00,7
第四食堂,2019-04-20,15:00-16:00,4
第四食堂,2019-04-20,16:00-17:00,33
第四食堂,2019-04-20,17:00-18:00,231
第四食堂,2019-04-20,18:00-19:00,268
第四食堂,2019-04-20,19:00-20:00,83
第四食堂,2019-04-20,20:00-21:00,7
第四食堂,2019-04-20,21:00-22:00,7
第四食堂,2019-04-20,22:00-23:00,2
第四食堂,2019-04-21,07:00-08:00,0
第四食堂,2019-04-21,08:00-09:00,0
第四食堂,2019-04-21,09:00-10:00,2
第四食堂,2019-04-21,10:00-11:00,28
第四食堂,2019-04-21,11:00-12:00,333
第四食堂,2019-04-21,12:00-13:00,386
第四食堂,2019-04-21,13:00-14:00,49
第四食堂,2019-04-21,14:00-15:00,10
第四食堂,2019-04-21,15:00-16:00,3
第四食堂,2019-04-21,16:00-17:00,54
第四食堂,2019-04-21,17:00-18:00,266
第四食堂,2019-04-21,18:00-19:00,323
第四食堂,2019-04-21,19:00-20:00,85
第四食堂,2019-04-21,20:00-21:00,12
第四食堂,2019-04-21,21:00-22:00,7
第四食堂,2019-04-21,22:00-23:00,2
第四食堂,2019-04-22,07:00-08:00,0
第四食堂,2019-04-22,08:00-09:00,0
第四食堂,2019-04-22,09:00-10:00,10
第四食堂,2019-04-22,10:00-11:00,23
第四食堂,2019-04-22,11:00-12:00,689
第四食堂,2019-04-22,12:00-13:00,458
第四食堂,2019-04-22,13:00-14:00,27
第四食堂,2019-04-22,14:00-15:00,0
第四食堂,2019-04-22,15:00-16:00,8
第四食堂,2019-04-22,16:00-17:00,211
第四食堂,2019-04-22,17:00-18:00,345
第四食堂,2019-04-22,18:00-19:00,561
第四食堂,2019-04-22,19:00-20:00,119
第四食堂,2019-04-22,20:00-21:00,6
第四食堂,2019-04-22,21:00-22:00,12
第四食堂,2019-04-22,22:00-23:00,5
第四食堂,2019-04-23,07:00-08:00,0
第四食堂,2019-04-23,08:00-09:00,0
第四食堂,2019-04-23,09:00-10:00,10
第四食堂,2019-04-23,10:00-11:00,18
第四食堂,2019-04-23,11:00-12:00,835
第四食堂,2019-04-23,12:00-13:00,479
第四食堂,2019-04-23,13:00-14:00,34
第四食堂,2019-04-23,14:00-15:00,2
第四食堂,2019-04-23,15:00-16:00,5
第四食堂,2019-04-23,16:00-17:00,185
第四食堂,2019-04-23,17:00-18:00,334
第四食堂,2019-04-23,18:00-19:00,577
第四食堂,2019-04-23,19:00-20:00,100
第四食堂,2019-04-23,20:00-21:00,8
第四食堂,2019-04-23,21:00-22:00,10
第四食堂,2019-04-23,22:00-23:00,2
第四食堂,2019-04-24,07:00-08:00,0
第四食堂,2019-04-24,08:00-09:00,0
第四食堂,2019-04-24,09:00-10:00,3
第四食堂,2019-04-24,10:00-11:00,19
第四食堂,2019-04-24,11:00-12:00,848
第四食堂,2019-04-24,12:00-13:00,466
第四食堂,2019-04-24,13:00-14:00,21
第四食堂,2019-04-24,14:00-15:00,0
第四食堂,2019-04-24,15:00-16:00,4
第四食堂,2019-04-24,16:00-17:00,176
第四食堂,2019-04-24,17:00-18:00,358
第四食堂,2019-04-24,18:00-19:00,315
第四食堂,2019-04-24,19:00-20:00,119
第四食堂,2019-04-24,20:00-21:00,19
第四食堂,2019-04-24,21:00-22:00,8
第四食堂,2019-04-24,22:00-23:00,5
第四食堂,2019-04-25,07:00-08:00,0
第四食堂,2019-04-25,08:00-09:00,0
第四食堂,2019-04-25,09:00-10:00,4
第四食堂,2019-04-25,10:00-11:00,39
第四食堂,2019-04-25,11:00-12:00,780
第四食堂,2019-04-25,12:00-13:00,505
第四食堂,2019-04-25,13:00-14:00,34
第四食堂,2019-04-25,14:00-15:00,5
第四食堂,2019-04-25,15:00-16:00,5
第四食堂,2019-04-25,16:00-17:00,66
第四食堂,2019-04-25,17:00-18:00,326
第四食堂,2019-04-25,18:00-19:00,414
第四食堂,2019-04-25,19:00-20:00,178
第四食堂,2019-04-25,20:00-21:00,17
第四食堂,2019-04-25,21:00-22:00,8
第四食堂,2019-04-25,22:00-23:00,6
第四食堂,2019-04-26,07:00-08:00,0
第四食堂,2019-04-26,08:00-09:00,0
第四食堂,2019-04-26,09:00-10:00,6
第四食堂,2019-04-26,10:00-11:00,38
第四食堂,2019-04-26,11:00-12:00,754
第四食堂,2019-04-26,12:00-13:00,423
第四食堂,2019-04-26,13:00-14:00,32
第四食堂,2019-04-26,14:00-15:00,0
第四食堂,2019-04-26,15:00-16:00,6
第四食堂,2019-04-26,16:00-17:00,69
第四食堂,2019-04-26,17:00-18:00,210
第四食堂,2019-04-26,18:00-19:00,289
第四食堂,2019-04-26,19:00-20:00,137
第四食堂,2019-04-26,20:00-21:00,20
第四食堂,2019-04-26,21:00-22:00,4
第四食堂,2019-04-26,22:00-23:00,0
第四食堂,2019-04-27,07:00-08:00,0
第四食堂,2019-04-27,08:00-09:00,0
第四食堂,2019-04-27,09:00-10:00,0
第四食堂,2019-04-27,10:00-11:00,0
第四食堂,2019-04-27,11:00-12:00,0
第四食堂,2019-04-27,12:00-13:00,0
第四食堂,2019-04-27,13:00-14:00,0
第四食堂,2019-04-27,14:00-15:00,0
第四食堂,2019-04-27,15:00-16:00,0
第四食堂,2019-04-27,16:00-17:00,0
第四食堂,2019-04-27,17:00-18:00,0
第四食堂,2019-04-27,18:00-19:00,0
第四食堂,2019-04-27,19:00-20:00,0
第四食堂,2019-04-27,20:00-21:00,0
第四食堂,2019-04-27,21:00-22:00,0
第四食堂,2019-04-27,22:00-23:00,0
第四食堂,2019-04-28,07:00-08:00,0
第四食堂,2019-04-28,08:00-09:00,0
第四食堂,2019-04-28,09:00-10:00,0
第四食堂,2019-04-28,10:00-11:00,0
第四食堂,2019-04-28,11:00-12:00,0
第四食堂,2019-04-28,12:00-13:00,0
第四食堂,2019-04-28,13:00-14:00,0
第四食堂,2019-04-28,14:00-15:00,0
第四食堂,2019-04-28,15:00-16:00,0
第四食堂,2019-04-28,16:00-17:00,0
第四食堂,2019-04-28,17:00-18:00,0
第四食堂,2019-04-28,18:00-19:00,0
第四食堂,2019-04-28,19:00-20:00,0
第四食堂,2019-04-28,20:00-21:00,0
第四食堂,2019-04-28,21:00-22:00,0
第四食堂,2019-04-28,22:00-23:00,0
第四食堂,2019-04-29,07:00-08:00,0
第四食堂,2019-04-29,08:00-09:00,0
第四食堂,2019-04-29,09:00-10:00,0
第四食堂,2019-04-29,10:00-11:00,23
第四食堂,2019-04-29,11:00-12:00,434
第四食堂,2019-04-29,12:00-13:00,378
第四食堂,2019-04-29,13:00-14:00,36
第四食堂,2019-04-29,14:00-15:00,5
第四食堂,2019-04-29,15:00-16:00,4
第四食堂,2019-04-29,16:00-17:00,17
第四食堂,2019-04-29,17:00-18:00,219
第四食堂,2019-04-29,18:00-19:00,411
第四食堂,2019-04-29,19:00-20:00,159
第四食堂,2019-04-29,20:00-21:00,29
第四食堂,2019-04-29,21:00-22:00,7
第四食堂,2019-04-29,22:00-23:00,6
第四食堂,2019-04-30,07:00-08:00,0
第四食堂,2019-04-30,08:00-09:00,0
第四食堂,2019-04-30,09:00-10:00,0
第四食堂,2019-04-30,10:00-11:00,24
第四食堂,2019-04-30,11:00-12:00,421
第四食堂,2019-04-30,12:00-13:00,414
第四食堂,2019-04-30,13:00-14:00,21
第四食堂,2019-04-30,14:00-15:00,5
第四食堂,2019-04-30,15:00-16:00,4
第四食堂,2019-04-30,16:00-17:00,45
第四食堂,2019-04-30,17:00-18:00,281
第四食堂,2019-04-30,18:00-19:00,466
第四食堂,2019-04-30,19:00-20:00,172
第四食堂,2019-04-30,20:00-21:00,20
第四食堂,2019-04-30,21:00-22:00,13
第四食堂,2019-04-30,22:00-23:00,3
第五食堂,2019-04-01,07:00-08:00,1069
第五食堂,2019-04-01,08:00-09:00,135
第五食堂,2019-04-01,09:00-10:00,105
第五食堂,2019-04-01,10:00-11:00,80
第五食堂,2019-04-01,11:00-12:00,1197
第五食堂,2019-04-01,12:00-13:00,636
第五食堂,2019-04-01,13:00-14:00,26
第五食堂,2019-04-01,14:00-15:00,1
第五食堂,2019-04-01,15:00-16:00,2
第五食堂,2019-04-01,16:00-17:00,216
第五食堂,2019-04-01,17:00-18:00,297
第五食堂,2019-04-01,18:00-19:00,380
第五食堂,2019-04-01,19:00-20:00,57
第五食堂,2019-04-01,20:00-21:00,3
第五食堂,2019-04-01,21:00-22:00,1
第五食堂,2019-04-01,22:00-23:00,0
第五食堂,2019-04-02,07:00-08:00,1178
第五食堂,2019-04-02,08:00-09:00,184
第五食堂,2019-04-02,09:00-10:00,114
第五食堂,2019-04-02,10:00-11:00,87
第五食堂,2019-04-02,11:00-12:00,1299
第五食堂,2019-04-02,12:00-13:00,673
第五食堂,2019-04-02,13:00-14:00,11
第五食堂,2019-04-02,14:00-15:00,0
第五食堂,2019-04-02,15:00-16:00,11
第五食堂,2019-04-02,16:00-17:00,288
第五食堂,2019-04-02,17:00-18:00,423
第五食堂,2019-04-02,18:00-19:00,379
第五食堂,2019-04-02,19:00-20:00,151
第五食堂,2019-04-02,20:00-21:00,34
第五食堂,2019-04-02,21:00-22:00,32
第五食堂,2019-04-02,22:00-23:00,6
第五食堂,2019-04-03,07:00-08:00,1015
第五食堂,2019-04-03,08:00-09:00,82
第五食堂,2019-04-03,09:00-10:00,82
第五食堂,2019-04-03,10:00-11:00,63
第五食堂,2019-04-03,11:00-12:00,1204
第五食堂,2019-04-03,12:00-13:00,798
第五食堂,2019-04-03,13:00-14:00,14
第五食堂,2019-04-03,14:00-15:00,0
第五食堂,2019-04-03,15:00-16:00,6
第五食堂,2019-04-03,16:00-17:00,353
第五食堂,2019-04-03,17:00-18:00,568
第五食堂,2019-04-03,18:00-19:00,615
第五食堂,2019-04-03,19:00-20:00,132
第五食堂,2019-04-03,20:00-21:00,23
第五食堂,2019-04-03,21:00-22:00,44
第五食堂,2019-04-03,22:00-23:00,9
第五食堂,2019-04-04,07:00-08:00,1289
第五食堂,2019-04-04,08:00-09:00,130
第五食堂,2019-04-04,09:00-10:00,103
第五食堂,2019-04-04,10:00-11:00,40
第五食堂,2019-04-04,11:00-12:00,1115
第五食堂,2019-04-04,12:00-13:00,818
第五食堂,2019-04-04,13:00-14:00,37
第五食堂,2019-04-04,14:00-15:00,0
第五食堂,2019-04-04,15:00-16:00,6
第五食堂,2019-04-04,16:00-17:00,193
第五食堂,2019-04-04,17:00-18:00,697
第五食堂,2019-04-04,18:00-19:00,483
第五食堂,2019-04-04,19:00-20:00,134
第五食堂,2019-04-04,20:00-21:00,42
第五食堂,2019-04-04,21:00-22:00,30
第五食堂,2019-04-04,22:00-23:00,18
第五食堂,2019-04-05,07:00-08:00,0
第五食堂,2019-04-05,08:00-09:00,0
第五食堂,2019-04-05,09:00-10:00,0
第五食堂,2019-04-05,10:00-11:00,0
第五食堂,2019-04-05,11:00-12:00,0
第五食堂,2019-04-05,12:00-13:00,0
第五食堂,2019-04-05,13:00-14:00,0
第五食堂,2019-04-05,14:00-15:00,0
第五食堂,2019-04-05,15:00-16:00,0
第五食堂,2019-04-05,16:00-17:00,0
第五食堂,2019-04-05,17:00-18:00,0
第五食堂,2019-04-05,18:00-19:00,0
第五食堂,2019-04-05,19:00-20:00,0
第五食堂,2019-04-05,20:00-21:00,0
第五食堂,2019-04-05,21:00-22:00,0
第五食堂,2019-04-05,22:00-23:00,0
第五食堂,2019-04-06,07:00-08:00,0
第五食堂,2019-04-06,08:00-09:00,0
第五食堂,2019-04-06,09:00-10:00,0
第五食堂,2019-04-06,10:00-11:00,0
第五食堂,2019-04-06,11:00-12:00,0
第五食堂,2019-04-06,12:00-13:00,0
第五食堂,2019-04-06,13:00-14:00,0
第五食堂,2019-04-06,14:00-15:00,0
第五食堂,2019-04-06,15:00-16:00,0
第五食堂,2019-04-06,16:00-17:00,0
第五食堂,2019-04-06,17:00-18:00,0
第五食堂,2019-04-06,18:00-19:00,0
第五食堂,2019-04-06,19:00-20:00,0
第五食堂,2019-04-06,20:00-21:00,0
第五食堂,2019-04-06,21:00-22:00,0
第五食堂,2019-04-06,22:00-23:00,0
第五食堂,2019-04-07,07:00-08:00,0
第五食堂,2019-04-07,08:00-09:00,0
第五食堂,2019-04-07,09:00-10:00,0
第五食堂,2019-04-07,10:00-11:00,0
第五食堂,2019-04-07,11:00-12:00,0
第五食堂,2019-04-07,12:00-13:00,0
第五食堂,2019-04-07,13:00-14:00,0
第五食堂,2019-04-07,14:00-15:00,0
第五食堂,2019-04-07,15:00-16:00,1
第五食堂,2019-04-07,16:00-17:00,35
第五食堂,2019-04-07,17:00-18:00,271
第五食堂,2019-04-07,18:00-19:00,250
第五食堂,2019-04-07,19:00-20:00,45
第五食堂,2019-04-07,20:00-21:00,13
第五食堂,2019-04-07,21:00-22:00,4
第五食堂,2019-04-07,22:00-23:00,0
第五食堂,2019-04-08,07:00-08:00,1105
第五食堂,2019-04-08,08:00-09:00,136
第五食堂,2019-04-08,09:00-10:00,165
第五食堂,2019-04-08,10:00-11:00,75
第五食堂,2019-04-08,11:00-12:00,1353
第五食堂,2019-04-08,12:00-13:00,784
第五食堂,2019-04-08,13:00-14:00,6
第五食堂,2019-04-08,14:00-15:00,0
第五食堂,2019-04-08,15:00-16:00,1
第五食堂,2019-04-08,16:00-17:00,425
第五食堂,2019-04-08,17:00-18:00,562
第五食堂,2019-04-08,18:00-19:00,633
第五食堂,2019-04-08,19:00-20:00,187
第五食堂,2019-04-08,20:00-21:00,41
第五食堂,2019-04-08,21:00-22:00,58
第五食堂,2019-04-08,22:00-23:00,13
第五食堂,2019-04-09,07:00-08:00,1256
第五食堂,2019-04-09,08:00-09:00,173
第五食堂,2019-04-09,09:00-10:00,118
第五食堂,2019-04-09,10:00-11:00,29
第五食堂,2019-04-09,11:00-12:00,1372
第五食堂,2019-04-09,12:00-13:00,845
第五食堂,2019-04-09,13:00-14:00,18
第五食堂,2019-04-09,14:00-15:00,1
第五食堂,2019-04-09,15:00-16:00,0
第五食堂,2019-04-09,16:00-17:00,450
第五食堂,2019-04-09,17:00-18:00,504
第五食堂,2019-04-09,18:00-19:00,624
第五食堂,2019-04-09,19:00-20:00,122
第五食堂,2019-04-09,20:00-21:00,40
第五食堂,2019-04-09,21:00-22:00,58
第五食堂,2019-04-09,22:00-23:00,8
第五食堂,2019-04-10,07:00-08:00,1391
第五食堂,2019-04-10,08:00-09:00,165
第五食堂,2019-04-10,09:00-10:00,119
第五食堂,2019-04-10,10:00-11:00,38
第五食堂,2019-04-10,11:00-12:00,1285
第五食堂,2019-04-10,12:00-13:00,846
第五食堂,2019-04-10,13:00-14:00,15
第五食堂,2019-04-10,14:00-15:00,0
第五食堂,2019-04-10,15:00-16:00,6
第五食堂,2019-04-10,16:00-17:00,261
第五食堂,2019-04-10,17:00-18:00,546
第五食堂,2019-04-10,18:00-19:00,575
第五食堂,2019-04-10,19:00-20:00,145
第五食堂,2019-04-10,20:00-21:00,30
第五食堂,2019-04-10,21:00-22:00,41
第五食堂,2019-04-10,22:00-23:00,15
第五食堂,2019-04-11,07:00-08:00,1287
第五食堂,2019-04-11,08:00-09:00,178
第五食堂,2019-04-11,09:00-10:00,126
第五食堂,2019-04-11,10:00-11:00,70
第五食堂,2019-04-11,11:00-12:00,1065
第五食堂,2019-04-11,12:00-13:00,687
第五食堂,2019-04-11,13:00-14:00,33
第五食堂,2019-04-11,14:00-15:00,0
第五食堂,2019-04-11,15:00-16:00,3
第五食堂,2019-04-11,16:00-17:00,69
第五食堂,2019-04-11,17:00-18:00,637
第五食堂,2019-04-11,18:00-19:00,383
第五食堂,2019-04-11,19:00-20:00,173
第五食堂,2019-04-11,20:00-21:00,35
第五食堂,2019-04-11,21:00-22:00,46
第五食堂,2019-04-11,22:00-23:00,29
第五食堂,2019-04-12,07:00-08:00,1108
第五食堂,2019-04-12,08:00-09:00,194
第五食堂,2019-04-12,09:00-10:00,148
第五食堂,2019-04-12,10:00-11:00,94
第五食堂,2019-04-12,11:00-12:00,1126
第五食堂,2019-04-12,12:00-13:00,572
第五食堂,2019-04-12,13:00-14:00,27
第五食堂,2019-04-12,14:00-15:00,0
第五食堂,2019-04-12,15:00-16:00,974
第五食堂,2019-04-12,16:00-17:00,186
第五食堂,2019-04-12,17:00-18:00,437
第五食堂,2019-04-12,18:00-19:00,317
第五食堂,2019-04-12,19:00-20:00,110
第五食堂,2019-04-12,20:00-21:00,31
第五食堂,2019-04-12,21:00-22:00,48
第五食堂,2019-04-12,22:00-23:00,13
第五食堂,2019-04-13,07:00-08:00,491
第五食堂,2019-04-13,08:00-09:00,247
第五食堂,2019-04-13,09:00-10:00,136
第五食堂,2019-04-13,10:00-11:00,95
第五食堂,2019-04-13,11:00-12:00,573
第五食堂,2019-04-13,12:00-13:00,214
第五食堂,2019-04-13,13:00-14:00,4
第五食堂,2019-04-13,14:00-15:00,2
第五食堂,2019-04-13,15:00-16:00,3
第五食堂,2019-04-13,16:00-17:00,62
第五食堂,2019-04-13,17:00-18:00,363
第五食堂,2019-04-13,18:00-19:00,298
第五食堂,2019-04-13,19:00-20:00,121
第五食堂,2019-04-13,20:00-21:00,43
第五食堂,2019-04-13,21:00-22:00,20
第五食堂,2019-04-13,22:00-23:00,5
第五食堂,2019-04-14,07:00-08:00,383
第五食堂,2019-04-14,08:00-09:00,208
第五食堂,2019-04-14,09:00-10:00,91
第五食堂,2019-04-14,10:00-11:00,133
第五食堂,2019-04-14,11:00-12:00,526
第五食堂,2019-04-14,12:00-13:00,304
第五食堂,2019-04-14,13:00-14:00,18
第五食堂,2019-04-14,14:00-15:00,1
第五食堂,2019-04-14,15:00-16:00,2
第五食堂,2019-04-14,16:00-17:00,42
第五食堂,2019-04-14,17:00-18:00,354
第五食堂,2019-04-14,18:00-19:00,367
第五食堂,2019-04-14,19:00-20:00,206
第五食堂,2019-04-14,20:00-21:00,36
第五食堂,2019-04-14,21:00-22:00,26
第五食堂,2019-04-14,22:00-23:00,13
第五食堂,2019-04-15,07:00-08:00,1082
第五食堂,2019-04-15,08:00-09:00,132
第五食堂,2019-04-15,09:00-10:00,153
第五食堂,2019-04-15,10:00-11:00,111
第五食堂,2019-04-15,11:00-12:00,1407
第五食堂,2019-04-15,12:00-13:00,743
第五食堂,2019-04-15,13:00-14:00,15
第五食堂,2019-04-15,14:00-15:00,0
第五食堂,2019-04-15,15:00-16:00,4
第五食堂,2019-04-15,16:00-17:00,452
第五食堂,2019-04-15,17:00-18:00,550
第五食堂,2019-04-15,18:00-19:00,527
第五食堂,2019-04-15,19:00-20:00,192
第五食堂,2019-04-15,20:00-21:00,40
第五食堂,2019-04-15,21:00-22:00,37
第五食堂,2019-04-15,22:00-23:00,22
第五食堂,2019-04-16,07:00-08:00,1211
第五食堂,2019-04-16,08:00-09:00,164
第五食堂,2019-04-16,09:00-10:00,116
第五食堂,2019-04-16,10:00-11:00,39
第五食堂,2019-04-16,11:00-12:00,1253
第五食堂,2019-04-16,12:00-13:00,851
第五食堂,2019-04-16,13:00-14:00,13
第五食堂,2019-04-16,14:00-15:00,1
第五食堂,2019-04-16,15:00-16:00,4
第五食堂,2019-04-16,16:00-17:00,311
第五食堂,2019-04-16,17:00-18:00,486
第五食堂,2019-04-16,18:00-19:00,554
第五食堂,2019-04-16,19:00-20:00,160
第五食堂,2019-04-16,20:00-21:00,43
第五食堂,2019-04-16,21:00-22:00,32
第五食堂,2019-04-16,22:00-23:00,12
第五食堂,2019-04-17,07:00-08:00,1022
第五食堂,2019-04-17,08:00-09:00,157
第五食堂,2019-04-17,09:00-10:00,82
第五食堂,2019-04-17,10:00-11:00,71
第五食堂,2019-04-17,11:00-12:00,1259
第五食堂,2019-04-17,12:00-13:00,837
第五食堂,2019-04-17,13:00-14:00,9
第五食堂,2019-04-17,14:00-15:00,0
第五食堂,2019-04-17,15:00-16:00,1
第五食堂,2019-04-17,16:00-17:00,284
第五食堂,2019-04-17,17:00-18:00,512
第五食堂,2019-04-17,18:00-19:00,472
第五食堂,2019-04-17,19:00-20:00,135
第五食堂,2019-04-17,20:00-21:00,27
第五食堂,2019-04-17,21:00-22:00,35
第五食堂,2019-04-17,22:00-23:00,14
第五食堂,2019-04-18,07:00-08:00,1286
第五食堂,2019-04-18,08:00-09:00,161
第五食堂,2019-04-18,09:00-10:00,96
第五食堂,2019-04-18,10:00-11:00,40
第五食堂,2019-04-18,11:00-12:00,978
第五食堂,2019-04-18,12:00-13:00,739
第五食堂,2019-04-18,13:00-14:00,55
第五食堂,2019-04-18,14:00-15:00,1
第五食堂,2019-04-18,15:00-16:00,1
第五食堂,2019-04-18,16:00-17:00,107
第五食堂,2019-04-18,17:00-18:00,488
第五食堂,2019-04-18,18:00-19:00,507
第五食堂,2019-04-18,19:00-20:00,143
第五食堂,2019-04-18,20:00-21:00,26
第五食堂,2019-04-18,21:00-22:00,52
第五食堂,2019-04-18,22:00-23:00,11
第五食堂,2019-04-19,07:00-08:00,1171
第五食堂,2019-04-19,08:00-09:00,180
第五食堂,2019-04-19,09:00-10:00,143
第五食堂,2019-04-19,10:00-11:00,74
第五食堂,2019-04-19,11:00-12:00,1007
第五食堂,2019-04-19,12:00-13:00,750
第五食堂,2019-04-19,13:00-14:00,13
第五食堂,2019-04-19,14:00-15:00,0
第五食堂,2019-04-19,15:00-16:00,2
第五食堂,2019-04-19,16:00-17:00,269
第五食堂,2019-04-19,17:00-18:00,463
第五食堂,2019-04-19,18:00-19:00,392
第五食堂,2019-04-19,19:00-20:00,183
第五食堂,2019-04-19,20:00-21:00,44
第五食堂,2019-04-19,21:00-22:00,22
第五食堂,2019-04-19,22:00-23:00,7
第五食堂,2019-04-20,07:00-08:00,421
第五食堂,2019-04-20,08:00-09:00,392
第五食堂,2019-04-20,09:00-10:00,180
第五食堂,2019-04-20,10:00-11:00,142
第五食堂,2019-04-20,11:00-12:00,561
第五食堂,2019-04-20,12:00-13:00,301
第五食堂,2019-04-20,13:00-14:00,29
第五食堂,2019-04-20,14:00-15:00,5
第五食堂,2019-04-20,15:00-16:00,1
第五食堂,2019-04-20,16:00-17:00,47
第五食堂,2019-04-20,17:00-18:00,324
第五食堂,2019-04-20,18:00-19:00,223
第五食堂,2019-04-20,19:00-20:00,105
第五食堂,2019-04-20,20:00-21:00,26
第五食堂,2019-04-20,21:00-22:00,32
第五食堂,2019-04-20,22:00-23:00,1
第五食堂,2019-04-21,07:00-08:00,228
第五食堂,2019-04-21,08:00-09:00,183
第五食堂,2019-04-21,09:00-10:00,159
第五食堂,2019-04-21,10:00-11:00,109
第五食堂,2019-04-21,11:00-12:00,630
第五食堂,2019-04-21,12:00-13:00,261
第五食堂,2019-04-21,13:00-14:00,31
第五食堂,2019-04-21,14:00-15:00,5
第五食堂,2019-04-21,15:00-16:00,1
第五食堂,2019-04-21,16:00-17:00,60
第五食堂,2019-04-21,17:00-18:00,310
第五食堂,2019-04-21,18:00-19:00,347
第五食堂,2019-04-21,19:00-20:00,133
第五食堂,2019-04-21,20:00-21:00,41
第五食堂,2019-04-21,21:00-22:00,26
第五食堂,2019-04-21,22:00-23:00,5
第五食堂,2019-04-22,07:00-08:00,985
第五食堂,2019-04-22,08:00-09:00,153
第五食堂,2019-04-22,09:00-10:00,188
第五食堂,2019-04-22,10:00-11:00,82
第五食堂,2019-04-22,11:00-12:00,1330
第五食堂,2019-04-22,12:00-13:00,694
第五食堂,2019-04-22,13:00-14:00,6
第五食堂,2019-04-22,14:00-15:00,0
第五食堂,2019-04-22,15:00-16:00,3
第五食堂,2019-04-22,16:00-17:00,462
第五食堂,2019-04-22,17:00-18:00,528
第五食堂,2019-04-22,18:00-19:00,522
第五食堂,2019-04-22,19:00-20:00,133
第五食堂,2019-04-22,20:00-21:00,37
第五食堂,2019-04-22,21:00-22:00,41
第五食堂,2019-04-22,22:00-23:00,16
第五食堂,2019-04-23,07:00-08:00,1133
第五食堂,2019-04-23,08:00-09:00,187
第五食堂,2019-04-23,09:00-10:00,111
第五食堂,2019-04-23,10:00-11:00,44
第五食堂,2019-04-23,11:00-12:00,1268
第五食堂,2019-04-23,12:00-13:00,855
第五食堂,2019-04-23,13:00-14:00,13
第五食堂,2019-04-23,14:00-15:00,2
第五食堂,2019-04-23,15:00-16:00,0
第五食堂,2019-04-23,16:00-17:00,383
第五食堂,2019-04-23,17:00-18:00,481
第五食堂,2019-04-23,18:00-19:00,512
第五食堂,2019-04-23,19:00-20:00,161
第五食堂,2019-04-23,20:00-21:00,30
第五食堂,2019-04-23,21:00-22:00,46
第五食堂,2019-04-23,22:00-23:00,3
第五食堂,2019-04-24,07:00-08:00,1256
第五食堂,2019-04-24,08:00-09:00,155
第五食堂,2019-04-24,09:00-10:00,161
第五食堂,2019-04-24,10:00-11:00,74
第五食堂,2019-04-24,11:00-12:00,1253
第五食堂,2019-04-24,12:00-13:00,803
第五食堂,2019-04-24,13:00-14:00,5
第五食堂,2019-04-24,14:00-15:00,0
第五食堂,2019-04-24,15:00-16:00,5
第五食堂,2019-04-24,16:00-17:00,450
第五食堂,2019-04-24,17:00-18:00,435
第五食堂,2019-04-24,18:00-19:00,380
第五食堂,2019-04-24,19:00-20:00,166
第五食堂,2019-04-24,20:00-21:00,43
第五食堂,2019-04-24,21:00-22:00,35
第五食堂,2019-04-24,22:00-23:00,8
第五食堂,2019-04-25,07:00-08:00,1188
第五食堂,2019-04-25,08:00-09:00,171
第五食堂,2019-04-25,09:00-10:00,149
第五食堂,2019-04-25,10:00-11:00,61
第五食堂,2019-04-25,11:00-12:00,1096
第五食堂,2019-04-25,12:00-13:00,766
第五食堂,2019-04-25,13:00-14:00,25
第五食堂,2019-04-25,14:00-15:00,2
第五食堂,2019-04-25,15:00-16:00,2
第五食堂,2019-04-25,16:00-17:00,123
第五食堂,2019-04-25,17:00-18:00,535
第五食堂,2019-04-25,18:00-19:00,389
第五食堂,2019-04-25,19:00-20:00,160
第五食堂,2019-04-25,20:00-21:00,41
第五食堂,2019-04-25,21:00-22:00,58
第五食堂,2019-04-25,22:00-23:00,18
第五食堂,2019-04-26,07:00-08:00,1122
第五食堂,2019-04-26,08:00-09:00,190
第五食堂,2019-04-26,09:00-10:00,113
第五食堂,2019-04-26,10:00-11:00,120
第五食堂,2019-04-26,11:00-12:00,992
第五食堂,2019-04-26,12:00-13:00,578
第五食堂,2019-04-26,13:00-14:00,6
第五食堂,2019-04-26,14:00-15:00,0
第五食堂,2019-04-26,15:00-16:00,10
第五食堂,2019-04-26,16:00-17:00,124
第五食堂,2019-04-26,17:00-18:00,220
第五食堂,2019-04-26,18:00-19:00,212
第五食堂,2019-04-26,19:00-20:00,123
第五食堂,2019-04-26,20:00-21:00,33
第五食堂,2019-04-26,21:00-22:00,33
第五食堂,2019-04-26,22:00-23:00,20
第五食堂,2019-04-27,07:00-08:00,165
第五食堂,2019-04-27,08:00-09:00,199
第五食堂,2019-04-27,09:00-10:00,67
第五食堂,2019-04-27,10:00-11:00,172
第五食堂,2019-04-27,11:00-12:00,804
第五食堂,2019-04-27,12:00-13:00,96
第五食堂,2019-04-27,13:00-14:00,3
第五食堂,2019-04-27,14:00-15:00,1
第五食堂,2019-04-27,15:00-16:00,0
第五食堂,2019-04-27,16:00-17:00,74
第五食堂,2019-04-27,17:00-18:00,437
第五食堂,2019-04-27,18:00-19:00,160
第五食堂,2019-04-27,19:00-20:00,8
第五食堂,2019-04-27,20:00-21:00,0
第五食堂,2019-04-27,21:00-22:00,0
第五食堂,2019-04-27,22:00-23:00,1
第五食堂,2019-04-28,07:00-08:00,0
第五食堂,2019-04-28,08:00-09:00,0
第五食堂,2019-04-28,09:00-10:00,0
第五食堂,2019-04-28,10:00-11:00,0
第五食堂,2019-04-28,11:00-12:00,0
第五食堂,2019-04-28,12:00-13:00,0
第五食堂,2019-04-28,13:00-14:00,0
第五食堂,2019-04-28,14:00-15:00,0
第五食堂,2019-04-28,15:00-16:00,0
第五食堂,2019-04-28,16:00-17:00,0
第五食堂,2019-04-28,17:00-18:00,0
第五食堂,2019-04-28,18:00-19:00,0
第五食堂,2019-04-28,19:00-20:00,0
第五食堂,2019-04-28,20:00-21:00,0
第五食堂,2019-04-28,21:00-22:00,0
第五食堂,2019-04-28,22:00-23:00,0
第五食堂,2019-04-29,07:00-08:00,258
第五食堂,2019-04-29,08:00-09:00,324
第五食堂,2019-04-29,09:00-10:00,152
第五食堂,2019-04-29,10:00-11:00,108
第五食堂,2019-04-29,11:00-12:00,622
第五食堂,2019-04-29,12:00-13:00,384
第五食堂,2019-04-29,13:00-14:00,30
第五食堂,2019-04-29,14:00-15:00,3
第五食堂,2019-04-29,15:00-16:00,2
第五食堂,2019-04-29,16:00-17:00,49
第五食堂,2019-04-29,17:00-18:00,337
第五食堂,2019-04-29,18:00-19:00,366
第五食堂,2019-04-29,19:00-20:00,179
第五食堂,2019-04-29,20:00-21:00,41
第五食堂,2019-04-29,21:00-22:00,20
第五食堂,2019-04-29,22:00-23:00,6
第五食堂,2019-04-30,07:00-08:00,301
第五食堂,2019-04-30,08:00-09:00,339
第五食堂,2019-04-30,09:00-10:00,122
第五食堂,2019-04-30,10:00-11:00,142
第五食堂,2019-04-30,11:00-12:00,719
第五食堂,2019-04-30,12:00-13:00,271
第五食堂,2019-04-30,13:00-14:00,15
第五食堂,2019-04-30,14:00-15:00,3
第五食堂,2019-04-30,15:00-16:00,4
第五食堂,2019-04-30,16:00-17:00,83
第五食堂,2019-04-30,17:00-18:00,440
第五食堂,2019-04-30,18:00-19:00,424
第五食堂,2019-04-30,19:00-20:00,133
第五食堂,2019-04-30,20:00-21:00,43
第五食堂,2019-04-30,21:00-22:00,30
第五食堂,2019-04-30,22:00-23:00,10
第二食堂,2019-04-01,07:00-08:00,1398
第二食堂,2019-04-01,08:00-09:00,241
第二食堂,2019-04-01,09:00-10:00,322
第二食堂,2019-04-01,10:00-11:00,73
第二食堂,2019-04-01,11:00-12:00,1314
第二食堂,2019-04-01,12:00-13:00,451
第二食堂,2019-04-01,13:00-14:00,16
第二食堂,2019-04-01,14:00-15:00,10
第二食堂,2019-04-01,15:00-16:00,8
第二食堂,2019-04-01,16:00-17:00,171
第二食堂,2019-04-01,17:00-18:00,439
第二食堂,2019-04-01,18:00-19:00,569
第二食堂,2019-04-01,19:00-20:00,113
第二食堂,2019-04-01,20:00-21:00,65
第二食堂,2019-04-01,21:00-22:00,96
第二食堂,2019-04-01,22:00-23:00,9
第二食堂,2019-04-02,07:00-08:00,1196
第二食堂,2019-04-02,08:00-09:00,361
第二食堂,2019-04-02,09:00-10:00,328
第二食堂,2019-04-02,10:00-11:00,127
第二食堂,2019-04-02,11:00-12:00,1587
第二食堂,2019-04-02,12:00-13:00,485
第二食堂,2019-04-02,13:00-14:00,11
第二食堂,2019-04-02,14:00-15:00,1
第二食堂,2019-04-02,15:00-16:00,5
第二食堂,2019-04-02,16:00-17:00,213
第二食堂,2019-04-02,17:00-18:00,579
第二食堂,2019-04-02,18:00-19:00,466
第二食堂,2019-04-02,19:00-20:00,116
第二食堂,2019-04-02,20:00-21:00,96
第二食堂,2019-04-02,21:00-22:00,81
第二食堂,2019-04-02,22:00-23:00,38
第二食堂,2019-04-03,07:00-08:00,1376
第二食堂,2019-04-03,08:00-09:00,115
第二食堂,2019-04-03,09:00-10:00,63
第二食堂,2019-04-03,10:00-11:00,255
第二食堂,2019-04-03,11:00-12:00,96
第二食堂,2019-04-03,12:00-13:00,1388
第二食堂,2019-04-03,13:00-14:00,495
第二食堂,2019-04-03,14:00-15:00,12
第二食堂,2019-04-03,15:00-16:00,28
第二食堂,2019-04-03,16:00-17:00,269
第二食堂,2019-04-03,17:00-18:00,930
第二食堂,2019-04-03,18:00-19:00,629
第二食堂,2019-04-03,19:00-20:00,139
第二食堂,2019-04-03,20:00-21:00,52
第二食堂,2019-04-03,21:00-22:00,198
第二食堂,2019-04-03,22:00-23:00,130
第二食堂,2019-04-04,07:00-08:00,1516
第二食堂,2019-04-04,08:00-09:00,331
第二食堂,2019-04-04,09:00-10:00,360
第二食堂,2019-04-04,10:00-11:00,131
第二食堂,2019-04-04,11:00-12:00,1455
第二食堂,2019-04-04,12:00-13:00,472
第二食堂,2019-04-04,13:00-14:00,36
第二食堂,2019-04-04,14:00-15:00,1
第二食堂,2019-04-04,15:00-16:00,8
第二食堂,2019-04-04,16:00-17:00,155
第二食堂,2019-04-04,17:00-18:00,922
第二食堂,2019-04-04,18:00-19:00,421
第二食堂,2019-04-04,19:00-20:00,104
第二食堂,2019-04-04,20:00-21:00,43
第二食堂,2019-04-04,21:00-22:00,175
第二食堂,2019-04-04,22:00-23:00,79
第二食堂,2019-04-05,07:00-08:00,0
第二食堂,2019-04-05,08:00-09:00,0
第二食堂,2019-04-05,09:00-10:00,0
第二食堂,2019-04-05,10:00-11:00,0
第二食堂,2019-04-05,11:00-12:00,0
第二食堂,2019-04-05,12:00-13:00,0
第二食堂,2019-04-05,13:00-14:00,0
第二食堂,2019-04-05,14:00-15:00,0
第二食堂,2019-04-05,15:00-16:00,0
第二食堂,2019-04-05,16:00-17:00,0
第二食堂,2019-04-05,17:00-18:00,0
第二食堂,2019-04-05,18:00-19:00,0
第二食堂,2019-04-05,19:00-20:00,0
第二食堂,2019-04-05,20:00-21:00,0
第二食堂,2019-04-05,21:00-22:00,0
第二食堂,2019-04-05,22:00-23:00,0
第二食堂,2019-04-06,07:00-08:00,0
第二食堂,2019-04-06,08:00-09:00,0
第二食堂,2019-04-06,09:00-10:00,0
第二食堂,2019-04-06,10:00-11:00,0
第二食堂,2019-04-06,11:00-12:00,0
第二食堂,2019-04-06,12:00-13:00,0
第二食堂,2019-04-06,13:00-14:00,0
第二食堂,2019-04-06,14:00-15:00,0
第二食堂,2019-04-06,15:00-16:00,0
第二食堂,2019-04-06,16:00-17:00,0
第二食堂,2019-04-06,17:00-18:00,0
第二食堂,2019-04-06,18:00-19:00,0
第二食堂,2019-04-06,19:00-20:00,0
第二食堂,2019-04-06,20:00-21:00,0
第二食堂,2019-04-06,21:00-22:00,0
第二食堂,2019-04-06,22:00-23:00,0
第二食堂,2019-04-07,07:00-08:00,0
第二食堂,2019-04-07,08:00-09:00,0
第二食堂,2019-04-07,09:00-10:00,0
第二食堂,2019-04-07,10:00-11:00,0
第二食堂,2019-04-07,11:00-12:00,0
第二食堂,2019-04-07,12:00-13:00,0
第二食堂,2019-04-07,13:00-14:00,4
第二食堂,2019-04-07,14:00-15:00,1
第二食堂,2019-04-07,15:00-16:00,3
第二食堂,2019-04-07,16:00-17:00,42
第二食堂,2019-04-07,17:00-18:00,352
第二食堂,2019-04-07,18:00-19:00,313
第二食堂,2019-04-07,19:00-20:00,86
第二食堂,2019-04-07,20:00-21:00,56
第二食堂,2019-04-07,21:00-22:00,76
第二食堂,2019-04-07,22:00-23:00,18
第二食堂,2019-04-08,07:00-08:00,1424
第二食堂,2019-04-08,08:00-09:00,270
第二食堂,2019-04-08,09:00-10:00,452
第二食堂,2019-04-08,10:00-11:00,71
第二食堂,2019-04-08,11:00-12:00,1453
第二食堂,2019-04-08,12:00-13:00,668
第二食堂,2019-04-08,13:00-14:00,6
第二食堂,2019-04-08,14:00-15:00,0
第二食堂,2019-04-08,15:00-16:00,23
第二食堂,2019-04-08,16:00-17:00,247
第二食堂,2019-04-08,17:00-18:00,702
第二食堂,2019-04-08,18:00-19:00,737
第二食堂,2019-04-08,19:00-20:00,215
第二食堂,2019-04-08,20:00-21:00,71
第二食堂,2019-04-08,21:00-22:00,149
第二食堂,2019-04-08,22:00-23:00,60
第二食堂,2019-04-09,07:00-08:00,1684
第二食堂,2019-04-09,08:00-09:00,276
第二食堂,2019-04-09,09:00-10:00,327
第二食堂,2019-04-09,10:00-11:00,103
第二食堂,2019-04-09,11:00-12:00,1487
第二食堂,2019-04-09,12:00-13:00,563
第二食堂,2019-04-09,13:00-14:00,6
第二食堂,2019-04-09,14:00-15:00,14
第二食堂,2019-04-09,15:00-16:00,3
第二食堂,2019-04-09,16:00-17:00,413
第二食堂,2019-04-09,17:00-18:00,666
第二食堂,2019-04-09,18:00-19:00,663
第二食堂,2019-04-09,19:00-20:00,122
第二食堂,2019-04-09,20:00-21:00,81
第二食堂,2019-04-09,21:00-22:00,158
第二食堂,2019-04-09,22:00-23:00,105
第二食堂,2019-04-10,07:00-08:00,1548
第二食堂,2019-04-10,08:00-09:00,290
第二食堂,2019-04-10,09:00-10:00,508
第二食堂,2019-04-10,10:00-11:00,36
第二食堂,2019-04-10,11:00-12:00,1573
第二食堂,2019-04-10,12:00-13:00,671
第二食堂,2019-04-10,13:00-14:00,20
第二食堂,2019-04-10,14:00-15:00,2
第二食堂,2019-04-10,15:00-16:00,25
第二食堂,2019-04-10,16:00-17:00,288
第二食堂,2019-04-10,17:00-18:00,710
第二食堂,2019-04-10,18:00-19:00,641
第二食堂,2019-04-10,19:00-20:00,148
第二食堂,2019-04-10,20:00-21:00,107
第二食堂,2019-04-10,21:00-22:00,223
第二食堂,2019-04-10,22:00-23:00,102
第二食堂,2019-04-11,07:00-08:00,1792
第二食堂,2019-04-11,08:00-09:00,273
第二食堂,2019-04-11,09:00-10:00,416
第二食堂,2019-04-11,10:00-11:00,39
第二食堂,2019-04-11,11:00-12:00,1498
第二食堂,2019-04-11,12:00-13:00,552
第二食堂,2019-04-11,13:00-14:00,11
第二食堂,2019-04-11,14:00-15:00,8
第二食堂,2019-04-11,15:00-16:00,4
第二食堂,2019-04-11,16:00-17:00,104
第二食堂,2019-04-11,17:00-18:00,743
第二食堂,2019-04-11,18:00-19:00,400
第二食堂,2019-04-11,19:00-20:00,140
第二食堂,2019-04-11,20:00-21:00,120
第二食堂,2019-04-11,21:00-22:00,178
第二食堂,2019-04-11,22:00-23:00,84
第二食堂,2019-04-12,07:00-08:00,1475
第二食堂,2019-04-12,08:00-09:00,388
第二食堂,2019-04-12,09:00-10:00,385
第二食堂,2019-04-12,10:00-11:00,80
第二食堂,2019-04-12,11:00-12:00,1473
第二食堂,2019-04-12,12:00-13:00,641
第二食堂,2019-04-12,13:00-14:00,10
第二食堂,2019-04-12,14:00-15:00,0
第二食堂,2019-04-12,15:00-16:00,30
第二食堂,2019-04-12,16:00-17:00,211
第二食堂,2019-04-12,17:00-18:00,583
第二食堂,2019-04-12,18:00-19:00,457
第二食堂,2019-04-12,19:00-20:00,142
第二食堂,2019-04-12,20:00-21:00,121
第二食堂,2019-04-12,21:00-22:00,164
第二食堂,2019-04-12,22:00-23:00,81
第二食堂,2019-04-13,07:00-08:00,423
第二食堂,2019-04-13,08:00-09:00,395
第二食堂,2019-04-13,09:00-10:00,336
第二食堂,2019-04-13,10:00-11:00,135
第二食堂,2019-04-13,11:00-12:00,673
第二食堂,2019-04-13,12:00-13:00,417
第二食堂,2019-04-13,13:00-14:00,16
第二食堂,2019-04-13,14:00-15:00,11
第二食堂,2019-04-13,15:00-16:00,8
第二食堂,2019-04-13,16:00-17:00,49
第二食堂,2019-04-13,17:00-18:00,367
第二食堂,2019-04-13,18:00-19:00,347
第二食堂,2019-04-13,19:00-20:00,137
第二食堂,2019-04-13,20:00-21:00,101
第二食堂,2019-04-13,21:00-22:00,54
第二食堂,2019-04-13,22:00-23:00,35
第二食堂,2019-04-14,07:00-08:00,326
第二食堂,2019-04-14,08:00-09:00,300
第二食堂,2019-04-14,09:00-10:00,289
第二食堂,2019-04-14,10:00-11:00,105
第二食堂,2019-04-14,11:00-12:00,623
第二食堂,2019-04-14,12:00-13:00,410
第二食堂,2019-04-14,13:00-14:00,22
第二食堂,2019-04-14,14:00-15:00,3
第二食堂,2019-04-14,15:00-16:00,4
第二食堂,2019-04-14,16:00-17:00,22
第二食堂,2019-04-14,17:00-18:00,462
第二食堂,2019-04-14,18:00-19:00,372
第二食堂,2019-04-14,19:00-20:00,145
第二食堂,2019-04-14,20:00-21:00,96
第二食堂,2019-04-14,21:00-22:00,101
第二食堂,2019-04-14,22:00-23:00,34
第二食堂,2019-04-15,07:00-08:00,1456
第二食堂,2019-04-15,08:00-09:00,262
第二食堂,2019-04-15,09:00-10:00,413
第二食堂,2019-04-15,10:00-11:00,53
第二食堂,2019-04-15,11:00-12:00,1529
第二食堂,2019-04-15,12:00-13:00,606
第二食堂,2019-04-15,13:00-14:00,14
第二食堂,2019-04-15,14:00-15:00,0
第二食堂,2019-04-15,15:00-16:00,48
第二食堂,2019-04-15,16:00-17:00,228
第二食堂,2019-04-15,17:00-18:00,573
第二食堂,2019-04-15,18:00-19:00,757
第二食堂,2019-04-15,19:00-20:00,191
第二食堂,2019-04-15,20:00-21:00,88
第二食堂,2019-04-15,21:00-22:00,151
第二食堂,2019-04-15,22:00-23:00,81
第二食堂,2019-04-16,07:00-08:00,1523
第二食堂,2019-04-16,08:00-09:00,293
第二食堂,2019-04-16,09:00-10:00,376
第二食堂,2019-04-16,10:00-11:00,48
第二食堂,2019-04-16,11:00-12:00,1323
第二食堂,2019-04-16,12:00-13:00,509
第二食堂,2019-04-16,13:00-14:00,52
第二食堂,2019-04-16,14:00-15:00,20
第二食堂,2019-04-16,15:00-16:00,38
第二食堂,2019-04-16,16:00-17:00,199
第二食堂,2019-04-16,17:00-18:00,530
第二食堂,2019-04-16,18:00-19:00,612
第二食堂,2019-04-16,19:00-20:00,145
第二食堂,2019-04-16,20:00-21:00,56
第二食堂,2019-04-16,21:00-22:00,126
第二食堂,2019-04-16,22:00-23:00,38
第二食堂,2019-04-17,07:00-08:00,1279
第二食堂,2019-04-17,08:00-09:00,383
第二食堂,2019-04-17,09:00-10:00,466
第二食堂,2019-04-17,10:00-11:00,46
第二食堂,2019-04-17,11:00-12:00,1705
第二食堂,2019-04-17,12:00-13:00,656
第二食堂,2019-04-17,13:00-14:00,27
第二食堂,2019-04-17,14:00-15:00,0
第二食堂,2019-04-17,15:00-16:00,137
第二食堂,2019-04-17,16:00-17:00,192
第二食堂,2019-04-17,17:00-18:00,752
第二食堂,2019-04-17,18:00-19:00,670
第二食堂,2019-04-17,19:00-20:00,134
第二食堂,2019-04-17,20:00-21:00,67
第二食堂,2019-04-17,21:00-22:00,192
第二食堂,2019-04-17,22:00-23:00,64
第二食堂,2019-04-18,07:00-08:00,1736
第二食堂,2019-04-18,08:00-09:00,294
第二食堂,2019-04-18,09:00-10:00,428
第二食堂,2019-04-18,10:00-11:00,79
第二食堂,2019-04-18,11:00-12:00,1363
第二食堂,2019-04-18,12:00-13:00,407
第二食堂,2019-04-18,13:00-14:00,12
第二食堂,2019-04-18,14:00-15:00,3
第二食堂,2019-04-18,15:00-16:00,3
第二食堂,2019-04-18,16:00-17:00,93
第二食堂,2019-04-18,17:00-18:00,676
第二食堂,2019-04-18,18:00-19:00,422
第二食堂,2019-04-18,19:00-20:00,159
第二食堂,2019-04-18,20:00-21:00,98
第二食堂,2019-04-18,21:00-22:00,132
第二食堂,2019-04-18,22:00-23:00,114
第二食堂,2019-04-19,07:00-08:00,1431
第二食堂,2019-04-19,08:00-09:00,406
第二食堂,2019-04-19,09:00-10:00,365
第二食堂,2019-04-19,10:00-11:00,130
第二食堂,2019-04-19,11:00-12:00,1172
第二食堂,2019-04-19,12:00-13:00,588
第二食堂,2019-04-19,13:00-14:00,12
第二食堂,2019-04-19,14:00-15:00,0
第二食堂,2019-04-19,15:00-16:00,18
第二食堂,2019-04-19,16:00-17:00,191
第二食堂,2019-04-19,17:00-18:00,612
第二食堂,2019-04-19,18:00-19:00,375
第二食堂,2019-04-19,19:00-20:00,131
第二食堂,2019-04-19,20:00-21:00,70
第二食堂,2019-04-19,21:00-22:00,147
第二食堂,2019-04-19,22:00-23:00,63
第二食堂,2019-04-20,07:00-08:00,366
第二食堂,2019-04-20,08:00-09:00,472
第二食堂,2019-04-20,09:00-10:00,396
第二食堂,2019-04-20,10:00-11:00,139
第二食堂,2019-04-20,11:00-12:00,579
第二食堂,2019-04-20,12:00-13:00,369
第二食堂,2019-04-20,13:00-14:00,15
第二食堂,2019-04-20,14:00-15:00,10
第二食堂,2019-04-20,15:00-16:00,3
第二食堂,2019-04-20,16:00-17:00,32
第二食堂,2019-04-20,17:00-18:00,414
第二食堂,2019-04-20,18:00-19:00,322
第二食堂,2019-04-20,19:00-20:00,126
第二食堂,2019-04-20,20:00-21:00,81
第二食堂,2019-04-20,21:00-22:00,67
第二食堂,2019-04-20,22:00-23:00,38
第二食堂,2019-04-21,07:00-08:00,224
第二食堂,2019-04-21,08:00-09:00,308
第二食堂,2019-04-21,09:00-10:00,319
第二食堂,2019-04-21,10:00-11:00,107
第二食堂,2019-04-21,11:00-12:00,690
第二食堂,2019-04-21,12:00-13:00,341
第二食堂,2019-04-21,13:00-14:00,8
第二食堂,2019-04-21,14:00-15:00,8
第二食堂,2019-04-21,15:00-16:00,0
第二食堂,2019-04-21,16:00-17:00,33
第二食堂,2019-04-21,17:00-18:00,414
第二食堂,2019-04-21,18:00-19:00,299
第二食堂,2019-04-21,19:00-20:00,141
第二食堂,2019-04-21,20:00-21:00,97
第二食堂,2019-04-21,21:00-22:00,82
第二食堂,2019-04-21,22:00-23:00,53
第二食堂,2019-04-22,07:00-08:00,1503
第二食堂,2019-04-22,08:00-09:00,249
第二食堂,2019-04-22,09:00-10:00,467
第二食堂,2019-04-22,10:00-11:00,61
第二食堂,2019-04-22,11:00-12:00,1455
第二食堂,2019-04-22,12:00-13:00,619
第二食堂,2019-04-22,13:00-14:00,1
第二食堂,2019-04-22,14:00-15:00,0
第二食堂,2019-04-22,15:00-16:00,5
第二食堂,2019-04-22,16:00-17:00,318
第二食堂,2019-04-22,17:00-18:00,663
第二食堂,2019-04-22,18:00-19:00,719
第二食堂,2019-04-22,19:00-20:00,117
第二食堂,2019-04-22,20:00-21:00,90
第二食堂,2019-04-22,21:00-22:00,135
第二食堂,2019-04-22,22:00-23:00,85
第二食堂,2019-04-23,07:00-08:00,1754
第二食堂,2019-04-23,08:00-09:00,291
第二食堂,2019-04-23,09:00-10:00,360
第二食堂,2019-04-23,10:00-11:00,72
第二食堂,2019-04-23,11:00-12:00,1560
第二食堂,2019-04-23,12:00-13:00,423
第二食堂,2019-04-23,13:00-14:00,22
第二食堂,2019-04-23,14:00-15:00,16
第二食堂,2019-04-23,15:00-16:00,5
第二食堂,2019-04-23,16:00-17:00,313
第二食堂,2019-04-23,17:00-18:00,558
第二食堂,2019-04-23,18:00-19:00,575
第二食堂,2019-04-23,19:00-20:00,154
第二食堂,2019-04-23,20:00-21:00,81
第二食堂,2019-04-23,21:00-22:00,200
第二食堂,2019-04-23,22:00-23:00,53
第二食堂,2019-04-24,07:00-08:00,1514
第二食堂,2019-04-24,08:00-09:00,342
第二食堂,2019-04-24,09:00-10:00,448
第二食堂,2019-04-24,10:00-11:00,53
第二食堂,2019-04-24,11:00-12:00,1473
第二食堂,2019-04-24,12:00-13:00,527
第二食堂,2019-04-24,13:00-14:00,10
第二食堂,2019-04-24,14:00-15:00,0
第二食堂,2019-04-24,15:00-16:00,22
第二食堂,2019-04-24,16:00-17:00,270
第二食堂,2019-04-24,17:00-18:00,658
第二食堂,2019-04-24,18:00-19:00,485
第二食堂,2019-04-24,19:00-20:00,157
第二食堂,2019-04-24,20:00-21:00,91
第二食堂,2019-04-24,21:00-22:00,215
第二食堂,2019-04-24,22:00-23:00,88
第二食堂,2019-04-25,07:00-08:00,1515
第二食堂,2019-04-25,08:00-09:00,388
第二食堂,2019-04-25,09:00-10:00,399
第二食堂,2019-04-25,10:00-11:00,89
第二食堂,2019-04-25,11:00-12:00,1357
第二食堂,2019-04-25,12:00-13:00,469
第二食堂,2019-04-25,13:00-14:00,12
第二食堂,2019-04-25,14:00-15:00,6
第二食堂,2019-04-25,15:00-16:00,5
第二食堂,2019-04-25,16:00-17:00,101
第二食堂,2019-04-25,17:00-18:00,609
第二食堂,2019-04-25,18:00-19:00,552
第二食堂,2019-04-25,19:00-20:00,155
第二食堂,2019-04-25,20:00-21:00,98
第二食堂,2019-04-25,21:00-22:00,131
第二食堂,2019-04-25,22:00-23:00,55
第二食堂,2019-04-26,07:00-08:00,1346
第二食堂,2019-04-26,08:00-09:00,400
第二食堂,2019-04-26,09:00-10:00,404
第二食堂,2019-04-26,10:00-11:00,69
第二食堂,2019-04-26,11:00-12:00,1214
第二食堂,2019-04-26,12:00-13:00,564
第二食堂,2019-04-26,13:00-14:00,9
第二食堂,2019-04-26,14:00-15:00,0
第二食堂,2019-04-26,15:00-16:00,35
第二食堂,2019-04-26,16:00-17:00,190
第二食堂,2019-04-26,17:00-18:00,356
第二食堂,2019-04-26,18:00-19:00,441
第二食堂,2019-04-26,19:00-20:00,132
第二食堂,2019-04-26,20:00-21:00,98
第二食堂,2019-04-26,21:00-22:00,68
第二食堂,2019-04-26,22:00-23:00,125
第二食堂,2019-04-27,07:00-08:00,222
第二食堂,2019-04-27,08:00-09:00,300
第二食堂,2019-04-27,09:00-10:00,196
第二食堂,2019-04-27,10:00-11:00,109
第二食堂,2019-04-27,11:00-12:00,1080
第二食堂,2019-04-27,12:00-13:00,783
第二食堂,2019-04-27,13:00-14:00,34
第二食堂,2019-04-27,14:00-15:00,3
第二食堂,2019-04-27,15:00-16:00,7
第二食堂,2019-04-27,16:00-17:00,37
第二食堂,2019-04-27,17:00-18:00,542
第二食堂,2019-04-27,18:00-19:00,573
第二食堂,2019-04-27,19:00-20:00,194
第二食堂,2019-04-27,20:00-21:00,80
第二食堂,2019-04-27,21:00-22:00,41
第二食堂,2019-04-27,22:00-23:00,22
第二食堂,2019-04-28,07:00-08:00,0
第二食堂,2019-04-28,08:00-09:00,0
第二食堂,2019-04-28,09:00-10:00,0
第二食堂,2019-04-28,10:00-11:00,0
第二食堂,2019-04-28,11:00-12:00,0
第二食堂,2019-04-28,12:00-13:00,0
第二食堂,2019-04-28,13:00-14:00,0
第二食堂,2019-04-28,14:00-15:00,0
第二食堂,2019-04-28,15:00-16:00,0
第二食堂,2019-04-28,16:00-17:00,0
第二食堂,2019-04-28,17:00-18:00,0
第二食堂,2019-04-28,18:00-19:00,0
第二食堂,2019-04-28,19:00-20:00,0
第二食堂,2019-04-28,20:00-21:00,0
第二食堂,2019-04-28,21:00-22:00,0
第二食堂,2019-04-28,22:00-23:00,0
第二食堂,2019-04-29,07:00-08:00,340
第二食堂,2019-04-29,08:00-09:00,339
第二食堂,2019-04-29,09:00-10:00,227
第二食堂,2019-04-29,10:00-11:00,137
第二食堂,2019-04-29,11:00-12:00,707
第二食堂,2019-04-29,12:00-13:00,528
第二食堂,2019-04-29,13:00-14:00,12
第二食堂,2019-04-29,14:00-15:00,14
第二食堂,2019-04-29,15:00-16:00,8
第二食堂,2019-04-29,16:00-17:00,33
第二食堂,2019-04-29,17:00-18:00,418
第二食堂,2019-04-29,18:00-19:00,496
第二食堂,2019-04-29,19:00-20:00,154
第二食堂,2019-04-29,20:00-21:00,95
第二食堂,2019-04-29,21:00-22:00,76
第二食堂,2019-04-29,22:00-23:00,49
第二食堂,2019-04-30,07:00-08:00,296
第二食堂,2019-04-30,08:00-09:00,514
第二食堂,2019-04-30,09:00-10:00,249
第二食堂,2019-04-30,10:00-11:00,78
第二食堂,2019-04-30,11:00-12:00,888
第二食堂,2019-04-30,12:00-13:00,437
第二食堂,2019-04-30,13:00-14:00,12
第二食堂,2019-04-30,14:00-15:00,19
第二食堂,2019-04-30,15:00-16:00,3
第二食堂,2019-04-30,16:00-17:00,37
第二食堂,2019-04-30,17:00-18:00,612
第二食堂,2019-04-30,18:00-19:00,514
第二食堂,2019-04-30,19:00-20:00,158
第二食堂,2019-04-30,20:00-21:00,89
第二食堂,2019-04-30,21:00-22:00,111
第二食堂,2019-04-30,22:00-23:00,37
第三食堂,2019-04-01,07:00-08:00,0
第三食堂,2019-04-01,08:00-09:00,0
第三食堂,2019-04-01,09:00-10:00,1
第三食堂,2019-04-01,10:00-11:00,6
第三食堂,2019-04-01,11:00-12:00,692
第三食堂,2019-04-01,12:00-13:00,493
第三食堂,2019-04-01,13:00-14:00,8
第三食堂,2019-04-01,14:00-15:00,2
第三食堂,2019-04-01,15:00-16:00,0
第三食堂,2019-04-01,16:00-17:00,80
第三食堂,2019-04-01,17:00-18:00,229
第三食堂,2019-04-01,18:00-19:00,290
第三食堂,2019-04-01,19:00-20:00,76
第三食堂,2019-04-01,20:00-21:00,5
第三食堂,2019-04-01,21:00-22:00,4
第三食堂,2019-04-01,22:00-23:00,0
第三食堂,2019-04-02,07:00-08:00,25
第三食堂,2019-04-02,08:00-09:00,0
第三食堂,2019-04-02,09:00-10:00,7
第三食堂,2019-04-02,10:00-11:00,23
第三食堂,2019-04-02,11:00-12:00,643
第三食堂,2019-04-02,12:00-13:00,469
第三食堂,2019-04-02,13:00-14:00,0
第三食堂,2019-04-02,14:00-15:00,0
第三食堂,2019-04-02,15:00-16:00,20
第三食堂,2019-04-02,16:00-17:00,68
第三食堂,2019-04-02,17:00-18:00,318
第三食堂,2019-04-02,18:00-19:00,313
第三食堂,2019-04-02,19:00-20:00,47
第三食堂,2019-04-02,20:00-21:00,0
第三食堂,2019-04-02,21:00-22:00,16
第三食堂,2019-04-02,22:00-23:00,0
第三食堂,2019-04-03,07:00-08:00,0
第三食堂,2019-04-03,08:00-09:00,0
第三食堂,2019-04-03,09:00-10:00,9
第三食堂,2019-04-03,10:00-11:00,7
第三食堂,2019-04-03,11:00-12:00,535
第三食堂,2019-04-03,12:00-13:00,509
第三食堂,2019-04-03,13:00-14:00,9
第三食堂,2019-04-03,14:00-15:00,0
第三食堂,2019-04-03,15:00-16:00,7
第三食堂,2019-04-03,16:00-17:00,111
第三食堂,2019-04-03,17:00-18:00,389
第三食堂,2019-04-03,18:00-19:00,372
第三食堂,2019-04-03,19:00-20:00,34
第三食堂,2019-04-03,20:00-21:00,6
第三食堂,2019-04-03,21:00-22:00,1
第三食堂,2019-04-03,22:00-23:00,0
第三食堂,2019-04-04,07:00-08:00,25
第三食堂,2019-04-04,08:00-09:00,3
第三食堂,2019-04-04,09:00-10:00,3
第三食堂,2019-04-04,10:00-11:00,13
第三食堂,2019-04-04,11:00-12:00,527
第三食堂,2019-04-04,12:00-13:00,523
第三食堂,2019-04-04,13:00-14:00,14
第三食堂,2019-04-04,14:00-15:00,7
第三食堂,2019-04-04,15:00-16:00,0
第三食堂,2019-04-04,16:00-17:00,65
第三食堂,2019-04-04,17:00-18:00,451
第三食堂,2019-04-04,18:00-19:00,301
第三食堂,2019-04-04,19:00-20:00,51
第三食堂,2019-04-04,20:00-21:00,4
第三食堂,2019-04-04,21:00-22:00,1
第三食堂,2019-04-04,22:00-23:00,0
第三食堂,2019-04-05,07:00-08:00,0
第三食堂,2019-04-05,08:00-09:00,14
第三食堂,2019-04-05,09:00-10:00,20
第三食堂,2019-04-05,10:00-11:00,54
第三食堂,2019-04-05,11:00-12:00,395
第三食堂,2019-04-05,12:00-13:00,273
第三食堂,2019-04-05,13:00-14:00,22
第三食堂,2019-04-05,14:00-15:00,1
第三食堂,2019-04-05,15:00-16:00,0
第三食堂,2019-04-05,16:00-17:00,8
第三食堂,2019-04-05,17:00-18:00,206
第三食堂,2019-04-05,18:00-19:00,240
第三食堂,2019-04-05,19:00-20:00,73
第三食堂,2019-04-05,20:00-21:00,27
第三食堂,2019-04-05,21:00-22:00,23
第三食堂,2019-04-05,22:00-23:00,0
第三食堂,2019-04-06,07:00-08:00,0
第三食堂,2019-04-06,08:00-09:00,14
第三食堂,2019-04-06,09:00-10:00,19
第三食堂,2019-04-06,10:00-11:00,39
第三食堂,2019-04-06,11:00-12:00,423
第三食堂,2019-04-06,12:00-13:00,236
第三食堂,2019-04-06,13:00-14:00,14
第三食堂,2019-04-06,14:00-15:00,0
第三食堂,2019-04-06,15:00-16:00,3
第三食堂,2019-04-06,16:00-17:00,24
第三食堂,2019-04-06,17:00-18:00,225
第三食堂,2019-04-06,18:00-19:00,222
第三食堂,2019-04-06,19:00-20:00,55
第三食堂,2019-04-06,20:00-21:00,25
第三食堂,2019-04-06,21:00-22:00,26
第三食堂,2019-04-06,22:00-23:00,0
第三食堂,2019-04-07,07:00-08:00,0
第三食堂,2019-04-07,08:00-09:00,1
第三食堂,2019-04-07,09:00-10:00,12
第三食堂,2019-04-07,10:00-11:00,48
第三食堂,2019-04-07,11:00-12:00,528
第三食堂,2019-04-07,12:00-13:00,265
第三食堂,2019-04-07,13:00-14:00,27
第三食堂,2019-04-07,14:00-15:00,9
第三食堂,2019-04-07,15:00-16:00,0
第三食堂,2019-04-07,16:00-17:00,10
第三食堂,2019-04-07,17:00-18:00,193
第三食堂,2019-04-07,18:00-19:00,199
第三食堂,2019-04-07,19:00-20:00,40
第三食堂,2019-04-07,20:00-21:00,15
第三食堂,2019-04-07,21:00-22:00,1
第三食堂,2019-04-07,22:00-23:00,0
第三食堂,2019-04-08,07:00-08:00,13
第三食堂,2019-04-08,08:00-09:00,7
第三食堂,2019-04-08,09:00-10:00,2
第三食堂,2019-04-08,10:00-11:00,9
第三食堂,2019-04-08,11:00-12:00,707
第三食堂,2019-04-08,12:00-13:00,490
第三食堂,2019-04-08,13:00-14:00,6
第三食堂,2019-04-08,14:00-15:00,0
第三食堂,2019-04-08,15:00-16:00,3
第三食堂,2019-04-08,16:00-17:00,120
第三食堂,2019-04-08,17:00-18:00,398
第三食堂,2019-04-08,18:00-19:00,392
第三食堂,2019-04-08,19:00-20:00,63
第三食堂,2019-04-08,20:00-21:00,6
第三食堂,2019-04-08,21:00-22:00,1
第三食堂,2019-04-08,22:00-23:00,0
第三食堂,2019-04-09,07:00-08:00,15
第三食堂,2019-04-09,08:00-09:00,3
第三食堂,2019-04-09,09:00-10:00,6
第三食堂,2019-04-09,10:00-11:00,9
第三食堂,2019-04-09,11:00-12:00,681
第三食堂,2019-04-09,12:00-13:00,556
第三食堂,2019-04-09,13:00-14:00,22
第三食堂,2019-04-09,14:00-15:00,0
第三食堂,2019-04-09,15:00-16:00,0
第三食堂,2019-04-09,16:00-17:00,194
第三食堂,2019-04-09,17:00-18:00,303
第三食堂,2019-04-09,18:00-19:00,408
第三食堂,2019-04-09,19:00-20:00,48
第三食堂,2019-04-09,20:00-21:00,7
第三食堂,2019-04-09,21:00-22:00,4
第三食堂,2019-04-09,22:00-23:00,0
第三食堂,2019-04-10,07:00-08:00,20
第三食堂,2019-04-10,08:00-09:00,6
第三食堂,2019-04-10,09:00-10:00,3
第三食堂,2019-04-10,10:00-11:00,2
第三食堂,2019-04-10,11:00-12:00,649
第三食堂,2019-04-10,12:00-13:00,655
第三食堂,2019-04-10,13:00-14:00,4
第三食堂,2019-04-10,14:00-15:00,0
第三食堂,2019-04-10,15:00-16:00,42
第三食堂,2019-04-10,16:00-17:00,124
第三食堂,2019-04-10,17:00-18:00,281
第三食堂,2019-04-10,18:00-19:00,408
第三食堂,2019-04-10,19:00-20:00,50
第三食堂,2019-04-10,20:00-21:00,0
第三食堂,2019-04-10,21:00-22:00,1
第三食堂,2019-04-10,22:00-23:00,0
第三食堂,2019-04-11,07:00-08:00,15
第三食堂,2019-04-11,08:00-09:00,1
第三食堂,2019-04-11,09:00-10:00,5
第三食堂,2019-04-11,10:00-11:00,25
第三食堂,2019-04-11,11:00-12:00,619
第三食堂,2019-04-11,12:00-13:00,540
第三食堂,2019-04-11,13:00-14:00,10
第三食堂,2019-04-11,14:00-15:00,0
第三食堂,2019-04-11,15:00-16:00,0
第三食堂,2019-04-11,16:00-17:00,64
第三食堂,2019-04-11,17:00-18:00,462
第三食堂,2019-04-11,18:00-19:00,312
第三食堂,2019-04-11,19:00-20:00,63
第三食堂,2019-04-11,20:00-21:00,4
第三食堂,2019-04-11,21:00-22:00,0
第三食堂,2019-04-11,22:00-23:00,0
第三食堂,2019-04-12,07:00-08:00,8
第三食堂,2019-04-12,08:00-09:00,8
第三食堂,2019-04-12,09:00-10:00,2
第三食堂,2019-04-12,10:00-11:00,29
第三食堂,2019-04-12,11:00-12:00,581
第三食堂,2019-04-12,12:00-13:00,387
第三食堂,2019-04-12,13:00-14:00,6
第三食堂,2019-04-12,14:00-15:00,0
第三食堂,2019-04-12,15:00-16:00,291
第三食堂,2019-04-12,16:00-17:00,74
第三食堂,2019-04-12,17:00-18:00,362
第三食堂,2019-04-12,18:00-19:00,242
第三食堂,2019-04-12,19:00-20:00,58
第三食堂,2019-04-12,20:00-21:00,3
第三食堂,2019-04-12,21:00-22:00,2
第三食堂,2019-04-12,22:00-23:00,0
第三食堂,2019-04-13,07:00-08:00,5
第三食堂,2019-04-13,08:00-09:00,7
第三食堂,2019-04-13,09:00-10:00,8
第三食堂,2019-04-13,10:00-11:00,34
第三食堂,2019-04-13,11:00-12:00,352
第三食堂,2019-04-13,12:00-13:00,159
第三食堂,2019-04-13,13:00-14:00,10
第三食堂,2019-04-13,14:00-15:00,0
第三食堂,2019-04-13,15:00-16:00,1
第三食堂,2019-04-13,16:00-17:00,18
第三食堂,2019-04-13,17:00-18:00,205
第三食堂,2019-04-13,18:00-19:00,174
第三食堂,2019-04-13,19:00-20:00,55
第三食堂,2019-04-13,20:00-21:00,4
第三食堂,2019-04-13,21:00-22:00,2
第三食堂,2019-04-13,22:00-23:00,2
第三食堂,2019-04-14,07:00-08:00,1
第三食堂,2019-04-14,08:00-09:00,3
第三食堂,2019-04-14,09:00-10:00,9
第三食堂,2019-04-14,10:00-11:00,28
第三食堂,2019-04-14,11:00-12:00,300
第三食堂,2019-04-14,12:00-13:00,223
第三食堂,2019-04-14,13:00-14:00,11
第三食堂,2019-04-14,14:00-15:00,3
第三食堂,2019-04-14,15:00-16:00,0
第三食堂,2019-04-14,16:00-17:00,9
第三食堂,2019-04-14,17:00-18:00,196
第三食堂,2019-04-14,18:00-19:00,217
第三食堂,2019-04-14,19:00-20:00,61
第三食堂,2019-04-14,20:00-21:00,9
第三食堂,2019-04-14,21:00-22:00,2
第三食堂,2019-04-14,22:00-23:00,0
第三食堂,2019-04-15,07:00-08:00,9
第三食堂,2019-04-15,08:00-09:00,6
第三食堂,2019-04-15,09:00-10:00,3
第三食堂,2019-04-15,10:00-11:00,23
第三食堂,2019-04-15,11:00-12:00,696
第三食堂,2019-04-15,12:00-13:00,434
第三食堂,2019-04-15,13:00-14:00,9
第三食堂,2019-04-15,14:00-15:00,0
第三食堂,2019-04-15,15:00-16:00,2
第三食堂,2019-04-15,16:00-17:00,138
第三食堂,2019-04-15,17:00-18:00,405
第三食堂,2019-04-15,18:00-19:00,367
第三食堂,2019-04-15,19:00-20:00,74
第三食堂,2019-04-15,20:00-21:00,6
第三食堂,2019-04-15,21:00-22:00,3
第三食堂,2019-04-15,22:00-23:00,0
第三食堂,2019-04-16,07:00-08:00,22
第三食堂,2019-04-16,08:00-09:00,2
第三食堂,2019-04-16,09:00-10:00,8
第三食堂,2019-04-16,10:00-11:00,10
第三食堂,2019-04-16,11:00-12:00,702
第三食堂,2019-04-16,12:00-13:00,571
第三食堂,2019-04-16,13:00-14:00,9
第三食堂,2019-04-16,14:00-15:00,1
第三食堂,2019-04-16,15:00-16:00,0
第三食堂,2019-04-16,16:00-17:00,107
第三食堂,2019-04-16,17:00-18:00,275
第三食堂,2019-04-16,18:00-19:00,433
第三食堂,2019-04-16,19:00-20:00,58
第三食堂,2019-04-16,20:00-21:00,5
第三食堂,2019-04-16,21:00-22:00,0
第三食堂,2019-04-16,22:00-23:00,0
第三食堂,2019-04-17,07:00-08:00,24
第三食堂,2019-04-17,08:00-09:00,4
第三食堂,2019-04-17,09:00-10:00,8
第三食堂,2019-04-17,10:00-11:00,28
第三食堂,2019-04-17,11:00-12:00,676
第三食堂,2019-04-17,12:00-13:00,580
第三食堂,2019-04-17,13:00-14:00,7
第三食堂,2019-04-17,14:00-15:00,0
第三食堂,2019-04-17,15:00-16:00,1
第三食堂,2019-04-17,16:00-17:00,139
第三食堂,2019-04-17,17:00-18:00,405
第三食堂,2019-04-17,18:00-19:00,401
第三食堂,2019-04-17,19:00-20:00,28
第三食堂,2019-04-17,20:00-21:00,11
第三食堂,2019-04-17,21:00-22:00,0
第三食堂,2019-04-17,22:00-23:00,0
第三食堂,2019-04-18,07:00-08:00,19
第三食堂,2019-04-18,08:00-09:00,4
第三食堂,2019-04-18,09:00-10:00,6
第三食堂,2019-04-18,10:00-11:00,32
第三食堂,2019-04-18,11:00-12:00,558
第三食堂,2019-04-18,12:00-13:00,506
第三食堂,2019-04-18,13:00-14:00,15
第三食堂,2019-04-18,14:00-15:00,0
第三食堂,2019-04-18,15:00-16:00,0
第三食堂,2019-04-18,16:00-17:00,57
第三食堂,2019-04-18,17:00-18:00,404
第三食堂,2019-04-18,18:00-19:00,373
第三食堂,2019-04-18,19:00-20:00,82
第三食堂,2019-04-18,20:00-21:00,9
第三食堂,2019-04-18,21:00-22:00,3
第三食堂,2019-04-18,22:00-23:00,0
第三食堂,2019-04-19,07:00-08:00,7
第三食堂,2019-04-19,08:00-09:00,0
第三食堂,2019-04-19,09:00-10:00,11
第三食堂,2019-04-19,10:00-11:00,11
第三食堂,2019-04-19,11:00-12:00,591
第三食堂,2019-04-19,12:00-13:00,522
第三食堂,2019-04-19,13:00-14:00,5
第三食堂,2019-04-19,14:00-15:00,0
第三食堂,2019-04-19,15:00-16:00,1
第三食堂,2019-04-19,16:00-17:00,76
第三食堂,2019-04-19,17:00-18:00,289
第三食堂,2019-04-19,18:00-19:00,310
第三食堂,2019-04-19,19:00-20:00,51
第三食堂,2019-04-19,20:00-21:00,6
第三食堂,2019-04-19,21:00-22:00,8
第三食堂,2019-04-19,22:00-23:00,2
第三食堂,2019-04-20,07:00-08:00,0
第三食堂,2019-04-20,08:00-09:00,4
第三食堂,2019-04-20,09:00-10:00,9
第三食堂,2019-04-20,10:00-11:00,48
第三食堂,2019-04-20,11:00-12:00,489
第三食堂,2019-04-20,12:00-13:00,295
第三食堂,2019-04-20,13:00-14:00,17
第三食堂,2019-04-20,14:00-15:00,0
第三食堂,2019-04-20,15:00-16:00,3
第三食堂,2019-04-20,16:00-17:00,26
第三食堂,2019-04-20,17:00-18:00,258
第三食堂,2019-04-20,18:00-19:00,191
第三食堂,2019-04-20,19:00-20:00,45
第三食堂,2019-04-20,20:00-21:00,7
第三食堂,2019-04-20,21:00-22:00,0
第三食堂,2019-04-20,22:00-23:00,0
第三食堂,2019-04-21,07:00-08:00,0
第三食堂,2019-04-21,08:00-09:00,2
第三食堂,2019-04-21,09:00-10:00,2
第三食堂,2019-04-21,10:00-11:00,32
第三食堂,2019-04-21,11:00-12:00,409
第三食堂,2019-04-21,12:00-13:00,257
第三食堂,2019-04-21,13:00-14:00,29
第三食堂,2019-04-21,14:00-15:00,3
第三食堂,2019-04-21,15:00-16:00,1
第三食堂,2019-04-21,16:00-17:00,31
第三食堂,2019-04-21,17:00-18:00,236
第三食堂,2019-04-21,18:00-19:00,201
第三食堂,2019-04-21,19:00-20:00,41
第三食堂,2019-04-21,20:00-21:00,8
第三食堂,2019-04-21,21:00-22:00,1
第三食堂,2019-04-21,22:00-23:00,4
第三食堂,2019-04-22,07:00-08:00,0
第三食堂,2019-04-22,08:00-09:00,0
第三食堂,2019-04-22,09:00-10:00,6
第三食堂,2019-04-22,10:00-11:00,11
第三食堂,2019-04-22,11:00-12:00,709
第三食堂,2019-04-22,12:00-13:00,521
第三食堂,2019-04-22,13:00-14:00,12
第三食堂,2019-04-22,14:00-15:00,0
第三食堂,2019-04-22,15:00-16:00,0
第三食堂,2019-04-22,16:00-17:00,143
第三食堂,2019-04-22,17:00-18:00,432
第三食堂,2019-04-22,18:00-19:00,390
第三食堂,2019-04-22,19:00-20:00,38
第三食堂,2019-04-22,20:00-21:00,7
第三食堂,2019-04-22,21:00-22:00,5
第三食堂,2019-04-22,22:00-23:00,1
第三食堂,2019-04-23,07:00-08:00,1
第三食堂,2019-04-23,08:00-09:00,3
第三食堂,2019-04-23,09:00-10:00,6
第三食堂,2019-04-23,10:00-11:00,14
第三食堂,2019-04-23,11:00-12:00,707
第三食堂,2019-04-23,12:00-13:00,594
第三食堂,2019-04-23,13:00-14:00,3
第三食堂,2019-04-23,14:00-15:00,1
第三食堂,2019-04-23,15:00-16:00,0
第三食堂,2019-04-23,16:00-17:00,176
第三食堂,2019-04-23,17:00-18:00,359
第三食堂,2019-04-23,18:00-19:00,360
第三食堂,2019-04-23,19:00-20:00,51
第三食堂,2019-04-23,20:00-21:00,3
第三食堂,2019-04-23,21:00-22:00,1
第三食堂,2019-04-23,22:00-23:00,0
第三食堂,2019-04-24,07:00-08:00,12
第三食堂,2019-04-24,08:00-09:00,3
第三食堂,2019-04-24,09:00-10:00,4
第三食堂,2019-04-24,10:00-11:00,14
第三食堂,2019-04-24,11:00-12:00,636
第三食堂,2019-04-24,12:00-13:00,642
第三食堂,2019-04-24,13:00-14:00,1
第三食堂,2019-04-24,14:00-15:00,0
第三食堂,2019-04-24,15:00-16:00,5
第三食堂,2019-04-24,16:00-17:00,174
第三食堂,2019-04-24,17:00-18:00,340
第三食堂,2019-04-24,18:00-19:00,262
第三食堂,2019-04-24,19:00-20:00,40
第三食堂,2019-04-24,20:00-21:00,2
第三食堂,2019-04-24,21:00-22:00,2
第三食堂,2019-04-24,22:00-23:00,0
第三食堂,2019-04-25,07:00-08:00,17
第三食堂,2019-04-25,08:00-09:00,5
第三食堂,2019-04-25,09:00-10:00,8
第三食堂,2019-04-25,10:00-11:00,37
第三食堂,2019-04-25,11:00-12:00,630
第三食堂,2019-04-25,12:00-13:00,549
第三食堂,2019-04-25,13:00-14:00,14
第三食堂,2019-04-25,14:00-15:00,5
第三食堂,2019-04-25,15:00-16:00,4
第三食堂,2019-04-25,16:00-17:00,82
第三食堂,2019-04-25,17:00-18:00,390
第三食堂,2019-04-25,18:00-19:00,371
第三食堂,2019-04-25,19:00-20:00,61
第三食堂,2019-04-25,20:00-21:00,3
第三食堂,2019-04-25,21:00-22:00,1
第三食堂,2019-04-25,22:00-23:00,0
第三食堂,2019-04-26,07:00-08:00,1
第三食堂,2019-04-26,08:00-09:00,0
第三食堂,2019-04-26,09:00-10:00,14
第三食堂,2019-04-26,10:00-11:00,58
第三食堂,2019-04-26,11:00-12:00,586
第三食堂,2019-04-26,12:00-13:00,463
第三食堂,2019-04-26,13:00-14:00,5
第三食堂,2019-04-26,14:00-15:00,0
第三食堂,2019-04-26,15:00-16:00,1
第三食堂,2019-04-26,16:00-17:00,72
第三食堂,2019-04-26,17:00-18:00,154
第三食堂,2019-04-26,18:00-19:00,195
第三食堂,2019-04-26,19:00-20:00,40
第三食堂,2019-04-26,20:00-21:00,0
第三食堂,2019-04-26,21:00-22:00,3
第三食堂,2019-04-26,22:00-23:00,0
第三食堂,2019-04-27,07:00-08:00,0
第三食堂,2019-04-27,08:00-09:00,0
第三食堂,2019-04-27,09:00-10:00,0
第三食堂,2019-04-27,10:00-11:00,0
第三食堂,2019-04-27,11:00-12:00,0
第三食堂,2019-04-27,12:00-13:00,0
第三食堂,2019-04-27,13:00-14:00,0
第三食堂,2019-04-27,14:00-15:00,0
第三食堂,2019-04-27,15:00-16:00,0
第三食堂,2019-04-27,16:00-17:00,0
第三食堂,2019-04-27,17:00-18:00,0
第三食堂,2019-04-27,18:00-19:00,0
第三食堂,2019-04-27,19:00-20:00,0
第三食堂,2019-04-27,20:00-21:00,0
第三食堂,2019-04-27,21:00-22:00,0
第三食堂,2019-04-27,22:00-23:00,0
第三食堂,2019-04-28,07:00-08:00,0
第三食堂,2019-04-28,08:00-09:00,0
第三食堂,2019-04-28,09:00-10:00,0
第三食堂,2019-04-28,10:00-11:00,0
第三食堂,2019-04-28,11:00-12:00,0
第三食堂,2019-04-28,12:00-13:00,0
第三食堂,2019-04-28,13:00-14:00,0
第三食堂,2019-04-28,14:00-15:00,0
第三食堂,2019-04-28,15:00-16:00,0
第三食堂,2019-04-28,16:00-17:00,0
第三食堂,2019-04-28,17:00-18:00,0
第三食堂,2019-04-28,18:00-19:00,0
第三食堂,2019-04-28,19:00-20:00,0
第三食堂,2019-04-28,20:00-21:00,0
第三食堂,2019-04-28,21:00-22:00,0
第三食堂,2019-04-28,22:00-23:00,0
第三食堂,2019-04-29,07:00-08:00,7
第三食堂,2019-04-29,08:00-09:00,12
第三食堂,2019-04-29,09:00-10:00,8
第三食堂,2019-04-29,10:00-11:00,13
第三食堂,2019-04-29,11:00-12:00,460
第三食堂,2019-04-29,12:00-13:00,290
第三食堂,2019-04-29,13:00-14:00,14
第三食堂,2019-04-29,14:00-15:00,1
第三食堂,2019-04-29,15:00-16:00,1
第三食堂,2019-04-29,16:00-17:00,23
第三食堂,2019-04-29,17:00-18:00,210
第三食堂,2019-04-29,18:00-19:00,233
第三食堂,2019-04-29,19:00-20:00,83
第三食堂,2019-04-29,20:00-21:00,4
第三食堂,2019-04-29,21:00-22:00,3
第三食堂,2019-04-29,22:00-23:00,1
第三食堂,2019-04-30,07:00-08:00,16
第三食堂,2019-04-30,08:00-09:00,4
第三食堂,2019-04-30,09:00-10:00,1
第三食堂,2019-04-30,10:00-11:00,29
第三食堂,2019-04-30,11:00-12:00,474
第三食堂,2019-04-30,12:00-13:00,177
第三食堂,2019-04-30,13:00-14:00,13
第三食堂,2019-04-30,14:00-15:00,4
第三食堂,2019-04-30,15:00-16:00,2
第三食堂,2019-04-30,16:00-17:00,15
第三食堂,2019-04-30,17:00-18:00,277
第三食堂,2019-04-30,18:00-19:00,305
第三食堂,2019-04-30,19:00-20:00,44
第三食堂,2019-04-30,20:00-21:00,6
第三食堂,2019-04-30,21:00-22:00,1
第三食堂,2019-04-30,22:00-23:00,0
第一食堂,2019-04-01,07:00-08:00,530
第一食堂,2019-04-01,08:00-09:00,92
第一食堂,2019-04-01,09:00-10:00,160
第一食堂,2019-04-01,10:00-11:00,43
第一食堂,2019-04-01,11:00-12:00,580
第一食堂,2019-04-01,12:00-13:00,193
第一食堂,2019-04-01,13:00-14:00,8
第一食堂,2019-04-01,14:00-15:00,20
第一食堂,2019-04-01,15:00-16:00,4
第一食堂,2019-04-01,16:00-17:00,67
第一食堂,2019-04-01,17:00-18:00,135
第一食堂,2019-04-01,18:00-19:00,296
第一食堂,2019-04-01,19:00-20:00,70
第一食堂,2019-04-01,20:00-21:00,22
第一食堂,2019-04-01,21:00-22:00,121
第一食堂,2019-04-01,22:00-23:00,64
第一食堂,2019-04-02,07:00-08:00,481
第一食堂,2019-04-02,08:00-09:00,86
第一食堂,2019-04-02,09:00-10:00,158
第一食堂,2019-04-02,10:00-11:00,27
第一食堂,2019-04-02,11:00-12:00,615
第一食堂,2019-04-02,12:00-13:00,184
第一食堂,2019-04-02,13:00-14:00,10
第一食堂,2019-04-02,14:00-15:00,8
第一食堂,2019-04-02,15:00-16:00,8
第一食堂,2019-04-02,16:00-17:00,63
第一食堂,2019-04-02,17:00-18:00,147
第一食堂,2019-04-02,18:00-19:00,195
第一食堂,2019-04-02,19:00-20:00,48
第一食堂,2019-04-02,20:00-21:00,31
第一食堂,2019-04-02,21:00-22:00,78
第一食堂,2019-04-02,22:00-23:00,56
第一食堂,2019-04-03,07:00-08:00,8
第一食堂,2019-04-03,08:00-09:00,531
第一食堂,2019-04-03,09:00-10:00,79
第一食堂,2019-04-03,10:00-11:00,118
第一食堂,2019-04-03,11:00-12:00,15
第一食堂,2019-04-03,12:00-13:00,626
第一食堂,2019-04-03,13:00-14:00,173
第一食堂,2019-04-03,14:00-15:00,15
第一食堂,2019-04-03,15:00-16:00,13
第一食堂,2019-04-03,16:00-17:00,83
第一食堂,2019-04-03,17:00-18:00,277
第一食堂,2019-04-03,18:00-19:00,293
第一食堂,2019-04-03,19:00-20:00,57
第一食堂,2019-04-03,20:00-21:00,38
第一食堂,2019-04-03,21:00-22:00,145
第一食堂,2019-04-03,22:00-23:00,97
第一食堂,2019-04-04,07:00-08:00,687
第一食堂,2019-04-04,08:00-09:00,71
第一食堂,2019-04-04,09:00-10:00,134
第一食堂,2019-04-04,10:00-11:00,34
第一食堂,2019-04-04,11:00-12:00,624
第一食堂,2019-04-04,12:00-13:00,273
第一食堂,2019-04-04,13:00-14:00,11
第一食堂,2019-04-04,14:00-15:00,5
第一食堂,2019-04-04,15:00-16:00,6
第一食堂,2019-04-04,16:00-17:00,29
第一食堂,2019-04-04,17:00-18:00,340
第一食堂,2019-04-04,18:00-19:00,199
第一食堂,2019-04-04,19:00-20:00,48
第一食堂,2019-04-04,20:00-21:00,28
第一食堂,2019-04-04,21:00-22:00,146
第一食堂,2019-04-04,22:00-23:00,93
第一食堂,2019-04-05,07:00-08:00,248
第一食堂,2019-04-05,08:00-09:00,307
第一食堂,2019-04-05,09:00-10:00,242
第一食堂,2019-04-05,10:00-11:00,201
第一食堂,2019-04-05,11:00-12:00,1322
第一食堂,2019-04-05,12:00-13:00,812
第一食堂,2019-04-05,13:00-14:00,30
第一食堂,2019-04-05,14:00-15:00,4
第一食堂,2019-04-05,15:00-16:00,2
第一食堂,2019-04-05,16:00-17:00,80
第一食堂,2019-04-05,17:00-18:00,571
第一食堂,2019-04-05,18:00-19:00,723
第一食堂,2019-04-05,19:00-20:00,146
第一食堂,2019-04-05,20:00-21:00,49
第一食堂,2019-04-05,21:00-22:00,57
第一食堂,2019-04-05,22:00-23:00,33
第一食堂,2019-04-06,07:00-08:00,1
第一食堂,2019-04-06,08:00-09:00,152
第一食堂,2019-04-06,09:00-10:00,232
第一食堂,2019-04-06,10:00-11:00,189
第一食堂,2019-04-06,11:00-12:00,122
第一食堂,2019-04-06,12:00-13:00,1064
第一食堂,2019-04-06,13:00-14:00,577
第一食堂,2019-04-06,14:00-15:00,24
第一食堂,2019-04-06,15:00-16:00,9
第一食堂,2019-04-06,16:00-17:00,4
第一食堂,2019-04-06,17:00-18:00,29
第一食堂,2019-04-06,18:00-19:00,557
第一食堂,2019-04-06,19:00-20:00,658
第一食堂,2019-04-06,20:00-21:00,167
第一食堂,2019-04-06,21:00-22:00,56
第一食堂,2019-04-06,22:00-23:00,40
第一食堂,2019-04-07,07:00-08:00,4
第一食堂,2019-04-07,08:00-09:00,94
第一食堂,2019-04-07,09:00-10:00,183
第一食堂,2019-04-07,10:00-11:00,181
第一食堂,2019-04-07,11:00-12:00,100
第一食堂,2019-04-07,12:00-13:00,1060
第一食堂,2019-04-07,13:00-14:00,667
第一食堂,2019-04-07,14:00-15:00,12
第一食堂,2019-04-07,15:00-16:00,3
第一食堂,2019-04-07,16:00-17:00,5
第一食堂,2019-04-07,17:00-18:00,16
第一食堂,2019-04-07,18:00-19:00,157
第一食堂,2019-04-07,19:00-20:00,154
第一食堂,2019-04-07,20:00-21:00,54
第一食堂,2019-04-07,21:00-22:00,37
第一食堂,2019-04-07,22:00-23:00,64
第一食堂,2019-04-08,07:00-08:00,477
第一食堂,2019-04-08,08:00-09:00,86
第一食堂,2019-04-08,09:00-10:00,174
第一食堂,2019-04-08,10:00-11:00,32
第一食堂,2019-04-08,11:00-12:00,626
第一食堂,2019-04-08,12:00-13:00,245
第一食堂,2019-04-08,13:00-14:00,6
第一食堂,2019-04-08,14:00-15:00,0
第一食堂,2019-04-08,15:00-16:00,19
第一食堂,2019-04-08,16:00-17:00,129
第一食堂,2019-04-08,17:00-18:00,203
第一食堂,2019-04-08,18:00-19:00,293
第一食堂,2019-04-08,19:00-20:00,85
第一食堂,2019-04-08,20:00-21:00,30
第一食堂,2019-04-08,21:00-22:00,111
第一食堂,2019-04-08,22:00-23:00,62
第一食堂,2019-04-09,07:00-08:00,721
第一食堂,2019-04-09,08:00-09:00,65
第一食堂,2019-04-09,09:00-10:00,147
第一食堂,2019-04-09,10:00-11:00,44
第一食堂,2019-04-09,11:00-12:00,689
第一食堂,2019-04-09,12:00-13:00,177
第一食堂,2019-04-09,13:00-14:00,4
第一食堂,2019-04-09,14:00-15:00,14
第一食堂,2019-04-09,15:00-16:00,3
第一食堂,2019-04-09,16:00-17:00,114
第一食堂,2019-04-09,17:00-18:00,201
第一食堂,2019-04-09,18:00-19:00,335
第一食堂,2019-04-09,19:00-20:00,44
第一食堂,2019-04-09,20:00-21:00,44
第一食堂,2019-04-09,21:00-22:00,104
第一食堂,2019-04-09,22:00-23:00,86
第一食堂,2019-04-10,07:00-08:00,639
第一食堂,2019-04-10,08:00-09:00,120
第一食堂,2019-04-10,09:00-10:00,197
第一食堂,2019-04-10,10:00-11:00,48
第一食堂,2019-04-10,11:00-12:00,657
第一食堂,2019-04-10,12:00-13:00,288
第一食堂,2019-04-10,13:00-14:00,11
第一食堂,2019-04-10,14:00-15:00,0
第一食堂,2019-04-10,15:00-16:00,18
第一食堂,2019-04-10,16:00-17:00,107
第一食堂,2019-04-10,17:00-18:00,214
第一食堂,2019-04-10,18:00-19:00,294
第一食堂,2019-04-10,19:00-20:00,56
第一食堂,2019-04-10,20:00-21:00,36
第一食堂,2019-04-10,21:00-22:00,164
第一食堂,2019-04-10,22:00-23:00,102
第一食堂,2019-04-11,07:00-08:00,683
第一食堂,2019-04-11,08:00-09:00,86
第一食堂,2019-04-11,09:00-10:00,149
第一食堂,2019-04-11,10:00-11:00,33
第一食堂,2019-04-11,11:00-12:00,687
第一食堂,2019-04-11,12:00-13:00,220
第一食堂,2019-04-11,13:00-14:00,7
第一食堂,2019-04-11,14:00-15:00,8
第一食堂,2019-04-11,15:00-16:00,7
第一食堂,2019-04-11,16:00-17:00,50
第一食堂,2019-04-11,17:00-18:00,211
第一食堂,2019-04-11,18:00-19:00,128
第一食堂,2019-04-11,19:00-20:00,27
第一食堂,2019-04-11,20:00-21:00,2
第一食堂,2019-04-11,21:00-22:00,8
第一食堂,2019-04-11,22:00-23:00,2
第一食堂,2019-04-12,07:00-08:00,86
第一食堂,2019-04-12,08:00-09:00,25
第一食堂,2019-04-12,09:00-10:00,37
第一食堂,2019-04-12,10:00-11:00,26
第一食堂,2019-04-12,11:00-12:00,510
第一食堂,2019-04-12,12:00-13:00,259
第一食堂,2019-04-12,13:00-14:00,19
第一食堂,2019-04-12,14:00-15:00,0
第一食堂,2019-04-12,15:00-16:00,12
第一食堂,2019-04-12,16:00-17:00,65
第一食堂,2019-04-12,17:00-18:00,208
第一食堂,2019-04-12,18:00-19:00,139
第一食堂,2019-04-12,19:00-20:00,28
第一食堂,2019-04-12,20:00-21:00,49
第一食堂,2019-04-12,21:00-22:00,70
第一食堂,2019-04-12,22:00-23:00,63
第一食堂,2019-04-13,07:00-08:00,30
第一食堂,2019-04-13,08:00-09:00,72
第一食堂,2019-04-13,09:00-10:00,24
第一食堂,2019-04-13,10:00-11:00,41
第一食堂,2019-04-13,11:00-12:00,208
第一食堂,2019-04-13,12:00-13:00,127
第一食堂,2019-04-13,13:00-14:00,6
第一食堂,2019-04-13,14:00-15:00,8
第一食堂,2019-04-13,15:00-16:00,5
第一食堂,2019-04-13,16:00-17:00,18
第一食堂,2019-04-13,17:00-18:00,101
第一食堂,2019-04-13,18:00-19:00,122
第一食堂,2019-04-13,19:00-20:00,33
第一食堂,2019-04-13,20:00-21:00,38
第一食堂,2019-04-13,21:00-22:00,35
第一食堂,2019-04-13,22:00-23:00,21
第一食堂,2019-04-14,07:00-08:00,12
第一食堂,2019-04-14,08:00-09:00,27
第一食堂,2019-04-14,09:00-10:00,38
第一食堂,2019-04-14,10:00-11:00,44
第一食堂,2019-04-14,11:00-12:00,169
第一食堂,2019-04-14,12:00-13:00,143
第一食堂,2019-04-14,13:00-14:00,17
第一食堂,2019-04-14,14:00-15:00,3
第一食堂,2019-04-14,15:00-16:00,6
第一食堂,2019-04-14,16:00-17:00,8
第一食堂,2019-04-14,17:00-18:00,125
第一食堂,2019-04-14,18:00-19:00,151
第一食堂,2019-04-14,19:00-20:00,44
第一食堂,2019-04-14,20:00-21:00,19
第一食堂,2019-04-14,21:00-22:00,42
第一食堂,2019-04-14,22:00-23:00,29
第一食堂,2019-04-15,07:00-08:00,428
第一食堂,2019-04-15,08:00-09:00,55
第一食堂,2019-04-15,09:00-10:00,105
第一食堂,2019-04-15,10:00-11:00,25
第一食堂,2019-04-15,11:00-12:00,682
第一食堂,2019-04-15,12:00-13:00,231
第一食堂,2019-04-15,13:00-14:00,7
第一食堂,2019-04-15,14:00-15:00,0
第一食堂,2019-04-15,15:00-16:00,34
第一食堂,2019-04-15,16:00-17:00,108
第一食堂,2019-04-15,17:00-18:00,215
第一食堂,2019-04-15,18:00-19:00,249
第一食堂,2019-04-15,19:00-20:00,64
第一食堂,2019-04-15,20:00-21:00,36
第一食堂,2019-04-15,21:00-22:00,84
第一食堂,2019-04-15,22:00-23:00,34
第一食堂,2019-04-16,07:00-08:00,678
第一食堂,2019-04-16,08:00-09:00,54
第一食堂,2019-04-16,09:00-10:00,37
第一食堂,2019-04-16,10:00-11:00,31
第一食堂,2019-04-16,11:00-12:00,752
第一食堂,2019-04-16,12:00-13:00,215
第一食堂,2019-04-16,13:00-14:00,3
第一食堂,2019-04-16,14:00-15:00,18
第一食堂,2019-04-16,15:00-16:00,4
第一食堂,2019-04-16,16:00-17:00,145
第一食堂,2019-04-16,17:00-18:00,209
第一食堂,2019-04-16,18:00-19:00,304
第一食堂,2019-04-16,19:00-20:00,78
第一食堂,2019-04-16,20:00-21:00,21
第一食堂,2019-04-16,21:00-22:00,74
第一食堂,2019-04-16,22:00-23:00,52
第一食堂,2019-04-17,07:00-08:00,525
第一食堂,2019-04-17,08:00-09:00,50
第一食堂,2019-04-17,09:00-10:00,64
第一食堂,2019-04-17,10:00-11:00,6
第一食堂,2019-04-17,11:00-12:00,840
第一食堂,2019-04-17,12:00-13:00,204
第一食堂,2019-04-17,13:00-14:00,0
第一食堂,2019-04-17,14:00-15:00,1
第一食堂,2019-04-17,15:00-16:00,20
第一食堂,2019-04-17,16:00-17:00,137
第一食堂,2019-04-17,17:00-18:00,202
第一食堂,2019-04-17,18:00-19:00,220
第一食堂,2019-04-17,19:00-20:00,24
第一食堂,2019-04-17,20:00-21:00,16
第一食堂,2019-04-17,21:00-22:00,74
第一食堂,2019-04-17,22:00-23:00,46
第一食堂,2019-04-18,07:00-08:00,500
第一食堂,2019-04-18,08:00-09:00,46
第一食堂,2019-04-18,09:00-10:00,66
第一食堂,2019-04-18,10:00-11:00,16
第一食堂,2019-04-18,11:00-12:00,643
第一食堂,2019-04-18,12:00-13:00,186
第一食堂,2019-04-18,13:00-14:00,6
第一食堂,2019-04-18,14:00-15:00,8
第一食堂,2019-04-18,15:00-16:00,5
第一食堂,2019-04-18,16:00-17:00,35
第一食堂,2019-04-18,17:00-18:00,212
第一食堂,2019-04-18,18:00-19:00,173
第一食堂,2019-04-18,19:00-20:00,33
第一食堂,2019-04-18,20:00-21:00,29
第一食堂,2019-04-18,21:00-22:00,64
第一食堂,2019-04-18,22:00-23:00,37
第一食堂,2019-04-19,07:00-08:00,383
第一食堂,2019-04-19,08:00-09:00,72
第一食堂,2019-04-19,09:00-10:00,48
第一食堂,2019-04-19,10:00-11:00,27
第一食堂,2019-04-19,11:00-12:00,412
第一食堂,2019-04-19,12:00-13:00,252
第一食堂,2019-04-19,13:00-14:00,7
第一食堂,2019-04-19,14:00-15:00,0
第一食堂,2019-04-19,15:00-16:00,1
第一食堂,2019-04-19,16:00-17:00,67
第一食堂,2019-04-19,17:00-18:00,134
第一食堂,2019-04-19,18:00-19:00,155
第一食堂,2019-04-19,19:00-20:00,51
第一食堂,2019-04-19,20:00-21:00,13
第一食堂,2019-04-19,21:00-22:00,45
第一食堂,2019-04-19,22:00-23:00,36
第一食堂,2019-04-20,07:00-08:00,39
第一食堂,2019-04-20,08:00-09:00,42
第一食堂,2019-04-20,09:00-10:00,35
第一食堂,2019-04-20,10:00-11:00,29
第一食堂,2019-04-20,11:00-12:00,142
第一食堂,2019-04-20,12:00-13:00,106
第一食堂,2019-04-20,13:00-14:00,4
第一食堂,2019-04-20,14:00-15:00,4
第一食堂,2019-04-20,15:00-16:00,0
第一食堂,2019-04-20,16:00-17:00,21
第一食堂,2019-04-20,17:00-18:00,102
第一食堂,2019-04-20,18:00-19:00,95
第一食堂,2019-04-20,19:00-20:00,33
第一食堂,2019-04-20,20:00-21:00,27
第一食堂,2019-04-20,21:00-22:00,26
第一食堂,2019-04-20,22:00-23:00,17
第一食堂,2019-04-21,07:00-08:00,15
第一食堂,2019-04-21,08:00-09:00,29
第一食堂,2019-04-21,09:00-10:00,35
第一食堂,2019-04-21,10:00-11:00,15
第一食堂,2019-04-21,11:00-12:00,216
第一食堂,2019-04-21,12:00-13:00,145
第一食堂,2019-04-21,13:00-14:00,6
第一食堂,2019-04-21,14:00-15:00,4
第一食堂,2019-04-21,15:00-16:00,3
第一食堂,2019-04-21,16:00-17:00,8
第一食堂,2019-04-21,17:00-18:00,124
第一食堂,2019-04-21,18:00-19:00,136
第一食堂,2019-04-21,19:00-20:00,35
第一食堂,2019-04-21,20:00-21:00,15
第一食堂,2019-04-21,21:00-22:00,40
第一食堂,2019-04-21,22:00-23:00,24
第一食堂,2019-04-22,07:00-08:00,331
第一食堂,2019-04-22,08:00-09:00,32
第一食堂,2019-04-22,09:00-10:00,98
第一食堂,2019-04-22,10:00-11:00,20
第一食堂,2019-04-22,11:00-12:00,617
第一食堂,2019-04-22,12:00-13:00,204
第一食堂,2019-04-22,13:00-14:00,5
第一食堂,2019-04-22,14:00-15:00,0
第一食堂,2019-04-22,15:00-16:00,16
第一食堂,2019-04-22,16:00-17:00,134
第一食堂,2019-04-22,17:00-18:00,235
第一食堂,2019-04-22,18:00-19:00,239
第一食堂,2019-04-22,19:00-20:00,35
第一食堂,2019-04-22,20:00-21:00,21
第一食堂,2019-04-22,21:00-22:00,70
第一食堂,2019-04-22,22:00-23:00,18
第一食堂,2019-04-23,07:00-08:00,535
第一食堂,2019-04-23,08:00-09:00,38
第一食堂,2019-04-23,09:00-10:00,117
第一食堂,2019-04-23,10:00-11:00,26
第一食堂,2019-04-23,11:00-12:00,809
第一食堂,2019-04-23,12:00-13:00,179
第一食堂,2019-04-23,13:00-14:00,2
第一食堂,2019-04-23,14:00-15:00,7
第一食堂,2019-04-23,15:00-16:00,4
第一食堂,2019-04-23,16:00-17:00,141
第一食堂,2019-04-23,17:00-18:00,199
第一食堂,2019-04-23,18:00-19:00,253
第一食堂,2019-04-23,19:00-20:00,51
第一食堂,2019-04-23,20:00-21:00,20
第一食堂,2019-04-23,21:00-22:00,76
第一食堂,2019-04-23,22:00-23:00,68
第一食堂,2019-04-24,07:00-08:00,464
第一食堂,2019-04-24,08:00-09:00,78
第一食堂,2019-04-24,09:00-10:00,152
第一食堂,2019-04-24,10:00-11:00,18
第一食堂,2019-04-24,11:00-12:00,622
第一食堂,2019-04-24,12:00-13:00,250
第一食堂,2019-04-24,13:00-14:00,3
第一食堂,2019-04-24,14:00-15:00,0
第一食堂,2019-04-24,15:00-16:00,7
第一食堂,2019-04-24,16:00-17:00,119
第一食堂,2019-04-24,17:00-18:00,156
第一食堂,2019-04-24,18:00-19:00,138
第一食堂,2019-04-24,19:00-20:00,39
第一食堂,2019-04-24,20:00-21:00,19
第一食堂,2019-04-24,21:00-22:00,76
第一食堂,2019-04-24,22:00-23:00,38
第一食堂,2019-04-25,07:00-08:00,520
第一食堂,2019-04-25,08:00-09:00,85
第一食堂,2019-04-25,09:00-10:00,109
第一食堂,2019-04-25,10:00-11:00,31
第一食堂,2019-04-25,11:00-12:00,480
第一食堂,2019-04-25,12:00-13:00,169
第一食堂,2019-04-25,13:00-14:00,1
第一食堂,2019-04-25,14:00-15:00,3
第一食堂,2019-04-25,15:00-16:00,3
第一食堂,2019-04-25,16:00-17:00,36
第一食堂,2019-04-25,17:00-18:00,188
第一食堂,2019-04-25,18:00-19:00,141
第一食堂,2019-04-25,19:00-20:00,38
第一食堂,2019-04-25,20:00-21:00,41
第一食堂,2019-04-25,21:00-22:00,85
第一食堂,2019-04-25,22:00-23:00,48
第一食堂,2019-04-26,07:00-08:00,433
第一食堂,2019-04-26,08:00-09:00,84
第一食堂,2019-04-26,09:00-10:00,72
第一食堂,2019-04-26,10:00-11:00,14
第一食堂,2019-04-26,11:00-12:00,365
第一食堂,2019-04-26,12:00-13:00,161
第一食堂,2019-04-26,13:00-14:00,4
第一食堂,2019-04-26,14:00-15:00,0
第一食堂,2019-04-26,15:00-16:00,17
第一食堂,2019-04-26,16:00-17:00,33
第一食堂,2019-04-26,17:00-18:00,43
第一食堂,2019-04-26,18:00-19:00,61
第一食堂,2019-04-26,19:00-20:00,10
第一食堂,2019-04-26,20:00-21:00,4
第一食堂,2019-04-26,21:00-22:00,1
第一食堂,2019-04-26,22:00-23:00,0
第一食堂,2019-04-27,07:00-08:00,0
第一食堂,2019-04-27,08:00-09:00,0
第一食堂,2019-04-27,09:00-10:00,0
第一食堂,2019-04-27,10:00-11:00,0
第一食堂,2019-04-27,11:00-12:00,0
第一食堂,2019-04-27,12:00-13:00,0
第一食堂,2019-04-27,13:00-14:00,0
第一食堂,2019-04-27,14:00-15:00,0
第一食堂,2019-04-27,15:00-16:00,0
第一食堂,2019-04-27,16:00-17:00,0
第一食堂,2019-04-27,17:00-18:00,0
第一食堂,2019-04-27,18:00-19:00,0
第一食堂,2019-04-27,19:00-20:00,0
第一食堂,2019-04-27,20:00-21:00,0
第一食堂,2019-04-27,21:00-22:00,0
第一食堂,2019-04-27,22:00-23:00,0
第一食堂,2019-04-28,07:00-08:00,0
第一食堂,2019-04-28,08:00-09:00,0
第一食堂,2019-04-28,09:00-10:00,0
第一食堂,2019-04-28,10:00-11:00,0
第一食堂,2019-04-28,11:00-12:00,0
第一食堂,2019-04-28,12:00-13:00,0
第一食堂,2019-04-28,13:00-14:00,0
第一食堂,2019-04-28,14:00-15:00,0
第一食堂,2019-04-28,15:00-16:00,0
第一食堂,2019-04-28,16:00-17:00,0
第一食堂,2019-04-28,17:00-18:00,0
第一食堂,2019-04-28,18:00-19:00,0
第一食堂,2019-04-28,19:00-20:00,0
第一食堂,2019-04-28,20:00-21:00,0
第一食堂,2019-04-28,21:00-22:00,0
第一食堂,2019-04-28,22:00-23:00,0
第一食堂,2019-04-29,07:00-08:00,59
第一食堂,2019-04-29,08:00-09:00,134
第一食堂,2019-04-29,09:00-10:00,93
第一食堂,2019-04-29,10:00-11:00,49
第一食堂,2019-04-29,11:00-12:00,186
第一食堂,2019-04-29,12:00-13:00,161
第一食堂,2019-04-29,13:00-14:00,6
第一食堂,2019-04-29,14:00-15:00,4
第一食堂,2019-04-29,15:00-16:00,4
第一食堂,2019-04-29,16:00-17:00,14
第一食堂,2019-04-29,17:00-18:00,136
第一食堂,2019-04-29,18:00-19:00,190
第一食堂,2019-04-29,19:00-20:00,74
第一食堂,2019-04-29,20:00-21:00,49
第一食堂,2019-04-29,21:00-22:00,56
第一食堂,2019-04-29,22:00-23:00,60
第一食堂,2019-04-30,07:00-08:00,61
第一食堂,2019-04-30,08:00-09:00,135
第一食堂,2019-04-30,09:00-10:00,72
第一食堂,2019-04-30,10:00-11:00,57
第一食堂,2019-04-30,11:00-12:00,227
第一食堂,2019-04-30,12:00-13:00,208
第一食堂,2019-04-30,13:00-14:00,13
第一食堂,2019-04-30,14:00-15:00,9
第一食堂,2019-04-30,15:00-16:00,4
第一食堂,2019-04-30,16:00-17:00,27
第一食堂,2019-04-30,17:00-18:00,161
第一食堂,2019-04-30,18:00-19:00,216
第一食堂,2019-04-30,19:00-20:00,68
第一食堂,2019-04-30,20:00-21:00,36
第一食堂,2019-04-30,21:00-22:00,89
第一食堂,2019-04-30,22:00-23:00,45
教师食堂,2019-04-01,07:00-08:00,0
教师食堂,2019-04-01,08:00-09:00,0
教师食堂,2019-04-01,09:00-10:00,0
教师食堂,2019-04-01,10:00-11:00,0
教师食堂,2019-04-01,11:00-12:00,39
教师食堂,2019-04-01,12:00-13:00,53
教师食堂,2019-04-01,13:00-14:00,0
教师食堂,2019-04-01,14:00-15:00,0
教师食堂,2019-04-01,15:00-16:00,0
教师食堂,2019-04-01,16:00-17:00,0
教师食堂,2019-04-01,17:00-18:00,0
教师食堂,2019-04-01,18:00-19:00,0
教师食堂,2019-04-01,19:00-20:00,0
教师食堂,2019-04-01,20:00-21:00,0
教师食堂,2019-04-01,21:00-22:00,0
教师食堂,2019-04-01,22:00-23:00,0
教师食堂,2019-04-02,07:00-08:00,0
教师食堂,2019-04-02,08:00-09:00,0
教师食堂,2019-04-02,09:00-10:00,0
教师食堂,2019-04-02,10:00-11:00,0
教师食堂,2019-04-02,11:00-12:00,27
教师食堂,2019-04-02,12:00-13:00,81
教师食堂,2019-04-02,13:00-14:00,0
教师食堂,2019-04-02,14:00-15:00,0
教师食堂,2019-04-02,15:00-16:00,0
教师食堂,2019-04-02,16:00-17:00,0
教师食堂,2019-04-02,17:00-18:00,0
教师食堂,2019-04-02,18:00-19:00,0
教师食堂,2019-04-02,19:00-20:00,0
教师食堂,2019-04-02,20:00-21:00,0
教师食堂,2019-04-02,21:00-22:00,0
教师食堂,2019-04-02,22:00-23:00,0
教师食堂,2019-04-03,07:00-08:00,0
教师食堂,2019-04-03,08:00-09:00,0
教师食堂,2019-04-03,09:00-10:00,0
教师食堂,2019-04-03,10:00-11:00,0
教师食堂,2019-04-03,11:00-12:00,45
教师食堂,2019-04-03,12:00-13:00,62
教师食堂,2019-04-03,13:00-14:00,0
教师食堂,2019-04-03,14:00-15:00,0
教师食堂,2019-04-03,15:00-16:00,0
教师食堂,2019-04-03,16:00-17:00,0
教师食堂,2019-04-03,17:00-18:00,0
教师食堂,2019-04-03,18:00-19:00,0
教师食堂,2019-04-03,19:00-20:00,0
教师食堂,2019-04-03,20:00-21:00,0
教师食堂,2019-04-03,21:00-22:00,0
教师食堂,2019-04-03,22:00-23:00,0
教师食堂,2019-04-04,07:00-08:00,0
教师食堂,2019-04-04,08:00-09:00,0
教师食堂,2019-04-04,09:00-10:00,0
教师食堂,2019-04-04,10:00-11:00,0
教师食堂,2019-04-04,11:00-12:00,39
教师食堂,2019-04-04,12:00-13:00,54
教师食堂,2019-04-04,13:00-14:00,0
教师食堂,2019-04-04,14:00-15:00,0
教师食堂,2019-04-04,15:00-16:00,0
教师食堂,2019-04-04,16:00-17:00,0
教师食堂,2019-04-04,17:00-18:00,0
教师食堂,2019-04-04,18:00-19:00,0
教师食堂,2019-04-04,19:00-20:00,0
教师食堂,2019-04-04,20:00-21:00,0
教师食堂,2019-04-04,21:00-22:00,0
教师食堂,2019-04-04,22:00-23:00,0
教师食堂,2019-04-05,07:00-08:00,0
教师食堂,2019-04-05,08:00-09:00,0
教师食堂,2019-04-05,09:00-10:00,0
教师食堂,2019-04-05,10:00-11:00,0
教师食堂,2019-04-05,11:00-12:00,0
教师食堂,2019-04-05,12:00-13:00,0
教师食堂,2019-04-05,13:00-14:00,0
教师食堂,2019-04-05,14:00-15:00,0
教师食堂,2019-04-05,15:00-16:00,0
教师食堂,2019-04-05,16:00-17:00,0
教师食堂,2019-04-05,17:00-18:00,0
教师食堂,2019-04-05,18:00-19:00,0
教师食堂,2019-04-05,19:00-20:00,0
教师食堂,2019-04-05,20:00-21:00,0
教师食堂,2019-04-05,21:00-22:00,0
教师食堂,2019-04-05,22:00-23:00,0
教师食堂,2019-04-06,07:00-08:00,0
教师食堂,2019-04-06,08:00-09:00,0
教师食堂,2019-04-06,09:00-10:00,0
教师食堂,2019-04-06,10:00-11:00,0
教师食堂,2019-04-06,11:00-12:00,0
教师食堂,2019-04-06,12:00-13:00,0
教师食堂,2019-04-06,13:00-14:00,0
教师食堂,2019-04-06,14:00-15:00,0
教师食堂,2019-04-06,15:00-16:00,0
教师食堂,2019-04-06,16:00-17:00,0
教师食堂,2019-04-06,17:00-18:00,0
教师食堂,2019-04-06,18:00-19:00,0
教师食堂,2019-04-06,19:00-20:00,0
教师食堂,2019-04-06,20:00-21:00,0
教师食堂,2019-04-06,21:00-22:00,0
教师食堂,2019-04-06,22:00-23:00,0
教师食堂,2019-04-07,07:00-08:00,0
教师食堂,2019-04-07,08:00-09:00,0
教师食堂,2019-04-07,09:00-10:00,0
教师食堂,2019-04-07,10:00-11:00,0
教师食堂,2019-04-07,11:00-12:00,0
教师食堂,2019-04-07,12:00-13:00,0
教师食堂,2019-04-07,13:00-14:00,0
教师食堂,2019-04-07,14:00-15:00,0
教师食堂,2019-04-07,15:00-16:00,0
教师食堂,2019-04-07,16:00-17:00,0
教师食堂,2019-04-07,17:00-18:00,0
教师食堂,2019-04-07,18:00-19:00,0
教师食堂,2019-04-07,19:00-20:00,0
教师食堂,2019-04-07,20:00-21:00,0
教师食堂,2019-04-07,21:00-22:00,0
教师食堂,2019-04-07,22:00-23:00,0
教师食堂,2019-04-08,07:00-08:00,0
教师食堂,2019-04-08,08:00-09:00,0
教师食堂,2019-04-08,09:00-10:00,0
教师食堂,2019-04-08,10:00-11:00,0
教师食堂,2019-04-08,11:00-12:00,21
教师食堂,2019-04-08,12:00-13:00,72
教师食堂,2019-04-08,13:00-14:00,0
教师食堂,2019-04-08,14:00-15:00,0
教师食堂,2019-04-08,15:00-16:00,0
教师食堂,2019-04-08,16:00-17:00,0
教师食堂,2019-04-08,17:00-18:00,0
教师食堂,2019-04-08,18:00-19:00,0
教师食堂,2019-04-08,19:00-20:00,0
教师食堂,2019-04-08,20:00-21:00,0
教师食堂,2019-04-08,21:00-22:00,0
教师食堂,2019-04-08,22:00-23:00,0
教师食堂,2019-04-09,07:00-08:00,0
教师食堂,2019-04-09,08:00-09:00,0
教师食堂,2019-04-09,09:00-10:00,0
教师食堂,2019-04-09,10:00-11:00,0
教师食堂,2019-04-09,11:00-12:00,27
教师食堂,2019-04-09,12:00-13:00,86
教师食堂,2019-04-09,13:00-14:00,0
教师食堂,2019-04-09,14:00-15:00,0
教师食堂,2019-04-09,15:00-16:00,0
教师食堂,2019-04-09,16:00-17:00,0
教师食堂,2019-04-09,17:00-18:00,0
教师食堂,2019-04-09,18:00-19:00,0
教师食堂,2019-04-09,19:00-20:00,0
教师食堂,2019-04-09,20:00-21:00,0
教师食堂,2019-04-09,21:00-22:00,0
教师食堂,2019-04-09,22:00-23:00,0
教师食堂,2019-04-10,07:00-08:00,0
教师食堂,2019-04-10,08:00-09:00,0
教师食堂,2019-04-10,09:00-10:00,0
教师食堂,2019-04-10,10:00-11:00,0
教师食堂,2019-04-10,11:00-12:00,29
教师食堂,2019-04-10,12:00-13:00,70
教师食堂,2019-04-10,13:00-14:00,0
教师食堂,2019-04-10,14:00-15:00,0
教师食堂,2019-04-10,15:00-16:00,0
教师食堂,2019-04-10,16:00-17:00,0
教师食堂,2019-04-10,17:00-18:00,0
教师食堂,2019-04-10,18:00-19:00,0
教师食堂,2019-04-10,19:00-20:00,0
教师食堂,2019-04-10,20:00-21:00,0
教师食堂,2019-04-10,21:00-22:00,0
教师食堂,2019-04-10,22:00-23:00,0
教师食堂,2019-04-11,07:00-08:00,0
教师食堂,2019-04-11,08:00-09:00,0
教师食堂,2019-04-11,09:00-10:00,0
教师食堂,2019-04-11,10:00-11:00,0
教师食堂,2019-04-11,11:00-12:00,40
教师食堂,2019-04-11,12:00-13:00,79
教师食堂,2019-04-11,13:00-14:00,0
教师食堂,2019-04-11,14:00-15:00,0
教师食堂,2019-04-11,15:00-16:00,0
教师食堂,2019-04-11,16:00-17:00,0
教师食堂,2019-04-11,17:00-18:00,0
教师食堂,2019-04-11,18:00-19:00,0
教师食堂,2019-04-11,19:00-20:00,0
教师食堂,2019-04-11,20:00-21:00,0
教师食堂,2019-04-11,21:00-22:00,0
教师食堂,2019-04-11,22:00-23:00,0
教师食堂,2019-04-12,07:00-08:00,0
教师食堂,2019-04-12,08:00-09:00,0
教师食堂,2019-04-12,09:00-10:00,0
教师食堂,2019-04-12,10:00-11:00,0
教师食堂,2019-04-12,11:00-12:00,27
教师食堂,2019-04-12,12:00-13:00,52
教师食堂,2019-04-12,13:00-14:00,0
教师食堂,2019-04-12,14:00-15:00,0
教师食堂,2019-04-12,15:00-16:00,0
教师食堂,2019-04-12,16:00-17:00,0
教师食堂,2019-04-12,17:00-18:00,0
教师食堂,2019-04-12,18:00-19:00,0
教师食堂,2019-04-12,19:00-20:00,0
教师食堂,2019-04-12,20:00-21:00,0
教师食堂,2019-04-12,21:00-22:00,0
教师食堂,2019-04-12,22:00-23:00,0
教师食堂,2019-04-13,07:00-08:00,0
教师食堂,2019-04-13,08:00-09:00,0
教师食堂,2019-04-13,09:00-10:00,0
教师食堂,2019-04-13,10:00-11:00,0
教师食堂,2019-04-13,11:00-12:00,0
教师食堂,2019-04-13,12:00-13:00,0
教师食堂,2019-04-13,13:00-14:00,0
教师食堂,2019-04-13,14:00-15:00,0
教师食堂,2019-04-13,15:00-16:00,0
教师食堂,2019-04-13,16:00-17:00,0
教师食堂,2019-04-13,17:00-18:00,0
教师食堂,2019-04-13,18:00-19:00,0
教师食堂,2019-04-13,19:00-20:00,0
教师食堂,2019-04-13,20:00-21:00,0
教师食堂,2019-04-13,21:00-22:00,0
教师食堂,2019-04-13,22:00-23:00,0
教师食堂,2019-04-14,07:00-08:00,0
教师食堂,2019-04-14,08:00-09:00,0
教师食堂,2019-04-14,09:00-10:00,0
教师食堂,2019-04-14,10:00-11:00,0
教师食堂,2019-04-14,11:00-12:00,0
教师食堂,2019-04-14,12:00-13:00,0
教师食堂,2019-04-14,13:00-14:00,0
教师食堂,2019-04-14,14:00-15:00,0
教师食堂,2019-04-14,15:00-16:00,0
教师食堂,2019-04-14,16:00-17:00,0
教师食堂,2019-04-14,17:00-18:00,0
教师食堂,2019-04-14,18:00-19:00,0
教师食堂,2019-04-14,19:00-20:00,0
教师食堂,2019-04-14,20:00-21:00,0
教师食堂,2019-04-14,21:00-22:00,0
教师食堂,2019-04-14,22:00-23:00,0
教师食堂,2019-04-15,07:00-08:00,0
教师食堂,2019-04-15,08:00-09:00,0
教师食堂,2019-04-15,09:00-10:00,0
教师食堂,2019-04-15,10:00-11:00,0
教师食堂,2019-04-15,11:00-12:00,36
教师食堂,2019-04-15,12:00-13:00,74
教师食堂,2019-04-15,13:00-14:00,0
教师食堂,2019-04-15,14:00-15:00,0
教师食堂,2019-04-15,15:00-16:00,0
教师食堂,2019-04-15,16:00-17:00,0
教师食堂,2019-04-15,17:00-18:00,0
教师食堂,2019-04-15,18:00-19:00,0
教师食堂,2019-04-15,19:00-20:00,0
教师食堂,2019-04-15,20:00-21:00,0
教师食堂,2019-04-15,21:00-22:00,0
教师食堂,2019-04-15,22:00-23:00,0
教师食堂,2019-04-16,07:00-08:00,0
教师食堂,2019-04-16,08:00-09:00,0
教师食堂,2019-04-16,09:00-10:00,0
教师食堂,2019-04-16,10:00-11:00,0
教师食堂,2019-04-16,11:00-12:00,42
教师食堂,2019-04-16,12:00-13:00,67
教师食堂,2019-04-16,13:00-14:00,0
教师食堂,2019-04-16,14:00-15:00,0
教师食堂,2019-04-16,15:00-16:00,0
教师食堂,2019-04-16,16:00-17:00,0
教师食堂,2019-04-16,17:00-18:00,0
教师食堂,2019-04-16,18:00-19:00,0
教师食堂,2019-04-16,19:00-20:00,0
教师食堂,2019-04-16,20:00-21:00,0
教师食堂,2019-04-16,21:00-22:00,0
教师食堂,2019-04-16,22:00-23:00,0
教师食堂,2019-04-17,07:00-08:00,0
教师食堂,2019-04-17,08:00-09:00,0
教师食堂,2019-04-17,09:00-10:00,0
教师食堂,2019-04-17,10:00-11:00,0
教师食堂,2019-04-17,11:00-12:00,61
教师食堂,2019-04-17,12:00-13:00,43
教师食堂,2019-04-17,13:00-14:00,0
教师食堂,2019-04-17,14:00-15:00,0
教师食堂,2019-04-17,15:00-16:00,0
教师食堂,2019-04-17,16:00-17:00,0
教师食堂,2019-04-17,17:00-18:00,0
教师食堂,2019-04-17,18:00-19:00,0
教师食堂,2019-04-17,19:00-20:00,0
教师食堂,2019-04-17,20:00-21:00,0
教师食堂,2019-04-17,21:00-22:00,0
教师食堂,2019-04-17,22:00-23:00,0
教师食堂,2019-04-18,07:00-08:00,0
教师食堂,2019-04-18,08:00-09:00,0
教师食堂,2019-04-18,09:00-10:00,0
教师食堂,2019-04-18,10:00-11:00,0
教师食堂,2019-04-18,11:00-12:00,44
教师食堂,2019-04-18,12:00-13:00,86
教师食堂,2019-04-18,13:00-14:00,0
教师食堂,2019-04-18,14:00-15:00,0
教师食堂,2019-04-18,15:00-16:00,0
教师食堂,2019-04-18,16:00-17:00,0
教师食堂,2019-04-18,17:00-18:00,0
教师食堂,2019-04-18,18:00-19:00,0
教师食堂,2019-04-18,19:00-20:00,0
教师食堂,2019-04-18,20:00-21:00,0
教师食堂,2019-04-18,21:00-22:00,0
教师食堂,2019-04-18,22:00-23:00,0
教师食堂,2019-04-19,07:00-08:00,0
教师食堂,2019-04-19,08:00-09:00,0
教师食堂,2019-04-19,09:00-10:00,0
教师食堂,2019-04-19,10:00-11:00,0
教师食堂,2019-04-19,11:00-12:00,27
教师食堂,2019-04-19,12:00-13:00,58
教师食堂,2019-04-19,13:00-14:00,0
教师食堂,2019-04-19,14:00-15:00,0
教师食堂,2019-04-19,15:00-16:00,0
教师食堂,2019-04-19,16:00-17:00,0
教师食堂,2019-04-19,17:00-18:00,0
教师食堂,2019-04-19,18:00-19:00,0
教师食堂,2019-04-19,19:00-20:00,0
教师食堂,2019-04-19,20:00-21:00,0
教师食堂,2019-04-19,21:00-22:00,0
教师食堂,2019-04-19,22:00-23:00,0
教师食堂,2019-04-20,07:00-08:00,0
教师食堂,2019-04-20,08:00-09:00,0
教师食堂,2019-04-20,09:00-10:00,0
教师食堂,2019-04-20,10:00-11:00,0
教师食堂,2019-04-20,11:00-12:00,0
教师食堂,2019-04-20,12:00-13:00,0
教师食堂,2019-04-20,13:00-14:00,0
教师食堂,2019-04-20,14:00-15:00,0
教师食堂,2019-04-20,15:00-16:00,0
教师食堂,2019-04-20,16:00-17:00,0
教师食堂,2019-04-20,17:00-18:00,0
教师食堂,2019-04-20,18:00-19:00,0
教师食堂,2019-04-20,19:00-20:00,0
教师食堂,2019-04-20,20:00-21:00,0
教师食堂,2019-04-20,21:00-22:00,0
教师食堂,2019-04-20,22:00-23:00,0
教师食堂,2019-04-21,07:00-08:00,0
教师食堂,2019-04-21,08:00-09:00,0
教师食堂,2019-04-21,09:00-10:00,0
教师食堂,2019-04-21,10:00-11:00,0
教师食堂,2019-04-21,11:00-12:00,0
教师食堂,2019-04-21,12:00-13:00,0
教师食堂,2019-04-21,13:00-14:00,0
教师食堂,2019-04-21,14:00-15:00,0
教师食堂,2019-04-21,15:00-16:00,0
教师食堂,2019-04-21,16:00-17:00,0
教师食堂,2019-04-21,17:00-18:00,0
教师食堂,2019-04-21,18:00-19:00,0
教师食堂,2019-04-21,19:00-20:00,0
教师食堂,2019-04-21,20:00-21:00,0
教师食堂,2019-04-21,21:00-22:00,0
教师食堂,2019-04-21,22:00-23:00,0
教师食堂,2019-04-22,07:00-08:00,0
教师食堂,2019-04-22,08:00-09:00,0
教师食堂,2019-04-22,09:00-10:00,0
教师食堂,2019-04-22,10:00-11:00,0
教师食堂,2019-04-22,11:00-12:00,40
教师食堂,2019-04-22,12:00-13:00,73
教师食堂,2019-04-22,13:00-14:00,0
教师食堂,2019-04-22,14:00-15:00,0
教师食堂,2019-04-22,15:00-16:00,0
教师食堂,2019-04-22,16:00-17:00,0
教师食堂,2019-04-22,17:00-18:00,0
教师食堂,2019-04-22,18:00-19:00,0
教师食堂,2019-04-22,19:00-20:00,0
教师食堂,2019-04-22,20:00-21:00,0
教师食堂,2019-04-22,21:00-22:00,0
教师食堂,2019-04-22,22:00-23:00,0
教师食堂,2019-04-23,07:00-08:00,0
教师食堂,2019-04-23,08:00-09:00,0
教师食堂,2019-04-23,09:00-10:00,0
教师食堂,2019-04-23,10:00-11:00,1
教师食堂,2019-04-23,11:00-12:00,41
教师食堂,2019-04-23,12:00-13:00,68
教师食堂,2019-04-23,13:00-14:00,0
教师食堂,2019-04-23,14:00-15:00,0
教师食堂,2019-04-23,15:00-16:00,0
教师食堂,2019-04-23,16:00-17:00,0
教师食堂,2019-04-23,17:00-18:00,0
教师食堂,2019-04-23,18:00-19:00,0
教师食堂,2019-04-23,19:00-20:00,0
教师食堂,2019-04-23,20:00-21:00,0
教师食堂,2019-04-23,21:00-22:00,0
教师食堂,2019-04-23,22:00-23:00,0
教师食堂,2019-04-24,07:00-08:00,0
教师食堂,2019-04-24,08:00-09:00,0
教师食堂,2019-04-24,09:00-10:00,0
教师食堂,2019-04-24,10:00-11:00,0
教师食堂,2019-04-24,11:00-12:00,35
教师食堂,2019-04-24,12:00-13:00,69
教师食堂,2019-04-24,13:00-14:00,0
教师食堂,2019-04-24,14:00-15:00,0
教师食堂,2019-04-24,15:00-16:00,0
教师食堂,2019-04-24,16:00-17:00,0
教师食堂,2019-04-24,17:00-18:00,0
教师食堂,2019-04-24,18:00-19:00,0
教师食堂,2019-04-24,19:00-20:00,0
教师食堂,2019-04-24,20:00-21:00,0
教师食堂,2019-04-24,21:00-22:00,0
教师食堂,2019-04-24,22:00-23:00,0
教师食堂,2019-04-25,07:00-08:00,0
教师食堂,2019-04-25,08:00-09:00,0
教师食堂,2019-04-25,09:00-10:00,0
教师食堂,2019-04-25,10:00-11:00,0
教师食堂,2019-04-25,11:00-12:00,47
教师食堂,2019-04-25,12:00-13:00,74
教师食堂,2019-04-25,13:00-14:00,0
教师食堂,2019-04-25,14:00-15:00,0
教师食堂,2019-04-25,15:00-16:00,0
教师食堂,2019-04-25,16:00-17:00,0
教师食堂,2019-04-25,17:00-18:00,0
教师食堂,2019-04-25,18:00-19:00,0
教师食堂,2019-04-25,19:00-20:00,0
教师食堂,2019-04-25,20:00-21:00,0
教师食堂,2019-04-25,21:00-22:00,0
教师食堂,2019-04-25,22:00-23:00,0
教师食堂,2019-04-26,07:00-08:00,0
教师食堂,2019-04-26,08:00-09:00,0
教师食堂,2019-04-26,09:00-10:00,0
教师食堂,2019-04-26,10:00-11:00,0
教师食堂,2019-04-26,11:00-12:00,24
教师食堂,2019-04-26,12:00-13:00,64
教师食堂,2019-04-26,13:00-14:00,0
教师食堂,2019-04-26,14:00-15:00,0
教师食堂,2019-04-26,15:00-16:00,0
教师食堂,2019-04-26,16:00-17:00,0
教师食堂,2019-04-26,17:00-18:00,0
教师食堂,2019-04-26,18:00-19:00,0
教师食堂,2019-04-26,19:00-20:00,0
教师食堂,2019-04-26,20:00-21:00,0
教师食堂,2019-04-26,21:00-22:00,0
教师食堂,2019-04-26,22:00-23:00,0
教师食堂,2019-04-27,07:00-08:00,0
教师食堂,2019-04-27,08:00-09:00,0
教师食堂,2019-04-27,09:00-10:00,0
教师食堂,2019-04-27,10:00-11:00,0
教师食堂,2019-04-27,11:00-12:00,0
教师食堂,2019-04-27,12:00-13:00,0
教师食堂,2019-04-27,13:00-14:00,0
教师食堂,2019-04-27,14:00-15:00,0
教师食堂,2019-04-27,15:00-16:00,0
教师食堂,2019-04-27,16:00-17:00,0
教师食堂,2019-04-27,17:00-18:00,0
教师食堂,2019-04-27,18:00-19:00,0
教师食堂,2019-04-27,19:00-20:00,0
教师食堂,2019-04-27,20:00-21:00,0
教师食堂,2019-04-27,21:00-22:00,0
教师食堂,2019-04-27,22:00-23:00,0
教师食堂,2019-04-28,07:00-08:00,0
教师食堂,2019-04-28,08:00-09:00,0
教师食堂,2019-04-28,09:00-10:00,0
教师食堂,2019-04-28,10:00-11:00,0
教师食堂,2019-04-28,11:00-12:00,0
教师食堂,2019-04-28,12:00-13:00,0
教师食堂,2019-04-28,13:00-14:00,0
教师食堂,2019-04-28,14:00-15:00,0
教师食堂,2019-04-28,15:00-16:00,0
教师食堂,2019-04-28,16:00-17:00,0
教师食堂,2019-04-28,17:00-18:00,0
教师食堂,2019-04-28,18:00-19:00,0
教师食堂,2019-04-28,19:00-20:00,0
教师食堂,2019-04-28,20:00-21:00,0
教师食堂,2019-04-28,21:00-22:00,0
教师食堂,2019-04-28,22:00-23:00,0
教师食堂,2019-04-29,07:00-08:00,0
教师食堂,2019-04-29,08:00-09:00,0
教师食堂,2019-04-29,09:00-10:00,0
教师食堂,2019-04-29,10:00-11:00,0
教师食堂,2019-04-29,11:00-12:00,0
教师食堂,2019-04-29,12:00-13:00,0
教师食堂,2019-04-29,13:00-14:00,0
教师食堂,2019-04-29,14:00-15:00,0
教师食堂,2019-04-29,15:00-16:00,0
教师食堂,2019-04-29,16:00-17:00,0
教师食堂,2019-04-29,17:00-18:00,0
教师食堂,2019-04-29,18:00-19:00,0
教师食堂,2019-04-29,19:00-20:00,0
教师食堂,2019-04-29,20:00-21:00,0
教师食堂,2019-04-29,21:00-22:00,0
教师食堂,2019-04-29,22:00-23:00,0
教师食堂,2019-04-30,07:00-08:00,0
教师食堂,2019-04-30,08:00-09:00,0
教师食堂,2019-04-30,09:00-10:00,0
教师食堂,2019-04-30,10:00-11:00,0
教师食堂,2019-04-30,11:00-12:00,0
教师食堂,2019-04-30,12:00-13:00,0
教师食堂,2019-04-30,13:00-14:00,0
教师食堂,2019-04-30,14:00-15:00,0
教师食堂,2019-04-30,15:00-16:00,0
教师食堂,2019-04-30,16:00-17:00,0
教师食堂,2019-04-30,17:00-18:00,0
教师食堂,2019-04-30,18:00-19:00,0
教师食堂,2019-04-30,19:00-20:00,0
教师食堂,2019-04-30,20:00-21:00,0
教师食堂,2019-04-30,21:00-22:00,0
教师食堂,2019-04-30,22:00-23:00,0
好利来食品店,2019-04-01,07:00-08:00,315
好利来食品店,2019-04-01,08:00-09:00,31
好利来食品店,2019-04-01,09:00-10:00,221
好利来食品店,2019-04-01,10:00-11:00,23
好利来食品店,2019-04-01,11:00-12:00,61
好利来食品店,2019-04-01,12:00-13:00,107
好利来食品店,2019-04-01,13:00-14:00,26
好利来食品店,2019-04-01,14:00-15:00,51
好利来食品店,2019-04-01,15:00-16:00,14
好利来食品店,2019-04-01,16:00-17:00,198
好利来食品店,2019-04-01,17:00-18:00,71
好利来食品店,2019-04-01,18:00-19:00,74
好利来食品店,2019-04-01,19:00-20:00,80
好利来食品店,2019-04-01,20:00-21:00,49
好利来食品店,2019-04-01,21:00-22:00,100
好利来食品店,2019-04-01,22:00-23:00,38
好利来食品店,2019-04-02,07:00-08:00,298
好利来食品店,2019-04-02,08:00-09:00,34
好利来食品店,2019-04-02,09:00-10:00,122
好利来食品店,2019-04-02,10:00-11:00,8
好利来食品店,2019-04-02,11:00-12:00,63
好利来食品店,2019-04-02,12:00-13:00,95
好利来食品店,2019-04-02,13:00-14:00,18
好利来食品店,2019-04-02,14:00-15:00,62
好利来食品店,2019-04-02,15:00-16:00,18
好利来食品店,2019-04-02,16:00-17:00,146
好利来食品店,2019-04-02,17:00-18:00,82
好利来食品店,2019-04-02,18:00-19:00,83
好利来食品店,2019-04-02,19:00-20:00,46
好利来食品店,2019-04-02,20:00-21:00,37
好利来食品店,2019-04-02,21:00-22:00,42
好利来食品店,2019-04-02,22:00-23:00,41
好利来食品店,2019-04-03,07:00-08:00,306
好利来食品店,2019-04-03,08:00-09:00,16
好利来食品店,2019-04-03,09:00-10:00,81
好利来食品店,2019-04-03,10:00-11:00,5
好利来食品店,2019-04-03,11:00-12:00,55
好利来食品店,2019-04-03,12:00-13:00,78
好利来食品店,2019-04-03,13:00-14:00,25
好利来食品店,2019-04-03,14:00-15:00,54
好利来食品店,2019-04-03,15:00-16:00,17
好利来食品店,2019-04-03,16:00-17:00,134
好利来食品店,2019-04-03,17:00-18:00,67
好利来食品店,2019-04-03,18:00-19:00,119
好利来食品店,2019-04-03,19:00-20:00,66
好利来食品店,2019-04-03,20:00-21:00,37
好利来食品店,2019-04-03,21:00-22:00,114
好利来食品店,2019-04-03,22:00-23:00,77
好利来食品店,2019-04-04,07:00-08:00,359
好利来食品店,2019-04-04,08:00-09:00,32
好利来食品店,2019-04-04,09:00-10:00,126
好利来食品店,2019-04-04,10:00-11:00,15
好利来食品店,2019-04-04,11:00-12:00,68
好利来食品店,2019-04-04,12:00-13:00,101
好利来食品店,2019-04-04,13:00-14:00,32
好利来食品店,2019-04-04,14:00-15:00,41
好利来食品店,2019-04-04,15:00-16:00,44
好利来食品店,2019-04-04,16:00-17:00,68
好利来食品店,2019-04-04,17:00-18:00,66
好利来食品店,2019-04-04,18:00-19:00,79
好利来食品店,2019-04-04,19:00-20:00,72
好利来食品店,2019-04-04,20:00-21:00,35
好利来食品店,2019-04-04,21:00-22:00,127
好利来食品店,2019-04-04,22:00-23:00,46
好利来食品店,2019-04-05,07:00-08:00,30
好利来食品店,2019-04-05,08:00-09:00,83
好利来食品店,2019-04-05,09:00-10:00,69
好利来食品店,2019-04-05,10:00-11:00,32
好利来食品店,2019-04-05,11:00-12:00,33
好利来食品店,2019-04-05,12:00-13:00,45
好利来食品店,2019-04-05,13:00-14:00,15
好利来食品店,2019-04-05,14:00-15:00,18
好利来食品店,2019-04-05,15:00-16:00,10
好利来食品店,2019-04-05,16:00-17:00,20
好利来食品店,2019-04-05,17:00-18:00,21
好利来食品店,2019-04-05,18:00-19:00,63
好利来食品店,2019-04-05,19:00-20:00,58
好利来食品店,2019-04-05,20:00-21:00,36
好利来食品店,2019-04-05,21:00-22:00,26
好利来食品店,2019-04-05,22:00-23:00,28
好利来食品店,2019-04-06,07:00-08:00,16
好利来食品店,2019-04-06,08:00-09:00,42
好利来食品店,2019-04-06,09:00-10:00,37
好利来食品店,2019-04-06,10:00-11:00,25
好利来食品店,2019-04-06,11:00-12:00,34
好利来食品店,2019-04-06,12:00-13:00,36
好利来食品店,2019-04-06,13:00-14:00,28
好利来食品店,2019-04-06,14:00-15:00,14
好利来食品店,2019-04-06,15:00-16:00,23
好利来食品店,2019-04-06,16:00-17:00,15
好利来食品店,2019-04-06,17:00-18:00,34
好利来食品店,2019-04-06,18:00-19:00,46
好利来食品店,2019-04-06,19:00-20:00,33
好利来食品店,2019-04-06,20:00-21:00,28
好利来食品店,2019-04-06,21:00-22:00,23
好利来食品店,2019-04-06,22:00-23:00,19
好利来食品店,2019-04-07,07:00-08:00,4
好利来食品店,2019-04-07,08:00-09:00,34
好利来食品店,2019-04-07,09:00-10:00,34
好利来食品店,2019-04-07,10:00-11:00,26
好利来食品店,2019-04-07,11:00-12:00,31
好利来食品店,2019-04-07,12:00-13:00,45
好利来食品店,2019-04-07,13:00-14:00,14
好利来食品店,2019-04-07,14:00-15:00,10
好利来食品店,2019-04-07,15:00-16:00,9
好利来食品店,2019-04-07,16:00-17:00,16
好利来食品店,2019-04-07,17:00-18:00,35
好利来食品店,2019-04-07,18:00-19:00,43
好利来食品店,2019-04-07,19:00-20:00,43
好利来食品店,2019-04-07,20:00-21:00,28
好利来食品店,2019-04-07,21:00-22:00,60
好利来食品店,2019-04-07,22:00-23:00,33
好利来食品店,2019-04-08,07:00-08:00,306
好利来食品店,2019-04-08,08:00-09:00,33
好利来食品店,2019-04-08,09:00-10:00,159
好利来食品店,2019-04-08,10:00-11:00,39
好利来食品店,2019-04-08,11:00-12:00,51
好利来食品店,2019-04-08,12:00-13:00,75
好利来食品店,2019-04-08,13:00-14:00,18
好利来食品店,2019-04-08,14:00-15:00,72
好利来食品店,2019-04-08,15:00-16:00,13
好利来食品店,2019-04-08,16:00-17:00,185
好利来食品店,2019-04-08,17:00-18:00,71
好利来食品店,2019-04-08,18:00-19:00,105
好利来食品店,2019-04-08,19:00-20:00,84
好利来食品店,2019-04-08,20:00-21:00,35
好利来食品店,2019-04-08,21:00-22:00,102
好利来食品店,2019-04-08,22:00-23:00,81
好利来食品店,2019-04-09,07:00-08:00,387
好利来食品店,2019-04-09,08:00-09:00,52
好利来食品店,2019-04-09,09:00-10:00,151
好利来食品店,2019-04-09,10:00-11:00,7
好利来食品店,2019-04-09,11:00-12:00,113
好利来食品店,2019-04-09,12:00-13:00,65
好利来食品店,2019-04-09,13:00-14:00,22
好利来食品店,2019-04-09,14:00-15:00,58
好利来食品店,2019-04-09,15:00-16:00,18
好利来食品店,2019-04-09,16:00-17:00,174
好利来食品店,2019-04-09,17:00-18:00,68
好利来食品店,2019-04-09,18:00-19:00,72
好利来食品店,2019-04-09,19:00-20:00,45
好利来食品店,2019-04-09,20:00-21:00,24
好利来食品店,2019-04-09,21:00-22:00,93
好利来食品店,2019-04-09,22:00-23:00,56
好利来食品店,2019-04-10,07:00-08:00,394
好利来食品店,2019-04-10,08:00-09:00,29
好利来食品店,2019-04-10,09:00-10:00,115
好利来食品店,2019-04-10,10:00-11:00,20
好利来食品店,2019-04-10,11:00-12:00,44
好利来食品店,2019-04-10,12:00-13:00,83
好利来食品店,2019-04-10,13:00-14:00,12
好利来食品店,2019-04-10,14:00-15:00,58
好利来食品店,2019-04-10,15:00-16:00,14
好利来食品店,2019-04-10,16:00-17:00,128
好利来食品店,2019-04-10,17:00-18:00,55
好利来食品店,2019-04-10,18:00-19:00,90
好利来食品店,2019-04-10,19:00-20:00,72
好利来食品店,2019-04-10,20:00-21:00,23
好利来食品店,2019-04-10,21:00-22:00,110
好利来食品店,2019-04-10,22:00-23:00,62
好利来食品店,2019-04-11,07:00-08:00,371
好利来食品店,2019-04-11,08:00-09:00,30
好利来食品店,2019-04-11,09:00-10:00,152
好利来食品店,2019-04-11,10:00-11:00,24
好利来食品店,2019-04-11,11:00-12:00,70
好利来食品店,2019-04-11,12:00-13:00,95
好利来食品店,2019-04-11,13:00-14:00,35
好利来食品店,2019-04-11,14:00-15:00,43
好利来食品店,2019-04-11,15:00-16:00,48
好利来食品店,2019-04-11,16:00-17:00,75
好利来食品店,2019-04-11,17:00-18:00,100
好利来食品店,2019-04-11,18:00-19:00,112
好利来食品店,2019-04-11,19:00-20:00,100
好利来食品店,2019-04-11,20:00-21:00,44
好利来食品店,2019-04-11,21:00-22:00,122
好利来食品店,2019-04-11,22:00-23:00,76
好利来食品店,2019-04-12,07:00-08:00,289
好利来食品店,2019-04-12,08:00-09:00,39
好利来食品店,2019-04-12,09:00-10:00,142
好利来食品店,2019-04-12,10:00-11:00,36
好利来食品店,2019-04-12,11:00-12:00,77
好利来食品店,2019-04-12,12:00-13:00,90
好利来食品店,2019-04-12,13:00-14:00,26
好利来食品店,2019-04-12,14:00-15:00,53
好利来食品店,2019-04-12,15:00-16:00,19
好利来食品店,2019-04-12,16:00-17:00,148
好利来食品店,2019-04-12,17:00-18:00,55
好利来食品店,2019-04-12,18:00-19:00,69
好利来食品店,2019-04-12,19:00-20:00,45
好利来食品店,2019-04-12,20:00-21:00,43
好利来食品店,2019-04-12,21:00-22:00,68
好利来食品店,2019-04-12,22:00-23:00,75
好利来食品店,2019-04-13,07:00-08:00,46
好利来食品店,2019-04-13,08:00-09:00,58
好利来食品店,2019-04-13,09:00-10:00,47
好利来食品店,2019-04-13,10:00-11:00,22
好利来食品店,2019-04-13,11:00-12:00,30
好利来食品店,2019-04-13,12:00-13:00,51
好利来食品店,2019-04-13,13:00-14:00,28
好利来食品店,2019-04-13,14:00-15:00,19
好利来食品店,2019-04-13,15:00-16:00,29
好利来食品店,2019-04-13,16:00-17:00,21
好利来食品店,2019-04-13,17:00-18:00,56
好利来食品店,2019-04-13,18:00-19:00,58
好利来食品店,2019-04-13,19:00-20:00,36
好利来食品店,2019-04-13,20:00-21:00,28
好利来食品店,2019-04-13,21:00-22:00,24
好利来食品店,2019-04-13,22:00-23:00,31
好利来食品店,2019-04-14,07:00-08:00,40
好利来食品店,2019-04-14,08:00-09:00,19
好利来食品店,2019-04-14,09:00-10:00,26
好利来食品店,2019-04-14,10:00-11:00,22
好利来食品店,2019-04-14,11:00-12:00,31
好利来食品店,2019-04-14,12:00-13:00,47
好利来食品店,2019-04-14,13:00-14:00,25
好利来食品店,2019-04-14,14:00-15:00,16
好利来食品店,2019-04-14,15:00-16:00,23
好利来食品店,2019-04-14,16:00-17:00,17
好利来食品店,2019-04-14,17:00-18:00,47
好利来食品店,2019-04-14,18:00-19:00,54
好利来食品店,2019-04-14,19:00-20:00,57
好利来食品店,2019-04-14,20:00-21:00,42
好利来食品店,2019-04-14,21:00-22:00,45
好利来食品店,2019-04-14,22:00-23:00,35
好利来食品店,2019-04-15,07:00-08:00,270
好利来食品店,2019-04-15,08:00-09:00,37
好利来食品店,2019-04-15,09:00-10:00,99
好利来食品店,2019-04-15,10:00-11:00,23
好利来食品店,2019-04-15,11:00-12:00,75
好利来食品店,2019-04-15,12:00-13:00,74
好利来食品店,2019-04-15,13:00-14:00,13
好利来食品店,2019-04-15,14:00-15:00,53
好利来食品店,2019-04-15,15:00-16:00,18
好利来食品店,2019-04-15,16:00-17:00,238
好利来食品店,2019-04-15,17:00-18:00,59
好利来食品店,2019-04-15,18:00-19:00,69
好利来食品店,2019-04-15,19:00-20:00,61
好利来食品店,2019-04-15,20:00-21:00,39
好利来食品店,2019-04-15,21:00-22:00,110
好利来食品店,2019-04-15,22:00-23:00,53
好利来食品店,2019-04-16,07:00-08:00,312
好利来食品店,2019-04-16,08:00-09:00,42
好利来食品店,2019-04-16,09:00-10:00,138
好利来食品店,2019-04-16,10:00-11:00,20
好利来食品店,2019-04-16,11:00-12:00,37
好利来食品店,2019-04-16,12:00-13:00,102
好利来食品店,2019-04-16,13:00-14:00,22
好利来食品店,2019-04-16,14:00-15:00,60
好利来食品店,2019-04-16,15:00-16:00,9
好利来食品店,2019-04-16,16:00-17:00,211
好利来食品店,2019-04-16,17:00-18:00,62
好利来食品店,2019-04-16,18:00-19:00,95
好利来食品店,2019-04-16,19:00-20:00,62
好利来食品店,2019-04-16,20:00-21:00,32
好利来食品店,2019-04-16,21:00-22:00,117
好利来食品店,2019-04-16,22:00-23:00,83
好利来食品店,2019-04-17,07:00-08:00,327
好利来食品店,2019-04-17,08:00-09:00,33
好利来食品店,2019-04-17,09:00-10:00,118
好利来食品店,2019-04-17,10:00-11:00,20
好利来食品店,2019-04-17,11:00-12:00,73
好利来食品店,2019-04-17,12:00-13:00,85
好利来食品店,2019-04-17,13:00-14:00,16
好利来食品店,2019-04-17,14:00-15:00,62
好利来食品店,2019-04-17,15:00-16:00,22
好利来食品店,2019-04-17,16:00-17:00,141
好利来食品店,2019-04-17,17:00-18:00,77
好利来食品店,2019-04-17,18:00-19:00,68
好利来食品店,2019-04-17,19:00-20:00,56
好利来食品店,2019-04-17,20:00-21:00,40
好利来食品店,2019-04-17,21:00-22:00,96
好利来食品店,2019-04-17,22:00-23:00,72
好利来食品店,2019-04-18,07:00-08:00,402
好利来食品店,2019-04-18,08:00-09:00,45
好利来食品店,2019-04-18,09:00-10:00,139
好利来食品店,2019-04-18,10:00-11:00,20
好利来食品店,2019-04-18,11:00-12:00,69
好利来食品店,2019-04-18,12:00-13:00,85
好利来食品店,2019-04-18,13:00-14:00,59
好利来食品店,2019-04-18,14:00-15:00,45
好利来食品店,2019-04-18,15:00-16:00,44
好利来食品店,2019-04-18,16:00-17:00,49
好利来食品店,2019-04-18,17:00-18:00,77
好利来食品店,2019-04-18,18:00-19:00,82
好利来食品店,2019-04-18,19:00-20:00,89
好利来食品店,2019-04-18,20:00-21:00,50
好利来食品店,2019-04-18,21:00-22:00,116
好利来食品店,2019-04-18,22:00-23:00,71
好利来食品店,2019-04-19,07:00-08:00,312
好利来食品店,2019-04-19,08:00-09:00,66
好利来食品店,2019-04-19,09:00-10:00,123
好利来食品店,2019-04-19,10:00-11:00,15
好利来食品店,2019-04-19,11:00-12:00,91
好利来食品店,2019-04-19,12:00-13:00,108
好利来食品店,2019-04-19,13:00-14:00,26
好利来食品店,2019-04-19,14:00-15:00,22
好利来食品店,2019-04-19,15:00-16:00,12
好利来食品店,2019-04-19,16:00-17:00,114
好利来食品店,2019-04-19,17:00-18:00,89
好利来食品店,2019-04-19,18:00-19:00,80
好利来食品店,2019-04-19,19:00-20:00,59
好利来食品店,2019-04-19,20:00-21:00,39
好利来食品店,2019-04-19,21:00-22:00,75
好利来食品店,2019-04-19,22:00-23:00,57
好利来食品店,2019-04-20,07:00-08:00,37
好利来食品店,2019-04-20,08:00-09:00,35
好利来食品店,2019-04-20,09:00-10:00,45
好利来食品店,2019-04-20,10:00-11:00,33
好利来食品店,2019-04-20,11:00-12:00,46
好利来食品店,2019-04-20,12:00-13:00,59
好利来食品店,2019-04-20,13:00-14:00,28
好利来食品店,2019-04-20,14:00-15:00,24
好利来食品店,2019-04-20,15:00-16:00,30
好利来食品店,2019-04-20,16:00-17:00,20
好利来食品店,2019-04-20,17:00-18:00,60
好利来食品店,2019-04-20,18:00-19:00,78
好利来食品店,2019-04-20,19:00-20:00,55
好利来食品店,2019-04-20,20:00-21:00,43
好利来食品店,2019-04-20,21:00-22:00,33
好利来食品店,2019-04-20,22:00-23:00,30
好利来食品店,2019-04-21,07:00-08:00,28
好利来食品店,2019-04-21,08:00-09:00,25
好利来食品店,2019-04-21,09:00-10:00,47
好利来食品店,2019-04-21,10:00-11:00,32
好利来食品店,2019-04-21,11:00-12:00,53
好利来食品店,2019-04-21,12:00-13:00,62
好利来食品店,2019-04-21,13:00-14:00,38
好利来食品店,2019-04-21,14:00-15:00,16
好利来食品店,2019-04-21,15:00-16:00,16
好利来食品店,2019-04-21,16:00-17:00,21
好利来食品店,2019-04-21,17:00-18:00,42
好利来食品店,2019-04-21,18:00-19:00,53
好利来食品店,2019-04-21,19:00-20:00,52
好利来食品店,2019-04-21,20:00-21:00,39
好利来食品店,2019-04-21,21:00-22:00,39
好利来食品店,2019-04-21,22:00-23:00,35
好利来食品店,2019-04-22,07:00-08:00,239
好利来食品店,2019-04-22,08:00-09:00,37
好利来食品店,2019-04-22,09:00-10:00,146
好利来食品店,2019-04-22,10:00-11:00,35
好利来食品店,2019-04-22,11:00-12:00,51
好利来食品店,2019-04-22,12:00-13:00,101
好利来食品店,2019-04-22,13:00-14:00,9
好利来食品店,2019-04-22,14:00-15:00,50
好利来食品店,2019-04-22,15:00-16:00,11
好利来食品店,2019-04-22,16:00-17:00,186
好利来食品店,2019-04-22,17:00-18:00,90
好利来食品店,2019-04-22,18:00-19:00,85
好利来食品店,2019-04-22,19:00-20:00,64
好利来食品店,2019-04-22,20:00-21:00,58
好利来食品店,2019-04-22,21:00-22:00,104
好利来食品店,2019-04-22,22:00-23:00,62
好利来食品店,2019-04-23,07:00-08:00,364
好利来食品店,2019-04-23,08:00-09:00,34
好利来食品店,2019-04-23,09:00-10:00,147
好利来食品店,2019-04-23,10:00-11:00,20
好利来食品店,2019-04-23,11:00-12:00,39
好利来食品店,2019-04-23,12:00-13:00,120
好利来食品店,2019-04-23,13:00-14:00,14
好利来食品店,2019-04-23,14:00-15:00,38
好利来食品店,2019-04-23,15:00-16:00,20
好利来食品店,2019-04-23,16:00-17:00,145
好利来食品店,2019-04-23,17:00-18:00,69
好利来食品店,2019-04-23,18:00-19:00,103
好利来食品店,2019-04-23,19:00-20:00,47
好利来食品店,2019-04-23,20:00-21:00,37
好利来食品店,2019-04-23,21:00-22:00,105
好利来食品店,2019-04-23,22:00-23:00,71
好利来食品店,2019-04-24,07:00-08:00,338
好利来食品店,2019-04-24,08:00-09:00,46
好利来食品店,2019-04-24,09:00-10:00,115
好利来食品店,2019-04-24,10:00-11:00,18
好利来食品店,2019-04-24,11:00-12:00,46
好利来食品店,2019-04-24,12:00-13:00,102
好利来食品店,2019-04-24,13:00-14:00,13
好利来食品店,2019-04-24,14:00-15:00,32
好利来食品店,2019-04-24,15:00-16:00,19
好利来食品店,2019-04-24,16:00-17:00,135
好利来食品店,2019-04-24,17:00-18:00,57
好利来食品店,2019-04-24,18:00-19:00,64
好利来食品店,2019-04-24,19:00-20:00,72
好利来食品店,2019-04-24,20:00-21:00,31
好利来食品店,2019-04-24,21:00-22:00,126
好利来食品店,2019-04-24,22:00-23:00,55
好利来食品店,2019-04-25,07:00-08:00,336
好利来食品店,2019-04-25,08:00-09:00,34
好利来食品店,2019-04-25,09:00-10:00,155
好利来食品店,2019-04-25,10:00-11:00,31
好利来食品店,2019-04-25,11:00-12:00,72
好利来食品店,2019-04-25,12:00-13:00,110
好利来食品店,2019-04-25,13:00-14:00,49
好利来食品店,2019-04-25,14:00-15:00,22
好利来食品店,2019-04-25,15:00-16:00,59
好利来食品店,2019-04-25,16:00-17:00,89
好利来食品店,2019-04-25,17:00-18:00,59
好利来食品店,2019-04-25,18:00-19:00,57
好利来食品店,2019-04-25,19:00-20:00,67
好利来食品店,2019-04-25,20:00-21:00,38
好利来食品店,2019-04-25,21:00-22:00,137
好利来食品店,2019-04-25,22:00-23:00,54
好利来食品店,2019-04-26,07:00-08:00,310
好利来食品店,2019-04-26,08:00-09:00,49
好利来食品店,2019-04-26,09:00-10:00,165
好利来食品店,2019-04-26,10:00-11:00,25
好利来食品店,2019-04-26,11:00-12:00,55
好利来食品店,2019-04-26,12:00-13:00,100
好利来食品店,2019-04-26,13:00-14:00,28
好利来食品店,2019-04-26,14:00-15:00,30
好利来食品店,2019-04-26,15:00-16:00,18
好利来食品店,2019-04-26,16:00-17:00,103
好利来食品店,2019-04-26,17:00-18:00,48
好利来食品店,2019-04-26,18:00-19:00,72
好利来食品店,2019-04-26,19:00-20:00,34
好利来食品店,2019-04-26,20:00-21:00,28
好利来食品店,2019-04-26,21:00-22:00,37
好利来食品店,2019-04-26,22:00-23:00,41
好利来食品店,2019-04-27,07:00-08:00,17
好利来食品店,2019-04-27,08:00-09:00,27
好利来食品店,2019-04-27,09:00-10:00,21
好利来食品店,2019-04-27,10:00-11:00,38
好利来食品店,2019-04-27,11:00-12:00,78
好利来食品店,2019-04-27,12:00-13:00,129
好利来食品店,2019-04-27,13:00-14:00,35
好利来食品店,2019-04-27,14:00-15:00,11
好利来食品店,2019-04-27,15:00-16:00,10
好利来食品店,2019-04-27,16:00-17:00,18
好利来食品店,2019-04-27,17:00-18:00,34
好利来食品店,2019-04-27,18:00-19:00,51
好利来食品店,2019-04-27,19:00-20:00,46
好利来食品店,2019-04-27,20:00-21:00,35
好利来食品店,2019-04-27,21:00-22:00,32
好利来食品店,2019-04-27,22:00-23:00,27
好利来食品店,2019-04-28,07:00-08:00,0
好利来食品店,2019-04-28,08:00-09:00,0
好利来食品店,2019-04-28,09:00-10:00,0
好利来食品店,2019-04-28,10:00-11:00,0
好利来食品店,2019-04-28,11:00-12:00,0
好利来食品店,2019-04-28,12:00-13:00,0
好利来食品店,2019-04-28,13:00-14:00,0
好利来食品店,2019-04-28,14:00-15:00,0
好利来食品店,2019-04-28,15:00-16:00,0
好利来食品店,2019-04-28,16:00-17:00,0
好利来食品店,2019-04-28,17:00-18:00,0
好利来食品店,2019-04-28,18:00-19:00,0
好利来食品店,2019-04-28,19:00-20:00,0
好利来食品店,2019-04-28,20:00-21:00,0
好利来食品店,2019-04-28,21:00-22:00,0
好利来食品店,2019-04-28,22:00-23:00,0
好利来食品店,2019-04-29,07:00-08:00,17
好利来食品店,2019-04-29,08:00-09:00,68
好利来食品店,2019-04-29,09:00-10:00,54
好利来食品店,2019-04-29,10:00-11:00,22
好利来食品店,2019-04-29,11:00-12:00,34
好利来食品店,2019-04-29,12:00-13:00,63
好利来食品店,2019-04-29,13:00-14:00,28
好利来食品店,2019-04-29,14:00-15:00,21
好利来食品店,2019-04-29,15:00-16:00,30
好利来食品店,2019-04-29,16:00-17:00,32
好利来食品店,2019-04-29,17:00-18:00,50
好利来食品店,2019-04-29,18:00-19:00,38
好利来食品店,2019-04-29,19:00-20:00,65
好利来食品店,2019-04-29,20:00-21:00,30
好利来食品店,2019-04-29,21:00-22:00,62
好利来食品店,2019-04-29,22:00-23:00,24
好利来食品店,2019-04-30,07:00-08:00,40
好利来食品店,2019-04-30,08:00-09:00,67
好利来食品店,2019-04-30,09:00-10:00,32
好利来食品店,2019-04-30,10:00-11:00,21
好利来食品店,2019-04-30,11:00-12:00,54
好利来食品店,2019-04-30,12:00-13:00,52
好利来食品店,2019-04-30,13:00-14:00,14
好利来食品店,2019-04-30,14:00-15:00,16
好利来食品店,2019-04-30,15:00-16:00,18
好利来食品店,2019-04-30,16:00-17:00,26
好利来食品店,2019-04-30,17:00-18:00,69
好利来食品店,2019-04-30,18:00-19:00,75
好利来食品店,2019-04-30,19:00-20:00,56
好利来食品店,2019-04-30,20:00-21:00,31
好利来食品店,2019-04-30,21:00-22:00,66
好利来食品店,2019-04-30,22:00-23:00,50
人文社科,2019-04-01,07:00-08:00,0
人文社科,2019-04-01,08:00-09:00,0
人文社科,2019-04-01,09:00-10:00,0
人文社科,2019-04-01,10:00-11:00,0
人文社科,2019-04-01,11:00-12:00,0
人文社科,2019-04-01,12:00-13:00,0
人文社科,2019-04-01,13:00-14:00,0
人文社科,2019-04-01,14:00-15:00,0
人文社科,2019-04-01,15:00-16:00,0
人文社科,2019-04-01,16:00-17:00,0
人文社科,2019-04-01,17:00-18:00,0
人文社科,2019-04-01,18:00-19:00,0
人文社科,2019-04-01,19:00-20:00,0
人文社科,2019-04-01,20:00-21:00,0
人文社科,2019-04-01,21:00-22:00,0
人文社科,2019-04-01,22:00-23:00,0
人文社科,2019-04-02,07:00-08:00,0
人文社科,2019-04-02,08:00-09:00,0
人文社科,2019-04-02,09:00-10:00,0
人文社科,2019-04-02,10:00-11:00,0
人文社科,2019-04-02,11:00-12:00,0
人文社科,2019-04-02,12:00-13:00,0
人文社科,2019-04-02,13:00-14:00,0
人文社科,2019-04-02,14:00-15:00,0
人文社科,2019-04-02,15:00-16:00,0
人文社科,2019-04-02,16:00-17:00,0
人文社科,2019-04-02,17:00-18:00,0
人文社科,2019-04-02,18:00-19:00,0
人文社科,2019-04-02,19:00-20:00,0
人文社科,2019-04-02,20:00-21:00,0
人文社科,2019-04-02,21:00-22:00,0
人文社科,2019-04-02,22:00-23:00,0
人文社科,2019-04-03,07:00-08:00,0
人文社科,2019-04-03,08:00-09:00,0
人文社科,2019-04-03,09:00-10:00,0
人文社科,2019-04-03,10:00-11:00,0
人文社科,2019-04-03,11:00-12:00,0
人文社科,2019-04-03,12:00-13:00,0
人文社科,2019-04-03,13:00-14:00,0
人文社科,2019-04-03,14:00-15:00,0
人文社科,2019-04-03,15:00-16:00,0
人文社科,2019-04-03,16:00-17:00,0
人文社科,2019-04-03,17:00-18:00,0
人文社科,2019-04-03,18:00-19:00,0
人文社科,2019-04-03,19:00-20:00,0
人文社科,2019-04-03,20:00-21:00,0
人文社科,2019-04-03,21:00-22:00,0
人文社科,2019-04-03,22:00-23:00,0
人文社科,2019-04-04,07:00-08:00,0
人文社科,2019-04-04,08:00-09:00,0
人文社科,2019-04-04,09:00-10:00,0
人文社科,2019-04-04,10:00-11:00,0
人文社科,2019-04-04,11:00-12:00,0
人文社科,2019-04-04,12:00-13:00,0
人文社科,2019-04-04,13:00-14:00,0
人文社科,2019-04-04,14:00-15:00,0
人文社科,2019-04-04,15:00-16:00,0
人文社科,2019-04-04,16:00-17:00,0
人文社科,2019-04-04,17:00-18:00,0
人文社科,2019-04-04,18:00-19:00,0
人文社科,2019-04-04,19:00-20:00,0
人文社科,2019-04-04,20:00-21:00,0
人文社科,2019-04-04,21:00-22:00,0
人文社科,2019-04-04,22:00-23:00,0
人文社科,2019-04-05,07:00-08:00,0
人文社科,2019-04-05,08:00-09:00,0
人文社科,2019-04-05,09:00-10:00,0
人文社科,2019-04-05,10:00-11:00,0
人文社科,2019-04-05,11:00-12:00,0
人文社科,2019-04-05,12:00-13:00,0
人文社科,2019-04-05,13:00-14:00,0
人文社科,2019-04-05,14:00-15:00,0
人文社科,2019-04-05,15:00-16:00,0
人文社科,2019-04-05,16:00-17:00,0
人文社科,2019-04-05,17:00-18:00,0
人文社科,2019-04-05,18:00-19:00,0
人文社科,2019-04-05,19:00-20:00,0
人文社科,2019-04-05,20:00-21:00,0
人文社科,2019-04-05,21:00-22:00,0
人文社科,2019-04-05,22:00-23:00,0
人文社科,2019-04-06,07:00-08:00,0
人文社科,2019-04-06,08:00-09:00,0
人文社科,2019-04-06,09:00-10:00,0
人文社科,2019-04-06,10:00-11:00,0
人文社科,2019-04-06,11:00-12:00,0
人文社科,2019-04-06,12:00-13:00,0
人文社科,2019-04-06,13:00-14:00,0
人文社科,2019-04-06,14:00-15:00,0
人文社科,2019-04-06,15:00-16:00,0
人文社科,2019-04-06,16:00-17:00,0
人文社科,2019-04-06,17:00-18:00,0
人文社科,2019-04-06,18:00-19:00,0
人文社科,2019-04-06,19:00-20:00,0
人文社科,2019-04-06,20:00-21:00,0
人文社科,2019-04-06,21:00-22:00,0
人文社科,2019-04-06,22:00-23:00,0
人文社科,2019-04-07,07:00-08:00,0
人文社科,2019-04-07,08:00-09:00,0
人文社科,2019-04-07,09:00-10:00,0
人文社科,2019-04-07,10:00-11:00,0
人文社科,2019-04-07,11:00-12:00,0
人文社科,2019-04-07,12:00-13:00,0
人文社科,2019-04-07,13:00-14:00,0
人文社科,2019-04-07,14:00-15:00,0
人文社科,2019-04-07,15:00-16:00,0
人文社科,2019-04-07,16:00-17:00,0
人文社科,2019-04-07,17:00-18:00,0
人文社科,2019-04-07,18:00-19:00,0
人文社科,2019-04-07,19:00-20:00,0
人文社科,2019-04-07,20:00-21:00,0
人文社科,2019-04-07,21:00-22:00,0
人文社科,2019-04-07,22:00-23:00,0
人文社科,2019-04-08,07:00-08:00,0
人文社科,2019-04-08,08:00-09:00,0
人文社科,2019-04-08,09:00-10:00,0
人文社科,2019-04-08,10:00-11:00,0
人文社科,2019-04-08,11:00-12:00,0
人文社科,2019-04-08,12:00-13:00,0
人文社科,2019-04-08,13:00-14:00,0
人文社科,2019-04-08,14:00-15:00,0
人文社科,2019-04-08,15:00-16:00,0
人文社科,2019-04-08,16:00-17:00,0
人文社科,2019-04-08,17:00-18:00,0
人文社科,2019-04-08,18:00-19:00,0
人文社科,2019-04-08,19:00-20:00,0
人文社科,2019-04-08,20:00-21:00,0
人文社科,2019-04-08,21:00-22:00,0
人文社科,2019-04-08,22:00-23:00,0
人文社科,2019-04-09,07:00-08:00,0
人文社科,2019-04-09,08:00-09:00,0
人文社科,2019-04-09,09:00-10:00,0
人文社科,2019-04-09,10:00-11:00,0
人文社科,2019-04-09,11:00-12:00,0
人文社科,2019-04-09,12:00-13:00,0
人文社科,2019-04-09,13:00-14:00,0
人文社科,2019-04-09,14:00-15:00,0
人文社科,2019-04-09,15:00-16:00,0
人文社科,2019-04-09,16:00-17:00,0
人文社科,2019-04-09,17:00-18:00,0
人文社科,2019-04-09,18:00-19:00,0
人文社科,2019-04-09,19:00-20:00,0
人文社科,2019-04-09,20:00-21:00,0
人文社科,2019-04-09,21:00-22:00,0
人文社科,2019-04-09,22:00-23:00,0
人文社科,2019-04-10,07:00-08:00,0
人文社科,2019-04-10,08:00-09:00,0
人文社科,2019-04-10,09:00-10:00,0
人文社科,2019-04-10,10:00-11:00,0
人文社科,2019-04-10,11:00-12:00,0
人文社科,2019-04-10,12:00-13:00,0
人文社科,2019-04-10,13:00-14:00,0
人文社科,2019-04-10,14:00-15:00,0
人文社科,2019-04-10,15:00-16:00,0
人文社科,2019-04-10,16:00-17:00,0
人文社科,2019-04-10,17:00-18:00,0
人文社科,2019-04-10,18:00-19:00,0
人文社科,2019-04-10,19:00-20:00,0
人文社科,2019-04-10,20:00-21:00,0
人文社科,2019-04-10,21:00-22:00,0
人文社科,2019-04-10,22:00-23:00,0
人文社科,2019-04-11,07:00-08:00,0
人文社科,2019-04-11,08:00-09:00,0
人文社科,2019-04-11,09:00-10:00,0
人文社科,2019-04-11,10:00-11:00,0
人文社科,2019-04-11,11:00-12:00,0
人文社科,2019-04-11,12:00-13:00,0
人文社科,2019-04-11,13:00-14:00,0
人文社科,2019-04-11,14:00-15:00,0
人文社科,2019-04-11,15:00-16:00,0
人文社科,2019-04-11,16:00-17:00,0
人文社科,2019-04-11,17:00-18:00,0
人文社科,2019-04-11,18:00-19:00,0
人文社科,2019-04-11,19:00-20:00,0
人文社科,2019-04-11,20:00-21:00,0
人文社科,2019-04-11,21:00-22:00,0
人文社科,2019-04-11,22:00-23:00,0
人文社科,2019-04-12,07:00-08:00,0
人文社科,2019-04-12,08:00-09:00,0
人文社科,2019-04-12,09:00-10:00,0
人文社科,2019-04-12,10:00-11:00,0
人文社科,2019-04-12,11:00-12:00,0
人文社科,2019-04-12,12:00-13:00,0
人文社科,2019-04-12,13:00-14:00,0
人文社科,2019-04-12,14:00-15:00,0
人文社科,2019-04-12,15:00-16:00,0
人文社科,2019-04-12,16:00-17:00,0
人文社科,2019-04-12,17:00-18:00,0
人文社科,2019-04-12,18:00-19:00,0
人文社科,2019-04-12,19:00-20:00,0
人文社科,2019-04-12,20:00-21:00,0
人文社科,2019-04-12,21:00-22:00,0
人文社科,2019-04-12,22:00-23:00,0
人文社科,2019-04-13,07:00-08:00,0
人文社科,2019-04-13,08:00-09:00,0
人文社科,2019-04-13,09:00-10:00,0
人文社科,2019-04-13,10:00-11:00,0
人文社科,2019-04-13,11:00-12:00,0
人文社科,2019-04-13,12:00-13:00,0
人文社科,2019-04-13,13:00-14:00,0
人文社科,2019-04-13,14:00-15:00,0
人文社科,2019-04-13,15:00-16:00,0
人文社科,2019-04-13,16:00-17:00,0
人文社科,2019-04-13,17:00-18:00,0
人文社科,2019-04-13,18:00-19:00,0
人文社科,2019-04-13,19:00-20:00,0
人文社科,2019-04-13,20:00-21:00,0
人文社科,2019-04-13,21:00-22:00,0
人文社科,2019-04-13,22:00-23:00,0
人文社科,2019-04-14,07:00-08:00,0
人文社科,2019-04-14,08:00-09:00,0
人文社科,2019-04-14,09:00-10:00,0
人文社科,2019-04-14,10:00-11:00,0
人文社科,2019-04-14,11:00-12:00,0
人文社科,2019-04-14,12:00-13:00,0
人文社科,2019-04-14,13:00-14:00,0
人文社科,2019-04-14,14:00-15:00,0
人文社科,2019-04-14,15:00-16:00,0
人文社科,2019-04-14,16:00-17:00,0
人文社科,2019-04-14,17:00-18:00,0
人文社科,2019-04-14,18:00-19:00,0
人文社科,2019-04-14,19:00-20:00,0
人文社科,2019-04-14,20:00-21:00,0
人文社科,2019-04-14,21:00-22:00,0
人文社科,2019-04-14,22:00-23:00,0
人文社科,2019-04-15,07:00-08:00,0
人文社科,2019-04-15,08:00-09:00,0
人文社科,2019-04-15,09:00-10:00,0
人文社科,2019-04-15,10:00-11:00,0
人文社科,2019-04-15,11:00-12:00,0
人文社科,2019-04-15,12:00-13:00,0
人文社科,2019-04-15,13:00-14:00,0
人文社科,2019-04-15,14:00-15:00,0
人文社科,2019-04-15,15:00-16:00,0
人文社科,2019-04-15,16:00-17:00,0
人文社科,2019-04-15,17:00-18:00,0
人文社科,2019-04-15,18:00-19:00,0
人文社科,2019-04-15,19:00-20:00,0
人文社科,2019-04-15,20:00-21:00,0
人文社科,2019-04-15,21:00-22:00,0
人文社科,2019-04-15,22:00-23:00,0
人文社科,2019-04-16,07:00-08:00,0
人文社科,2019-04-16,08:00-09:00,0
人文社科,2019-04-16,09:00-10:00,0
人文社科,2019-04-16,10:00-11:00,0
人文社科,2019-04-16,11:00-12:00,0
人文社科,2019-04-16,12:00-13:00,0
人文社科,2019-04-16,13:00-14:00,0
人文社科,2019-04-16,14:00-15:00,0
人文社科,2019-04-16,15:00-16:00,0
人文社科,2019-04-16,16:00-17:00,0
人文社科,2019-04-16,17:00-18:00,0
人文社科,2019-04-16,18:00-19:00,0
人文社科,2019-04-16,19:00-20:00,0
人文社科,2019-04-16,20:00-21:00,0
人文社科,2019-04-16,21:00-22:00,0
人文社科,2019-04-16,22:00-23:00,0
人文社科,2019-04-17,07:00-08:00,0
人文社科,2019-04-17,08:00-09:00,0
人文社科,2019-04-17,09:00-10:00,0
人文社科,2019-04-17,10:00-11:00,0
人文社科,2019-04-17,11:00-12:00,0
人文社科,2019-04-17,12:00-13:00,0
人文社科,2019-04-17,13:00-14:00,0
人文社科,2019-04-17,14:00-15:00,0
人文社科,2019-04-17,15:00-16:00,0
人文社科,2019-04-17,16:00-17:00,0
人文社科,2019-04-17,17:00-18:00,0
人文社科,2019-04-17,18:00-19:00,0
人文社科,2019-04-17,19:00-20:00,0
人文社科,2019-04-17,20:00-21:00,0
人文社科,2019-04-17,21:00-22:00,0
人文社科,2019-04-17,22:00-23:00,0
人文社科,2019-04-18,07:00-08:00,0
人文社科,2019-04-18,08:00-09:00,0
人文社科,2019-04-18,09:00-10:00,0
人文社科,2019-04-18,10:00-11:00,0
人文社科,2019-04-18,11:00-12:00,0
人文社科,2019-04-18,12:00-13:00,0
人文社科,2019-04-18,13:00-14:00,0
人文社科,2019-04-18,14:00-15:00,0
人文社科,2019-04-18,15:00-16:00,0
人文社科,2019-04-18,16:00-17:00,0
人文社科,2019-04-18,17:00-18:00,0
人文社科,2019-04-18,18:00-19:00,0
人文社科,2019-04-18,19:00-20:00,0
人文社科,2019-04-18,20:00-21:00,0
人文社科,2019-04-18,21:00-22:00,0
人文社科,2019-04-18,22:00-23:00,0
人文社科,2019-04-19,07:00-08:00,0
人文社科,2019-04-19,08:00-09:00,0
人文社科,2019-04-19,09:00-10:00,0
人文社科,2019-04-19,10:00-11:00,0
人文社科,2019-04-19,11:00-12:00,0
人文社科,2019-04-19,12:00-13:00,0
人文社科,2019-04-19,13:00-14:00,0
人文社科,2019-04-19,14:00-15:00,0
人文社科,2019-04-19,15:00-16:00,0
人文社科,2019-04-19,16:00-17:00,0
人文社科,2019-04-19,17:00-18:00,0
人文社科,2019-04-19,18:00-19:00,0
人文社科,2019-04-19,19:00-20:00,0
人文社科,2019-04-19,20:00-21:00,0
人文社科,2019-04-19,21:00-22:00,0
人文社科,2019-04-19,22:00-23:00,0
人文社科,2019-04-20,07:00-08:00,0
人文社科,2019-04-20,08:00-09:00,0
人文社科,2019-04-20,09:00-10:00,0
人文社科,2019-04-20,10:00-11:00,0
人文社科,2019-04-20,11:00-12:00,0
人文社科,2019-04-20,12:00-13:00,0
人文社科,2019-04-20,13:00-14:00,0
人文社科,2019-04-20,14:00-15:00,0
人文社科,2019-04-20,15:00-16:00,0
人文社科,2019-04-20,16:00-17:00,0
人文社科,2019-04-20,17:00-18:00,0
人文社科,2019-04-20,18:00-19:00,0
人文社科,2019-04-20,19:00-20:00,0
人文社科,2019-04-20,20:00-21:00,0
人文社科,2019-04-20,21:00-22:00,0
人文社科,2019-04-20,22:00-23:00,0
人文社科,2019-04-21,07:00-08:00,0
人文社科,2019-04-21,08:00-09:00,0
人文社科,2019-04-21,09:00-10:00,0
人文社科,2019-04-21,10:00-11:00,0
人文社科,2019-04-21,11:00-12:00,0
人文社科,2019-04-21,12:00-13:00,0
人文社科,2019-04-21,13:00-14:00,0
人文社科,2019-04-21,14:00-15:00,0
人文社科,2019-04-21,15:00-16:00,0
人文社科,2019-04-21,16:00-17:00,0
人文社科,2019-04-21,17:00-18:00,0
人文社科,2019-04-21,18:00-19:00,0
人文社科,2019-04-21,19:00-20:00,0
人文社科,2019-04-21,20:00-21:00,0
人文社科,2019-04-21,21:00-22:00,0
人文社科,2019-04-21,22:00-23:00,0
人文社科,2019-04-22,07:00-08:00,0
人文社科,2019-04-22,08:00-09:00,0
人文社科,2019-04-22,09:00-10:00,0
人文社科,2019-04-22,10:00-11:00,0
人文社科,2019-04-22,11:00-12:00,0
人文社科,2019-04-22,12:00-13:00,0
人文社科,2019-04-22,13:00-14:00,0
人文社科,2019-04-22,14:00-15:00,0
人文社科,2019-04-22,15:00-16:00,0
人文社科,2019-04-22,16:00-17:00,0
人文社科,2019-04-22,17:00-18:00,0
人文社科,2019-04-22,18:00-19:00,0
人文社科,2019-04-22,19:00-20:00,0
人文社科,2019-04-22,20:00-21:00,0
人文社科,2019-04-22,21:00-22:00,0
人文社科,2019-04-22,22:00-23:00,0
人文社科,2019-04-23,07:00-08:00,0
人文社科,2019-04-23,08:00-09:00,0
人文社科,2019-04-23,09:00-10:00,0
人文社科,2019-04-23,10:00-11:00,0
人文社科,2019-04-23,11:00-12:00,0
人文社科,2019-04-23,12:00-13:00,0
人文社科,2019-04-23,13:00-14:00,0
人文社科,2019-04-23,14:00-15:00,0
人文社科,2019-04-23,15:00-16:00,0
人文社科,2019-04-23,16:00-17:00,0
人文社科,2019-04-23,17:00-18:00,0
人文社科,2019-04-23,18:00-19:00,0
人文社科,2019-04-23,19:00-20:00,0
人文社科,2019-04-23,20:00-21:00,0
人文社科,2019-04-23,21:00-22:00,0
人文社科,2019-04-23,22:00-23:00,0
人文社科,2019-04-24,07:00-08:00,6
人文社科,2019-04-24,08:00-09:00,2
人文社科,2019-04-24,09:00-10:00,0
人文社科,2019-04-24,10:00-11:00,0
人文社科,2019-04-24,11:00-12:00,0
人文社科,2019-04-24,12:00-13:00,0
人文社科,2019-04-24,13:00-14:00,0
人文社科,2019-04-24,14:00-15:00,0
人文社科,2019-04-24,15:00-16:00,0
人文社科,2019-04-24,16:00-17:00,0
人文社科,2019-04-24,17:00-18:00,0
人文社科,2019-04-24,18:00-19:00,0
人文社科,2019-04-24,19:00-20:00,0
人文社科,2019-04-24,20:00-21:00,0
人文社科,2019-04-24,21:00-22:00,0
人文社科,2019-04-24,22:00-23:00,0
人文社科,2019-04-25,07:00-08:00,0
人文社科,2019-04-25,08:00-09:00,0
人文社科,2019-04-25,09:00-10:00,0
人文社科,2019-04-25,10:00-11:00,0
人文社科,2019-04-25,11:00-12:00,0
人文社科,2019-04-25,12:00-13:00,0
人文社科,2019-04-25,13:00-14:00,0
人文社科,2019-04-25,14:00-15:00,0
人文社科,2019-04-25,15:00-16:00,0
人文社科,2019-04-25,16:00-17:00,0
人文社科,2019-04-25,17:00-18:00,0
人文社科,2019-04-25,18:00-19:00,0
人文社科,2019-04-25,19:00-20:00,0
人文社科,2019-04-25,20:00-21:00,0
人文社科,2019-04-25,21:00-22:00,0
人文社科,2019-04-25,22:00-23:00,0
人文社科,2019-04-26,07:00-08:00,0
人文社科,2019-04-26,08:00-09:00,0
人文社科,2019-04-26,09:00-10:00,0
人文社科,2019-04-26,10:00-11:00,0
人文社科,2019-04-26,11:00-12:00,0
人文社科,2019-04-26,12:00-13:00,0
人文社科,2019-04-26,13:00-14:00,0
人文社科,2019-04-26,14:00-15:00,0
人文社科,2019-04-26,15:00-16:00,1
人文社科,2019-04-26,16:00-17:00,16
人文社科,2019-04-26,17:00-18:00,19
人文社科,2019-04-26,18:00-19:00,20
人文社科,2019-04-26,19:00-20:00,14
人文社科,2019-04-26,20:00-21:00,0
人文社科,2019-04-26,21:00-22:00,0
人文社科,2019-04-26,22:00-23:00,0
人文社科,2019-04-27,07:00-08:00,0
人文社科,2019-04-27,08:00-09:00,0
人文社科,2019-04-27,09:00-10:00,0
人文社科,2019-04-27,10:00-11:00,0
人文社科,2019-04-27,11:00-12:00,0
人文社科,2019-04-27,12:00-13:00,0
人文社科,2019-04-27,13:00-14:00,0
人文社科,2019-04-27,14:00-15:00,0
人文社科,2019-04-27,15:00-16:00,0
人文社科,2019-04-27,16:00-17:00,4
人文社科,2019-04-27,17:00-18:00,18
人文社科,2019-04-27,18:00-19:00,2
人文社科,2019-04-27,19:00-20:00,7
人文社科,2019-04-27,20:00-21:00,0
人文社科,2019-04-27,21:00-22:00,0
人文社科,2019-04-27,22:00-23:00,0
人文社科,2019-04-28,07:00-08:00,0
人文社科,2019-04-28,08:00-09:00,0
人文社科,2019-04-28,09:00-10:00,0
人文社科,2019-04-28,10:00-11:00,0
人文社科,2019-04-28,11:00-12:00,0
人文社科,2019-04-28,12:00-13:00,0
人文社科,2019-04-28,13:00-14:00,0
人文社科,2019-04-28,14:00-15:00,0
人文社科,2019-04-28,15:00-16:00,0
人文社科,2019-04-28,16:00-17:00,0
人文社科,2019-04-28,17:00-18:00,0
人文社科,2019-04-28,18:00-19:00,0
人文社科,2019-04-28,19:00-20:00,0
人文社科,2019-04-28,20:00-21:00,0
人文社科,2019-04-28,21:00-22:00,0
人文社科,2019-04-28,22:00-23:00,0
人文社科,2019-04-29,07:00-08:00,0
人文社科,2019-04-29,08:00-09:00,0
人文社科,2019-04-29,09:00-10:00,0
人文社科,2019-04-29,10:00-11:00,0
人文社科,2019-04-29,11:00-12:00,0
人文社科,2019-04-29,12:00-13:00,0
人文社科,2019-04-29,13:00-14:00,0
人文社科,2019-04-29,14:00-15:00,0
人文社科,2019-04-29,15:00-16:00,0
人文社科,2019-04-29,16:00-17:00,0
人文社科,2019-04-29,17:00-18:00,0
人文社科,2019-04-29,18:00-19:00,0
人文社科,2019-04-29,19:00-20:00,0
人文社科,2019-04-29,20:00-21:00,0
人文社科,2019-04-29,21:00-22:00,0
人文社科,2019-04-29,22:00-23:00,0
人文社科,2019-04-30,07:00-08:00,0
人文社科,2019-04-30,08:00-09:00,0
人文社科,2019-04-30,09:00-10:00,0
人文社科,2019-04-30,10:00-11:00,0
人文社科,2019-04-30,11:00-12:00,0
人文社科,2019-04-30,12:00-13:00,0
人文社科,2019-04-30,13:00-14:00,0
人文社科,2019-04-30,14:00-15:00,0
人文社科,2019-04-30,15:00-16:00,0
人文社科,2019-04-30,16:00-17:00,0
人文社科,2019-04-30,17:00-18:00,0
人文社科,2019-04-30,18:00-19:00,0
人文社科,2019-04-30,19:00-20:00,0
人文社科,2019-04-30,20:00-21:00,0
人文社科,2019-04-30,21:00-22:00,0
人文社科,2019-04-30,22:00-23:00,0
医务室,2019-04-01,07:00-08:00,0
医务室,2019-04-01,08:00-09:00,0
医务室,2019-04-01,09:00-10:00,5
医务室,2019-04-01,10:00-11:00,6
医务室,2019-04-01,11:00-12:00,4
医务室,2019-04-01,12:00-13:00,2
医务室,2019-04-01,13:00-14:00,0
医务室,2019-04-01,14:00-15:00,0
医务室,2019-04-01,15:00-16:00,1
医务室,2019-04-01,16:00-17:00,4
医务室,2019-04-01,17:00-18:00,1
医务室,2019-04-01,18:00-19:00,1
医务室,2019-04-01,19:00-20:00,3
医务室,2019-04-01,20:00-21:00,2
医务室,2019-04-01,21:00-22:00,2
医务室,2019-04-01,22:00-23:00,0
医务室,2019-04-02,07:00-08:00,0
医务室,2019-04-02,08:00-09:00,0
医务室,2019-04-02,09:00-10:00,0
医务室,2019-04-02,10:00-11:00,1
医务室,2019-04-02,11:00-12:00,3
医务室,2019-04-02,12:00-13:00,9
医务室,2019-04-02,13:00-14:00,5
医务室,2019-04-02,14:00-15:00,1
医务室,2019-04-02,15:00-16:00,0
医务室,2019-04-02,16:00-17:00,3
医务室,2019-04-02,17:00-18:00,4
医务室,2019-04-02,18:00-19:00,4
医务室,2019-04-02,19:00-20:00,3
医务室,2019-04-02,20:00-21:00,2
医务室,2019-04-02,21:00-22:00,1
医务室,2019-04-02,22:00-23:00,3
医务室,2019-04-03,07:00-08:00,0
医务室,2019-04-03,08:00-09:00,0
医务室,2019-04-03,09:00-10:00,0
医务室,2019-04-03,10:00-11:00,2
医务室,2019-04-03,11:00-12:00,1
医务室,2019-04-03,12:00-13:00,4
医务室,2019-04-03,13:00-14:00,6
医务室,2019-04-03,14:00-15:00,1
医务室,2019-04-03,15:00-16:00,1
医务室,2019-04-03,16:00-17:00,3
医务室,2019-04-03,17:00-18:00,4
医务室,2019-04-03,18:00-19:00,5
医务室,2019-04-03,19:00-20:00,2
医务室,2019-04-03,20:00-21:00,8
医务室,2019-04-03,21:00-22:00,3
医务室,2019-04-03,22:00-23:00,0
医务室,2019-04-04,07:00-08:00,0
医务室,2019-04-04,08:00-09:00,1
医务室,2019-04-04,09:00-10:00,2
医务室,2019-04-04,10:00-11:00,1
医务室,2019-04-04,11:00-12:00,0
医务室,2019-04-04,12:00-13:00,4
医务室,2019-04-04,13:00-14:00,5
医务室,2019-04-04,14:00-15:00,0
医务室,2019-04-04,15:00-16:00,0
医务室,2019-04-04,16:00-17:00,2
医务室,2019-04-04,17:00-18:00,0
医务室,2019-04-04,18:00-19:00,4
医务室,2019-04-04,19:00-20:00,5
医务室,2019-04-04,20:00-21:00,3
医务室,2019-04-04,21:00-22:00,3
医务室,2019-04-04,22:00-23:00,3
医务室,2019-04-05,07:00-08:00,0
医务室,2019-04-05,08:00-09:00,0
医务室,2019-04-05,09:00-10:00,0
医务室,2019-04-05,10:00-11:00,0
医务室,2019-04-05,11:00-12:00,0
医务室,2019-04-05,12:00-13:00,0
医务室,2019-04-05,13:00-14:00,0
医务室,2019-04-05,14:00-15:00,0
医务室,2019-04-05,15:00-16:00,0
医务室,2019-04-05,16:00-17:00,0
医务室,2019-04-05,17:00-18:00,0
医务室,2019-04-05,18:00-19:00,0
医务室,2019-04-05,19:00-20:00,0
医务室,2019-04-05,20:00-21:00,1
医务室,2019-04-05,21:00-22:00,2
医务室,2019-04-05,22:00-23:00,0
医务室,2019-04-06,07:00-08:00,0
医务室,2019-04-06,08:00-09:00,0
医务室,2019-04-06,09:00-10:00,0
医务室,2019-04-06,10:00-11:00,0
医务室,2019-04-06,11:00-12:00,0
医务室,2019-04-06,12:00-13:00,0
医务室,2019-04-06,13:00-14:00,0
医务室,2019-04-06,14:00-15:00,0
医务室,2019-04-06,15:00-16:00,0
医务室,2019-04-06,16:00-17:00,0
医务室,2019-04-06,17:00-18:00,0
医务室,2019-04-06,18:00-19:00,0
医务室,2019-04-06,19:00-20:00,0
医务室,2019-04-06,20:00-21:00,0
医务室,2019-04-06,21:00-22:00,0
医务室,2019-04-06,22:00-23:00,1
医务室,2019-04-07,07:00-08:00,0
医务室,2019-04-07,08:00-09:00,0
医务室,2019-04-07,09:00-10:00,0
医务室,2019-04-07,10:00-11:00,0
医务室,2019-04-07,11:00-12:00,0
医务室,2019-04-07,12:00-13:00,0
医务室,2019-04-07,13:00-14:00,0
医务室,2019-04-07,14:00-15:00,0
医务室,2019-04-07,15:00-16:00,0
医务室,2019-04-07,16:00-17:00,0
医务室,2019-04-07,17:00-18:00,0
医务室,2019-04-07,18:00-19:00,0
医务室,2019-04-07,19:00-20:00,0
医务室,2019-04-07,20:00-21:00,1
医务室,2019-04-07,21:00-22:00,1
医务室,2019-04-07,22:00-23:00,1
医务室,2019-04-08,07:00-08:00,0
医务室,2019-04-08,08:00-09:00,2
医务室,2019-04-08,09:00-10:00,5
医务室,2019-04-08,10:00-11:00,1
医务室,2019-04-08,11:00-12:00,5
医务室,2019-04-08,12:00-13:00,9
医务室,2019-04-08,13:00-14:00,0
医务室,2019-04-08,14:00-15:00,0
医务室,2019-04-08,15:00-16:00,0
医务室,2019-04-08,16:00-17:00,3
医务室,2019-04-08,17:00-18:00,3
医务室,2019-04-08,18:00-19:00,5
医务室,2019-04-08,19:00-20:00,2
医务室,2019-04-08,20:00-21:00,3
医务室,2019-04-08,21:00-22:00,0
医务室,2019-04-08,22:00-23:00,1
医务室,2019-04-09,07:00-08:00,0
医务室,2019-04-09,08:00-09:00,1
医务室,2019-04-09,09:00-10:00,3
医务室,2019-04-09,10:00-11:00,2
医务室,2019-04-09,11:00-12:00,5
医务室,2019-04-09,12:00-13:00,5
医务室,2019-04-09,13:00-14:00,0
医务室,2019-04-09,14:00-15:00,1
医务室,2019-04-09,15:00-16:00,2
医务室,2019-04-09,16:00-17:00,4
医务室,2019-04-09,17:00-18:00,1
医务室,2019-04-09,18:00-19:00,4
医务室,2019-04-09,19:00-20:00,5
医务室,2019-04-09,20:00-21:00,2
医务室,2019-04-09,21:00-22:00,1
医务室,2019-04-09,22:00-23:00,1
医务室,2019-04-10,07:00-08:00,0
医务室,2019-04-10,08:00-09:00,1
医务室,2019-04-10,09:00-10:00,1
医务室,2019-04-10,10:00-11:00,3
医务室,2019-04-10,11:00-12:00,4
医务室,2019-04-10,12:00-13:00,7
医务室,2019-04-10,13:00-14:00,0
医务室,2019-04-10,14:00-15:00,1
医务室,2019-04-10,15:00-16:00,2
医务室,2019-04-10,16:00-17:00,1
医务室,2019-04-10,17:00-18:00,4
医务室,2019-04-10,18:00-19:00,6
医务室,2019-04-10,19:00-20:00,1
医务室,2019-04-10,20:00-21:00,2
医务室,2019-04-10,21:00-22:00,5
医务室,2019-04-10,22:00-23:00,1
医务室,2019-04-11,07:00-08:00,0
医务室,2019-04-11,08:00-09:00,1
医务室,2019-04-11,09:00-10:00,1
医务室,2019-04-11,10:00-11:00,4
医务室,2019-04-11,11:00-12:00,3
医务室,2019-04-11,12:00-13:00,4
医务室,2019-04-11,13:00-14:00,0
医务室,2019-04-11,14:00-15:00,2
医务室,2019-04-11,15:00-16:00,1
医务室,2019-04-11,16:00-17:00,3
医务室,2019-04-11,17:00-18:00,6
医务室,2019-04-11,18:00-19:00,5
医务室,2019-04-11,19:00-20:00,2
医务室,2019-04-11,20:00-21:00,1
医务室,2019-04-11,21:00-22:00,2
医务室,2019-04-11,22:00-23:00,3
医务室,2019-04-12,07:00-08:00,0
医务室,2019-04-12,08:00-09:00,2
医务室,2019-04-12,09:00-10:00,1
医务室,2019-04-12,10:00-11:00,2
医务室,2019-04-12,11:00-12:00,1
医务室,2019-04-12,12:00-13:00,1
医务室,2019-04-12,13:00-14:00,1
医务室,2019-04-12,14:00-15:00,0
医务室,2019-04-12,15:00-16:00,1
医务室,2019-04-12,16:00-17:00,1
医务室,2019-04-12,17:00-18:00,1
医务室,2019-04-12,18:00-19:00,2
医务室,2019-04-12,19:00-20:00,1
医务室,2019-04-12,20:00-21:00,5
医务室,2019-04-12,21:00-22:00,0
医务室,2019-04-12,22:00-23:00,0
医务室,2019-04-13,07:00-08:00,0
医务室,2019-04-13,08:00-09:00,1
医务室,2019-04-13,09:00-10:00,4
医务室,2019-04-13,10:00-11:00,0
医务室,2019-04-13,11:00-12:00,1
医务室,2019-04-13,12:00-13:00,2
医务室,2019-04-13,13:00-14:00,2
医务室,2019-04-13,14:00-15:00,0
医务室,2019-04-13,15:00-16:00,3
医务室,2019-04-13,16:00-17:00,2
医务室,2019-04-13,17:00-18:00,0
医务室,2019-04-13,18:00-19:00,4
医务室,2019-04-13,19:00-20:00,0
医务室,2019-04-13,20:00-21:00,1
医务室,2019-04-13,21:00-22:00,0
医务室,2019-04-13,22:00-23:00,3
医务室,2019-04-14,07:00-08:00,0
医务室,2019-04-14,08:00-09:00,1
医务室,2019-04-14,09:00-10:00,2
医务室,2019-04-14,10:00-11:00,2
医务室,2019-04-14,11:00-12:00,3
医务室,2019-04-14,12:00-13:00,2
医务室,2019-04-14,13:00-14:00,3
医务室,2019-04-14,14:00-15:00,0
医务室,2019-04-14,15:00-16:00,1
医务室,2019-04-14,16:00-17:00,0
医务室,2019-04-14,17:00-18:00,1
医务室,2019-04-14,18:00-19:00,1
医务室,2019-04-14,19:00-20:00,3
医务室,2019-04-14,20:00-21:00,2
医务室,2019-04-14,21:00-22:00,3
医务室,2019-04-14,22:00-23:00,0
医务室,2019-04-15,07:00-08:00,0
医务室,2019-04-15,08:00-09:00,0
医务室,2019-04-15,09:00-10:00,1
医务室,2019-04-15,10:00-11:00,1
医务室,2019-04-15,11:00-12:00,7
医务室,2019-04-15,12:00-13:00,3
医务室,2019-04-15,13:00-14:00,0
医务室,2019-04-15,14:00-15:00,0
医务室,2019-04-15,15:00-16:00,3
医务室,2019-04-15,16:00-17:00,2
医务室,2019-04-15,17:00-18:00,1
医务室,2019-04-15,18:00-19:00,2
医务室,2019-04-15,19:00-20:00,3
医务室,2019-04-15,20:00-21:00,0
医务室,2019-04-15,21:00-22:00,3
医务室,2019-04-15,22:00-23:00,0
医务室,2019-04-16,07:00-08:00,0
医务室,2019-04-16,08:00-09:00,1
医务室,2019-04-16,09:00-10:00,2
医务室,2019-04-16,10:00-11:00,4
医务室,2019-04-16,11:00-12:00,10
医务室,2019-04-16,12:00-13:00,3
医务室,2019-04-16,13:00-14:00,0
医务室,2019-04-16,14:00-15:00,1
医务室,2019-04-16,15:00-16:00,0
医务室,2019-04-16,16:00-17:00,4
医务室,2019-04-16,17:00-18:00,7
医务室,2019-04-16,18:00-19:00,4
医务室,2019-04-16,19:00-20:00,5
医务室,2019-04-16,20:00-21:00,1
医务室,2019-04-16,21:00-22:00,4
医务室,2019-04-16,22:00-23:00,2
医务室,2019-04-17,07:00-08:00,0
医务室,2019-04-17,08:00-09:00,4
医务室,2019-04-17,09:00-10:00,3
医务室,2019-04-17,10:00-11:00,2
医务室,2019-04-17,11:00-12:00,3
医务室,2019-04-17,12:00-13:00,6
医务室,2019-04-17,13:00-14:00,2
医务室,2019-04-17,14:00-15:00,0
医务室,2019-04-17,15:00-16:00,2
医务室,2019-04-17,16:00-17:00,2
医务室,2019-04-17,17:00-18:00,1
医务室,2019-04-17,18:00-19:00,3
医务室,2019-04-17,19:00-20:00,1
医务室,2019-04-17,20:00-21:00,1
医务室,2019-04-17,21:00-22:00,3
医务室,2019-04-17,22:00-23:00,0
医务室,2019-04-18,07:00-08:00,0
医务室,2019-04-18,08:00-09:00,0
医务室,2019-04-18,09:00-10:00,2
医务室,2019-04-18,10:00-11:00,3
医务室,2019-04-18,11:00-12:00,5
医务室,2019-04-18,12:00-13:00,2
医务室,2019-04-18,13:00-14:00,1
医务室,2019-04-18,14:00-15:00,0
医务室,2019-04-18,15:00-16:00,1
医务室,2019-04-18,16:00-17:00,2
医务室,2019-04-18,17:00-18:00,1
医务室,2019-04-18,18:00-19:00,5
医务室,2019-04-18,19:00-20:00,4
医务室,2019-04-18,20:00-21:00,2
医务室,2019-04-18,21:00-22:00,0
医务室,2019-04-18,22:00-23:00,2
医务室,2019-04-19,07:00-08:00,0
医务室,2019-04-19,08:00-09:00,4
医务室,2019-04-19,09:00-10:00,2
医务室,2019-04-19,10:00-11:00,1
医务室,2019-04-19,11:00-12:00,2
医务室,2019-04-19,12:00-13:00,3
医务室,2019-04-19,13:00-14:00,2
医务室,2019-04-19,14:00-15:00,0
医务室,2019-04-19,15:00-16:00,0
医务室,2019-04-19,16:00-17:00,2
医务室,2019-04-19,17:00-18:00,3
医务室,2019-04-19,18:00-19:00,4
医务室,2019-04-19,19:00-20:00,3
医务室,2019-04-19,20:00-21:00,0
医务室,2019-04-19,21:00-22:00,0
医务室,2019-04-19,22:00-23:00,0
医务室,2019-04-20,07:00-08:00,0
医务室,2019-04-20,08:00-09:00,0
医务室,2019-04-20,09:00-10:00,1
医务室,2019-04-20,10:00-11:00,2
医务室,2019-04-20,11:00-12:00,1
医务室,2019-04-20,12:00-13:00,5
医务室,2019-04-20,13:00-14:00,1
医务室,2019-04-20,14:00-15:00,0
医务室,2019-04-20,15:00-16:00,2
医务室,2019-04-20,16:00-17:00,0
医务室,2019-04-20,17:00-18:00,2
医务室,2019-04-20,18:00-19:00,0
医务室,2019-04-20,19:00-20:00,1
医务室,2019-04-20,20:00-21:00,0
医务室,2019-04-20,21:00-22:00,1
医务室,2019-04-20,22:00-23:00,1
医务室,2019-04-21,07:00-08:00,0
医务室,2019-04-21,08:00-09:00,0
医务室,2019-04-21,09:00-10:00,0
医务室,2019-04-21,10:00-11:00,0
医务室,2019-04-21,11:00-12:00,4
医务室,2019-04-21,12:00-13:00,3
医务室,2019-04-21,13:00-14:00,0
医务室,2019-04-21,14:00-15:00,0
医务室,2019-04-21,15:00-16:00,2
医务室,2019-04-21,16:00-17:00,1
医务室,2019-04-21,17:00-18:00,2
医务室,2019-04-21,18:00-19:00,6
医务室,2019-04-21,19:00-20:00,1
医务室,2019-04-21,20:00-21:00,2
医务室,2019-04-21,21:00-22:00,2
医务室,2019-04-21,22:00-23:00,1
医务室,2019-04-22,07:00-08:00,0
医务室,2019-04-22,08:00-09:00,0
医务室,2019-04-22,09:00-10:00,5
医务室,2019-04-22,10:00-11:00,6
医务室,2019-04-22,11:00-12:00,6
医务室,2019-04-22,12:00-13:00,6
医务室,2019-04-22,13:00-14:00,0
医务室,2019-04-22,14:00-15:00,0
医务室,2019-04-22,15:00-16:00,0
医务室,2019-04-22,16:00-17:00,5
医务室,2019-04-22,17:00-18:00,4
医务室,2019-04-22,18:00-19:00,4
医务室,2019-04-22,19:00-20:00,2
医务室,2019-04-22,20:00-21:00,1
医务室,2019-04-22,21:00-22:00,3
医务室,2019-04-22,22:00-23:00,3
医务室,2019-04-23,07:00-08:00,0
医务室,2019-04-23,08:00-09:00,1
医务室,2019-04-23,09:00-10:00,1
医务室,2019-04-23,10:00-11:00,4
医务室,2019-04-23,11:00-12:00,5
医务室,2019-04-23,12:00-13:00,4
医务室,2019-04-23,13:00-14:00,0
医务室,2019-04-23,14:00-15:00,0
医务室,2019-04-23,15:00-16:00,1
医务室,2019-04-23,16:00-17:00,8
医务室,2019-04-23,17:00-18:00,2
医务室,2019-04-23,18:00-19:00,3
医务室,2019-04-23,19:00-20:00,1
医务室,2019-04-23,20:00-21:00,1
医务室,2019-04-23,21:00-22:00,3
医务室,2019-04-23,22:00-23:00,0
医务室,2019-04-24,07:00-08:00,0
医务室,2019-04-24,08:00-09:00,1
医务室,2019-04-24,09:00-10:00,4
医务室,2019-04-24,10:00-11:00,0
医务室,2019-04-24,11:00-12:00,3
医务室,2019-04-24,12:00-13:00,6
医务室,2019-04-24,13:00-14:00,0
医务室,2019-04-24,14:00-15:00,0
医务室,2019-04-24,15:00-16:00,0
医务室,2019-04-24,16:00-17:00,6
医务室,2019-04-24,17:00-18:00,0
医务室,2019-04-24,18:00-19:00,1
医务室,2019-04-24,19:00-20:00,3
医务室,2019-04-24,20:00-21:00,0
医务室,2019-04-24,21:00-22:00,2
医务室,2019-04-24,22:00-23:00,0
医务室,2019-04-25,07:00-08:00,0
医务室,2019-04-25,08:00-09:00,0
医务室,2019-04-25,09:00-10:00,1
医务室,2019-04-25,10:00-11:00,4
医务室,2019-04-25,11:00-12:00,6
医务室,2019-04-25,12:00-13:00,3
医务室,2019-04-25,13:00-14:00,0
医务室,2019-04-25,14:00-15:00,1
医务室,2019-04-25,15:00-16:00,3
医务室,2019-04-25,16:00-17:00,1
医务室,2019-04-25,17:00-18:00,3
医务室,2019-04-25,18:00-19:00,0
医务室,2019-04-25,19:00-20:00,1
医务室,2019-04-25,20:00-21:00,1
医务室,2019-04-25,21:00-22:00,0
医务室,2019-04-25,22:00-23:00,1
医务室,2019-04-26,07:00-08:00,0
医务室,2019-04-26,08:00-09:00,0
医务室,2019-04-26,09:00-10:00,2
医务室,2019-04-26,10:00-11:00,1
医务室,2019-04-26,11:00-12:00,4
医务室,2019-04-26,12:00-13:00,3
医务室,2019-04-26,13:00-14:00,2
医务室,2019-04-26,14:00-15:00,0
医务室,2019-04-26,15:00-16:00,1
医务室,2019-04-26,16:00-17:00,1
医务室,2019-04-26,17:00-18:00,1
医务室,2019-04-26,18:00-19:00,4
医务室,2019-04-26,19:00-20:00,2
医务室,2019-04-26,20:00-21:00,0
医务室,2019-04-26,21:00-22:00,0
医务室,2019-04-26,22:00-23:00,0
医务室,2019-04-27,07:00-08:00,0
医务室,2019-04-27,08:00-09:00,0
医务室,2019-04-27,09:00-10:00,0
医务室,2019-04-27,10:00-11:00,0
医务室,2019-04-27,11:00-12:00,0
医务室,2019-04-27,12:00-13:00,0
医务室,2019-04-27,13:00-14:00,0
医务室,2019-04-27,14:00-15:00,0
医务室,2019-04-27,15:00-16:00,0
医务室,2019-04-27,16:00-17:00,0
医务室,2019-04-27,17:00-18:00,0
医务室,2019-04-27,18:00-19:00,0
医务室,2019-04-27,19:00-20:00,0
医务室,2019-04-27,20:00-21:00,0
医务室,2019-04-27,21:00-22:00,0
医务室,2019-04-27,22:00-23:00,1
医务室,2019-04-28,07:00-08:00,0
医务室,2019-04-28,08:00-09:00,0
医务室,2019-04-28,09:00-10:00,0
医务室,2019-04-28,10:00-11:00,0
医务室,2019-04-28,11:00-12:00,0
医务室,2019-04-28,12:00-13:00,0
医务室,2019-04-28,13:00-14:00,0
医务室,2019-04-28,14:00-15:00,0
医务室,2019-04-28,15:00-16:00,0
医务室,2019-04-28,16:00-17:00,0
医务室,2019-04-28,17:00-18:00,0
医务室,2019-04-28,18:00-19:00,0
医务室,2019-04-28,19:00-20:00,0
医务室,2019-04-28,20:00-21:00,0
医务室,2019-04-28,21:00-22:00,0
医务室,2019-04-28,22:00-23:00,0
医务室,2019-04-29,07:00-08:00,0
医务室,2019-04-29,08:00-09:00,0
医务室,2019-04-29,09:00-10:00,0
医务室,2019-04-29,10:00-11:00,1
医务室,2019-04-29,11:00-12:00,1
医务室,2019-04-29,12:00-13:00,3
医务室,2019-04-29,13:00-14:00,1
医务室,2019-04-29,14:00-15:00,2
医务室,2019-04-29,15:00-16:00,0
医务室,2019-04-29,16:00-17:00,4
医务室,2019-04-29,17:00-18:00,0
医务室,2019-04-29,18:00-19:00,0
医务室,2019-04-29,19:00-20:00,1
医务室,2019-04-29,20:00-21:00,4
医务室,2019-04-29,21:00-22:00,0
医务室,2019-04-29,22:00-23:00,1
医务室,2019-04-30,07:00-08:00,0
医务室,2019-04-30,08:00-09:00,0
医务室,2019-04-30,09:00-10:00,1
医务室,2019-04-30,10:00-11:00,4
医务室,2019-04-30,11:00-12:00,2
医务室,2019-04-30,12:00-13:00,2
医务室,2019-04-30,13:00-14:00,3
医务室,2019-04-30,14:00-15:00,1
医务室,2019-04-30,15:00-16:00,0
医务室,2019-04-30,16:00-17:00,0
医务室,2019-04-30,17:00-18:00,2
医务室,2019-04-30,18:00-19:00,1
医务室,2019-04-30,19:00-20:00,1
医务室,2019-04-30,20:00-21:00,2
医务室,2019-04-30,21:00-22:00,2
医务室,2019-04-30,22:00-23:00,1
基础课部,2019-04-01,07:00-08:00,0
基础课部,2019-04-01,08:00-09:00,0
基础课部,2019-04-01,09:00-10:00,0
基础课部,2019-04-01,10:00-11:00,0
基础课部,2019-04-01,11:00-12:00,0
基础课部,2019-04-01,12:00-13:00,0
基础课部,2019-04-01,13:00-14:00,0
基础课部,2019-04-01,14:00-15:00,0
基础课部,2019-04-01,15:00-16:00,0
基础课部,2019-04-01,16:00-17:00,0
基础课部,2019-04-01,17:00-18:00,0
基础课部,2019-04-01,18:00-19:00,0
基础课部,2019-04-01,19:00-20:00,0
基础课部,2019-04-01,20:00-21:00,0
基础课部,2019-04-01,21:00-22:00,0
基础课部,2019-04-01,22:00-23:00,0
基础课部,2019-04-02,07:00-08:00,0
基础课部,2019-04-02,08:00-09:00,0
基础课部,2019-04-02,09:00-10:00,0
基础课部,2019-04-02,10:00-11:00,0
基础课部,2019-04-02,11:00-12:00,0
基础课部,2019-04-02,12:00-13:00,0
基础课部,2019-04-02,13:00-14:00,0
基础课部,2019-04-02,14:00-15:00,0
基础课部,2019-04-02,15:00-16:00,0
基础课部,2019-04-02,16:00-17:00,0
基础课部,2019-04-02,17:00-18:00,0
基础课部,2019-04-02,18:00-19:00,0
基础课部,2019-04-02,19:00-20:00,0
基础课部,2019-04-02,20:00-21:00,0
基础课部,2019-04-02,21:00-22:00,0
基础课部,2019-04-02,22:00-23:00,0
基础课部,2019-04-03,07:00-08:00,7
基础课部,2019-04-03,08:00-09:00,0
基础课部,2019-04-03,09:00-10:00,0
基础课部,2019-04-03,10:00-11:00,0
基础课部,2019-04-03,11:00-12:00,0
基础课部,2019-04-03,12:00-13:00,0
基础课部,2019-04-03,13:00-14:00,0
基础课部,2019-04-03,14:00-15:00,0
基础课部,2019-04-03,15:00-16:00,0
基础课部,2019-04-03,16:00-17:00,0
基础课部,2019-04-03,17:00-18:00,0
基础课部,2019-04-03,18:00-19:00,0
基础课部,2019-04-03,19:00-20:00,0
基础课部,2019-04-03,20:00-21:00,0
基础课部,2019-04-03,21:00-22:00,1
基础课部,2019-04-03,22:00-23:00,1
基础课部,2019-04-04,07:00-08:00,0
基础课部,2019-04-04,08:00-09:00,0
基础课部,2019-04-04,09:00-10:00,0
基础课部,2019-04-04,10:00-11:00,0
基础课部,2019-04-04,11:00-12:00,0
基础课部,2019-04-04,12:00-13:00,0
基础课部,2019-04-04,13:00-14:00,0
基础课部,2019-04-04,14:00-15:00,0
基础课部,2019-04-04,15:00-16:00,0
基础课部,2019-04-04,16:00-17:00,0
基础课部,2019-04-04,17:00-18:00,0
基础课部,2019-04-04,18:00-19:00,0
基础课部,2019-04-04,19:00-20:00,0
基础课部,2019-04-04,20:00-21:00,0
基础课部,2019-04-04,21:00-22:00,0
基础课部,2019-04-04,22:00-23:00,0
基础课部,2019-04-05,07:00-08:00,0
基础课部,2019-04-05,08:00-09:00,0
基础课部,2019-04-05,09:00-10:00,0
基础课部,2019-04-05,10:00-11:00,0
基础课部,2019-04-05,11:00-12:00,0
基础课部,2019-04-05,12:00-13:00,0
基础课部,2019-04-05,13:00-14:00,0
基础课部,2019-04-05,14:00-15:00,0
基础课部,2019-04-05,15:00-16:00,0
基础课部,2019-04-05,16:00-17:00,0
基础课部,2019-04-05,17:00-18:00,0
基础课部,2019-04-05,18:00-19:00,0
基础课部,2019-04-05,19:00-20:00,0
基础课部,2019-04-05,20:00-21:00,0
基础课部,2019-04-05,21:00-22:00,0
基础课部,2019-04-05,22:00-23:00,0
基础课部,2019-04-06,07:00-08:00,2
基础课部,2019-04-06,08:00-09:00,0
基础课部,2019-04-06,09:00-10:00,0
基础课部,2019-04-06,10:00-11:00,0
基础课部,2019-04-06,11:00-12:00,0
基础课部,2019-04-06,12:00-13:00,0
基础课部,2019-04-06,13:00-14:00,0
基础课部,2019-04-06,14:00-15:00,0
基础课部,2019-04-06,15:00-16:00,0
基础课部,2019-04-06,16:00-17:00,0
基础课部,2019-04-06,17:00-18:00,0
基础课部,2019-04-06,18:00-19:00,0
基础课部,2019-04-06,19:00-20:00,0
基础课部,2019-04-06,20:00-21:00,0
基础课部,2019-04-06,21:00-22:00,0
基础课部,2019-04-06,22:00-23:00,0
基础课部,2019-04-07,07:00-08:00,5
基础课部,2019-04-07,08:00-09:00,0
基础课部,2019-04-07,09:00-10:00,0
基础课部,2019-04-07,10:00-11:00,0
基础课部,2019-04-07,11:00-12:00,0
基础课部,2019-04-07,12:00-13:00,0
基础课部,2019-04-07,13:00-14:00,0
基础课部,2019-04-07,14:00-15:00,0
基础课部,2019-04-07,15:00-16:00,0
基础课部,2019-04-07,16:00-17:00,0
基础课部,2019-04-07,17:00-18:00,0
基础课部,2019-04-07,18:00-19:00,0
基础课部,2019-04-07,19:00-20:00,0
基础课部,2019-04-07,20:00-21:00,0
基础课部,2019-04-07,21:00-22:00,0
基础课部,2019-04-07,22:00-23:00,0
基础课部,2019-04-08,07:00-08:00,4
基础课部,2019-04-08,08:00-09:00,1
基础课部,2019-04-08,09:00-10:00,0
基础课部,2019-04-08,10:00-11:00,0
基础课部,2019-04-08,11:00-12:00,0
基础课部,2019-04-08,12:00-13:00,0
基础课部,2019-04-08,13:00-14:00,0
基础课部,2019-04-08,14:00-15:00,0
基础课部,2019-04-08,15:00-16:00,0
基础课部,2019-04-08,16:00-17:00,0
基础课部,2019-04-08,17:00-18:00,0
基础课部,2019-04-08,18:00-19:00,0
基础课部,2019-04-08,19:00-20:00,0
基础课部,2019-04-08,20:00-21:00,0
基础课部,2019-04-08,21:00-22:00,0
基础课部,2019-04-08,22:00-23:00,0
基础课部,2019-04-09,07:00-08:00,4
基础课部,2019-04-09,08:00-09:00,0
基础课部,2019-04-09,09:00-10:00,0
基础课部,2019-04-09,10:00-11:00,0
基础课部,2019-04-09,11:00-12:00,0
基础课部,2019-04-09,12:00-13:00,0
基础课部,2019-04-09,13:00-14:00,0
基础课部,2019-04-09,14:00-15:00,0
基础课部,2019-04-09,15:00-16:00,0
基础课部,2019-04-09,16:00-17:00,0
基础课部,2019-04-09,17:00-18:00,0
基础课部,2019-04-09,18:00-19:00,0
基础课部,2019-04-09,19:00-20:00,0
基础课部,2019-04-09,20:00-21:00,0
基础课部,2019-04-09,21:00-22:00,0
基础课部,2019-04-09,22:00-23:00,0
基础课部,2019-04-10,07:00-08:00,2
基础课部,2019-04-10,08:00-09:00,1
基础课部,2019-04-10,09:00-10:00,0
基础课部,2019-04-10,10:00-11:00,0
基础课部,2019-04-10,11:00-12:00,0
基础课部,2019-04-10,12:00-13:00,0
基础课部,2019-04-10,13:00-14:00,0
基础课部,2019-04-10,14:00-15:00,0
基础课部,2019-04-10,15:00-16:00,0
基础课部,2019-04-10,16:00-17:00,0
基础课部,2019-04-10,17:00-18:00,0
基础课部,2019-04-10,18:00-19:00,0
基础课部,2019-04-10,19:00-20:00,0
基础课部,2019-04-10,20:00-21:00,0
基础课部,2019-04-10,21:00-22:00,0
基础课部,2019-04-10,22:00-23:00,0
基础课部,2019-04-11,07:00-08:00,0
基础课部,2019-04-11,08:00-09:00,0
基础课部,2019-04-11,09:00-10:00,0
基础课部,2019-04-11,10:00-11:00,0
基础课部,2019-04-11,11:00-12:00,0
基础课部,2019-04-11,12:00-13:00,0
基础课部,2019-04-11,13:00-14:00,0
基础课部,2019-04-11,14:00-15:00,0
基础课部,2019-04-11,15:00-16:00,0
基础课部,2019-04-11,16:00-17:00,0
基础课部,2019-04-11,17:00-18:00,0
基础课部,2019-04-11,18:00-19:00,0
基础课部,2019-04-11,19:00-20:00,0
基础课部,2019-04-11,20:00-21:00,0
基础课部,2019-04-11,21:00-22:00,1
基础课部,2019-04-11,22:00-23:00,0
基础课部,2019-04-12,07:00-08:00,0
基础课部,2019-04-12,08:00-09:00,0
基础课部,2019-04-12,09:00-10:00,0
基础课部,2019-04-12,10:00-11:00,0
基础课部,2019-04-12,11:00-12:00,0
基础课部,2019-04-12,12:00-13:00,0
基础课部,2019-04-12,13:00-14:00,0
基础课部,2019-04-12,14:00-15:00,0
基础课部,2019-04-12,15:00-16:00,0
基础课部,2019-04-12,16:00-17:00,0
基础课部,2019-04-12,17:00-18:00,0
基础课部,2019-04-12,18:00-19:00,0
基础课部,2019-04-12,19:00-20:00,0
基础课部,2019-04-12,20:00-21:00,0
基础课部,2019-04-12,21:00-22:00,0
基础课部,2019-04-12,22:00-23:00,0
基础课部,2019-04-13,07:00-08:00,5
基础课部,2019-04-13,08:00-09:00,1
基础课部,2019-04-13,09:00-10:00,0
基础课部,2019-04-13,10:00-11:00,0
基础课部,2019-04-13,11:00-12:00,0
基础课部,2019-04-13,12:00-13:00,0
基础课部,2019-04-13,13:00-14:00,0
基础课部,2019-04-13,14:00-15:00,0
基础课部,2019-04-13,15:00-16:00,0
基础课部,2019-04-13,16:00-17:00,0
基础课部,2019-04-13,17:00-18:00,0
基础课部,2019-04-13,18:00-19:00,0
基础课部,2019-04-13,19:00-20:00,0
基础课部,2019-04-13,20:00-21:00,0
基础课部,2019-04-13,21:00-22:00,0
基础课部,2019-04-13,22:00-23:00,0
基础课部,2019-04-14,07:00-08:00,4
基础课部,2019-04-14,08:00-09:00,1
基础课部,2019-04-14,09:00-10:00,0
基础课部,2019-04-14,10:00-11:00,0
基础课部,2019-04-14,11:00-12:00,0
基础课部,2019-04-14,12:00-13:00,0
基础课部,2019-04-14,13:00-14:00,0
基础课部,2019-04-14,14:00-15:00,0
基础课部,2019-04-14,15:00-16:00,0
基础课部,2019-04-14,16:00-17:00,0
基础课部,2019-04-14,17:00-18:00,0
基础课部,2019-04-14,18:00-19:00,0
基础课部,2019-04-14,19:00-20:00,0
基础课部,2019-04-14,20:00-21:00,0
基础课部,2019-04-14,21:00-22:00,0
基础课部,2019-04-14,22:00-23:00,0
基础课部,2019-04-15,07:00-08:00,2
基础课部,2019-04-15,08:00-09:00,0
基础课部,2019-04-15,09:00-10:00,0
基础课部,2019-04-15,10:00-11:00,0
基础课部,2019-04-15,11:00-12:00,0
基础课部,2019-04-15,12:00-13:00,0
基础课部,2019-04-15,13:00-14:00,0
基础课部,2019-04-15,14:00-15:00,0
基础课部,2019-04-15,15:00-16:00,0
基础课部,2019-04-15,16:00-17:00,0
基础课部,2019-04-15,17:00-18:00,0
基础课部,2019-04-15,18:00-19:00,0
基础课部,2019-04-15,19:00-20:00,0
基础课部,2019-04-15,20:00-21:00,0
基础课部,2019-04-15,21:00-22:00,0
基础课部,2019-04-15,22:00-23:00,0
基础课部,2019-04-16,07:00-08:00,0
基础课部,2019-04-16,08:00-09:00,0
基础课部,2019-04-16,09:00-10:00,0
基础课部,2019-04-16,10:00-11:00,0
基础课部,2019-04-16,11:00-12:00,0
基础课部,2019-04-16,12:00-13:00,0
基础课部,2019-04-16,13:00-14:00,0
基础课部,2019-04-16,14:00-15:00,0
基础课部,2019-04-16,15:00-16:00,0
基础课部,2019-04-16,16:00-17:00,0
基础课部,2019-04-16,17:00-18:00,0
基础课部,2019-04-16,18:00-19:00,0
基础课部,2019-04-16,19:00-20:00,0
基础课部,2019-04-16,20:00-21:00,0
基础课部,2019-04-16,21:00-22:00,0
基础课部,2019-04-16,22:00-23:00,0
基础课部,2019-04-17,07:00-08:00,5
基础课部,2019-04-17,08:00-09:00,0
基础课部,2019-04-17,09:00-10:00,0
基础课部,2019-04-17,10:00-11:00,0
基础课部,2019-04-17,11:00-12:00,0
基础课部,2019-04-17,12:00-13:00,0
基础课部,2019-04-17,13:00-14:00,0
基础课部,2019-04-17,14:00-15:00,0
基础课部,2019-04-17,15:00-16:00,0
基础课部,2019-04-17,16:00-17:00,0
基础课部,2019-04-17,17:00-18:00,0
基础课部,2019-04-17,18:00-19:00,0
基础课部,2019-04-17,19:00-20:00,0
基础课部,2019-04-17,20:00-21:00,0
基础课部,2019-04-17,21:00-22:00,1
基础课部,2019-04-17,22:00-23:00,0
基础课部,2019-04-18,07:00-08:00,0
基础课部,2019-04-18,08:00-09:00,0
基础课部,2019-04-18,09:00-10:00,0
基础课部,2019-04-18,10:00-11:00,0
基础课部,2019-04-18,11:00-12:00,0
基础课部,2019-04-18,12:00-13:00,0
基础课部,2019-04-18,13:00-14:00,0
基础课部,2019-04-18,14:00-15:00,0
基础课部,2019-04-18,15:00-16:00,0
基础课部,2019-04-18,16:00-17:00,0
基础课部,2019-04-18,17:00-18:00,0
基础课部,2019-04-18,18:00-19:00,0
基础课部,2019-04-18,19:00-20:00,0
基础课部,2019-04-18,20:00-21:00,0
基础课部,2019-04-18,21:00-22:00,0
基础课部,2019-04-18,22:00-23:00,0
基础课部,2019-04-19,07:00-08:00,0
基础课部,2019-04-19,08:00-09:00,0
基础课部,2019-04-19,09:00-10:00,0
基础课部,2019-04-19,10:00-11:00,0
基础课部,2019-04-19,11:00-12:00,0
基础课部,2019-04-19,12:00-13:00,0
基础课部,2019-04-19,13:00-14:00,0
基础课部,2019-04-19,14:00-15:00,0
基础课部,2019-04-19,15:00-16:00,0
基础课部,2019-04-19,16:00-17:00,0
基础课部,2019-04-19,17:00-18:00,0
基础课部,2019-04-19,18:00-19:00,0
基础课部,2019-04-19,19:00-20:00,0
基础课部,2019-04-19,20:00-21:00,0
基础课部,2019-04-19,21:00-22:00,0
基础课部,2019-04-19,22:00-23:00,0
基础课部,2019-04-20,07:00-08:00,3
基础课部,2019-04-20,08:00-09:00,0
基础课部,2019-04-20,09:00-10:00,0
基础课部,2019-04-20,10:00-11:00,0
基础课部,2019-04-20,11:00-12:00,0
基础课部,2019-04-20,12:00-13:00,0
基础课部,2019-04-20,13:00-14:00,0
基础课部,2019-04-20,14:00-15:00,0
基础课部,2019-04-20,15:00-16:00,0
基础课部,2019-04-20,16:00-17:00,0
基础课部,2019-04-20,17:00-18:00,0
基础课部,2019-04-20,18:00-19:00,0
基础课部,2019-04-20,19:00-20:00,0
基础课部,2019-04-20,20:00-21:00,0
基础课部,2019-04-20,21:00-22:00,0
基础课部,2019-04-20,22:00-23:00,0
基础课部,2019-04-21,07:00-08:00,1
基础课部,2019-04-21,08:00-09:00,2
基础课部,2019-04-21,09:00-10:00,0
基础课部,2019-04-21,10:00-11:00,0
基础课部,2019-04-21,11:00-12:00,0
基础课部,2019-04-21,12:00-13:00,0
基础课部,2019-04-21,13:00-14:00,0
基础课部,2019-04-21,14:00-15:00,0
基础课部,2019-04-21,15:00-16:00,0
基础课部,2019-04-21,16:00-17:00,0
基础课部,2019-04-21,17:00-18:00,0
基础课部,2019-04-21,18:00-19:00,0
基础课部,2019-04-21,19:00-20:00,0
基础课部,2019-04-21,20:00-21:00,0
基础课部,2019-04-21,21:00-22:00,0
基础课部,2019-04-21,22:00-23:00,0
基础课部,2019-04-22,07:00-08:00,0
基础课部,2019-04-22,08:00-09:00,0
基础课部,2019-04-22,09:00-10:00,0
基础课部,2019-04-22,10:00-11:00,0
基础课部,2019-04-22,11:00-12:00,0
基础课部,2019-04-22,12:00-13:00,0
基础课部,2019-04-22,13:00-14:00,0
基础课部,2019-04-22,14:00-15:00,0
基础课部,2019-04-22,15:00-16:00,0
基础课部,2019-04-22,16:00-17:00,0
基础课部,2019-04-22,17:00-18:00,0
基础课部,2019-04-22,18:00-19:00,0
基础课部,2019-04-22,19:00-20:00,0
基础课部,2019-04-22,20:00-21:00,0
基础课部,2019-04-22,21:00-22:00,0
基础课部,2019-04-22,22:00-23:00,0
基础课部,2019-04-23,07:00-08:00,0
基础课部,2019-04-23,08:00-09:00,0
基础课部,2019-04-23,09:00-10:00,0
基础课部,2019-04-23,10:00-11:00,0
基础课部,2019-04-23,11:00-12:00,0
基础课部,2019-04-23,12:00-13:00,0
基础课部,2019-04-23,13:00-14:00,0
基础课部,2019-04-23,14:00-15:00,0
基础课部,2019-04-23,15:00-16:00,0
基础课部,2019-04-23,16:00-17:00,0
基础课部,2019-04-23,17:00-18:00,0
基础课部,2019-04-23,18:00-19:00,0
基础课部,2019-04-23,19:00-20:00,0
基础课部,2019-04-23,20:00-21:00,0
基础课部,2019-04-23,21:00-22:00,0
基础课部,2019-04-23,22:00-23:00,0
基础课部,2019-04-24,07:00-08:00,0
基础课部,2019-04-24,08:00-09:00,0
基础课部,2019-04-24,09:00-10:00,0
基础课部,2019-04-24,10:00-11:00,0
基础课部,2019-04-24,11:00-12:00,0
基础课部,2019-04-24,12:00-13:00,0
基础课部,2019-04-24,13:00-14:00,0
基础课部,2019-04-24,14:00-15:00,0
基础课部,2019-04-24,15:00-16:00,0
基础课部,2019-04-24,16:00-17:00,0
基础课部,2019-04-24,17:00-18:00,0
基础课部,2019-04-24,18:00-19:00,0
基础课部,2019-04-24,19:00-20:00,0
基础课部,2019-04-24,20:00-21:00,0
基础课部,2019-04-24,21:00-22:00,0
基础课部,2019-04-24,22:00-23:00,0
基础课部,2019-04-25,07:00-08:00,0
基础课部,2019-04-25,08:00-09:00,0
基础课部,2019-04-25,09:00-10:00,0
基础课部,2019-04-25,10:00-11:00,0
基础课部,2019-04-25,11:00-12:00,0
基础课部,2019-04-25,12:00-13:00,0
基础课部,2019-04-25,13:00-14:00,0
基础课部,2019-04-25,14:00-15:00,0
基础课部,2019-04-25,15:00-16:00,0
基础课部,2019-04-25,16:00-17:00,0
基础课部,2019-04-25,17:00-18:00,0
基础课部,2019-04-25,18:00-19:00,0
基础课部,2019-04-25,19:00-20:00,0
基础课部,2019-04-25,20:00-21:00,0
基础课部,2019-04-25,21:00-22:00,0
基础课部,2019-04-25,22:00-23:00,0
基础课部,2019-04-26,07:00-08:00,0
基础课部,2019-04-26,08:00-09:00,0
基础课部,2019-04-26,09:00-10:00,0
基础课部,2019-04-26,10:00-11:00,0
基础课部,2019-04-26,11:00-12:00,0
基础课部,2019-04-26,12:00-13:00,0
基础课部,2019-04-26,13:00-14:00,0
基础课部,2019-04-26,14:00-15:00,0
基础课部,2019-04-26,15:00-16:00,0
基础课部,2019-04-26,16:00-17:00,0
基础课部,2019-04-26,17:00-18:00,0
基础课部,2019-04-26,18:00-19:00,0
基础课部,2019-04-26,19:00-20:00,0
基础课部,2019-04-26,20:00-21:00,0
基础课部,2019-04-26,21:00-22:00,0
基础课部,2019-04-26,22:00-23:00,0
基础课部,2019-04-27,07:00-08:00,0
基础课部,2019-04-27,08:00-09:00,0
基础课部,2019-04-27,09:00-10:00,0
基础课部,2019-04-27,10:00-11:00,0
基础课部,2019-04-27,11:00-12:00,0
基础课部,2019-04-27,12:00-13:00,0
基础课部,2019-04-27,13:00-14:00,0
基础课部,2019-04-27,14:00-15:00,0
基础课部,2019-04-27,15:00-16:00,0
基础课部,2019-04-27,16:00-17:00,0
基础课部,2019-04-27,17:00-18:00,0
基础课部,2019-04-27,18:00-19:00,0
基础课部,2019-04-27,19:00-20:00,0
基础课部,2019-04-27,20:00-21:00,0
基础课部,2019-04-27,21:00-22:00,0
基础课部,2019-04-27,22:00-23:00,0
基础课部,2019-04-28,07:00-08:00,0
基础课部,2019-04-28,08:00-09:00,0
基础课部,2019-04-28,09:00-10:00,0
基础课部,2019-04-28,10:00-11:00,0
基础课部,2019-04-28,11:00-12:00,0
基础课部,2019-04-28,12:00-13:00,0
基础课部,2019-04-28,13:00-14:00,0
基础课部,2019-04-28,14:00-15:00,0
基础课部,2019-04-28,15:00-16:00,0
基础课部,2019-04-28,16:00-17:00,0
基础课部,2019-04-28,17:00-18:00,0
基础课部,2019-04-28,18:00-19:00,0
基础课部,2019-04-28,19:00-20:00,0
基础课部,2019-04-28,20:00-21:00,0
基础课部,2019-04-28,21:00-22:00,0
基础课部,2019-04-28,22:00-23:00,0
基础课部,2019-04-29,07:00-08:00,3
基础课部,2019-04-29,08:00-09:00,0
基础课部,2019-04-29,09:00-10:00,0
基础课部,2019-04-29,10:00-11:00,0
基础课部,2019-04-29,11:00-12:00,0
基础课部,2019-04-29,12:00-13:00,0
基础课部,2019-04-29,13:00-14:00,0
基础课部,2019-04-29,14:00-15:00,0
基础课部,2019-04-29,15:00-16:00,0
基础课部,2019-04-29,16:00-17:00,0
基础课部,2019-04-29,17:00-18:00,0
基础课部,2019-04-29,18:00-19:00,0
基础课部,2019-04-29,19:00-20:00,0
基础课部,2019-04-29,20:00-21:00,0
基础课部,2019-04-29,21:00-22:00,0
基础课部,2019-04-29,22:00-23:00,0
基础课部,2019-04-30,07:00-08:00,5
基础课部,2019-04-30,08:00-09:00,0
基础课部,2019-04-30,09:00-10:00,0
基础课部,2019-04-30,10:00-11:00,0
基础课部,2019-04-30,11:00-12:00,0
基础课部,2019-04-30,12:00-13:00,0
基础课部,2019-04-30,13:00-14:00,0
基础课部,2019-04-30,14:00-15:00,0
基础课部,2019-04-30,15:00-16:00,0
基础课部,2019-04-30,16:00-17:00,0
基础课部,2019-04-30,17:00-18:00,0
基础课部,2019-04-30,18:00-19:00,0
基础课部,2019-04-30,19:00-20:00,0
基础课部,2019-04-30,20:00-21:00,0
基础课部,2019-04-30,21:00-22:00,0
基础课部,2019-04-30,22:00-23:00,0
水电缴费处,2019-04-01,07:00-08:00,0
水电缴费处,2019-04-01,08:00-09:00,0
水电缴费处,2019-04-01,09:00-10:00,18
水电缴费处,2019-04-01,10:00-11:00,5
水电缴费处,2019-04-01,11:00-12:00,9
水电缴费处,2019-04-01,12:00-13:00,12
水电缴费处,2019-04-01,13:00-14:00,2
水电缴费处,2019-04-01,14:00-15:00,10
水电缴费处,2019-04-01,15:00-16:00,5
水电缴费处,2019-04-01,16:00-17:00,19
水电缴费处,2019-04-01,17:00-18:00,1
水电缴费处,2019-04-01,18:00-19:00,0
水电缴费处,2019-04-01,19:00-20:00,0
水电缴费处,2019-04-01,20:00-21:00,0
水电缴费处,2019-04-01,21:00-22:00,0
水电缴费处,2019-04-01,22:00-23:00,0
水电缴费处,2019-04-02,07:00-08:00,0
水电缴费处,2019-04-02,08:00-09:00,5
水电缴费处,2019-04-02,09:00-10:00,32
水电缴费处,2019-04-02,10:00-11:00,9
水电缴费处,2019-04-02,11:00-12:00,14
水电缴费处,2019-04-02,12:00-13:00,19
水电缴费处,2019-04-02,13:00-14:00,9
水电缴费处,2019-04-02,14:00-15:00,25
水电缴费处,2019-04-02,15:00-16:00,6
水电缴费处,2019-04-02,16:00-17:00,18
水电缴费处,2019-04-02,17:00-18:00,6
水电缴费处,2019-04-02,18:00-19:00,3
水电缴费处,2019-04-02,19:00-20:00,8
水电缴费处,2019-04-02,20:00-21:00,10
水电缴费处,2019-04-02,21:00-22:00,1
水电缴费处,2019-04-02,22:00-23:00,0
水电缴费处,2019-04-03,07:00-08:00,0
水电缴费处,2019-04-03,08:00-09:00,1
水电缴费处,2019-04-03,09:00-10:00,22
水电缴费处,2019-04-03,10:00-11:00,11
水电缴费处,2019-04-03,11:00-12:00,17
水电缴费处,2019-04-03,12:00-13:00,10
水电缴费处,2019-04-03,13:00-14:00,9
水电缴费处,2019-04-03,14:00-15:00,13
水电缴费处,2019-04-03,15:00-16:00,7
水电缴费处,2019-04-03,16:00-17:00,34
水电缴费处,2019-04-03,17:00-18:00,10
水电缴费处,2019-04-03,18:00-19:00,12
水电缴费处,2019-04-03,19:00-20:00,14
水电缴费处,2019-04-03,20:00-21:00,9
水电缴费处,2019-04-03,21:00-22:00,0
水电缴费处,2019-04-03,22:00-23:00,0
水电缴费处,2019-04-04,07:00-08:00,0
水电缴费处,2019-04-04,08:00-09:00,2
水电缴费处,2019-04-04,09:00-10:00,18
水电缴费处,2019-04-04,10:00-11:00,22
水电缴费处,2019-04-04,11:00-12:00,13
水电缴费处,2019-04-04,12:00-13:00,10
水电缴费处,2019-04-04,13:00-14:00,6
水电缴费处,2019-04-04,14:00-15:00,12
水电缴费处,2019-04-04,15:00-16:00,18
水电缴费处,2019-04-04,16:00-17:00,7
水电缴费处,2019-04-04,17:00-18:00,10
水电缴费处,2019-04-04,18:00-19:00,7
水电缴费处,2019-04-04,19:00-20:00,15
水电缴费处,2019-04-04,20:00-21:00,3
水电缴费处,2019-04-04,21:00-22:00,2
水电缴费处,2019-04-04,22:00-23:00,0
水电缴费处,2019-04-05,07:00-08:00,0
水电缴费处,2019-04-05,08:00-09:00,0
水电缴费处,2019-04-05,09:00-10:00,0
水电缴费处,2019-04-05,10:00-11:00,0
水电缴费处,2019-04-05,11:00-12:00,0
水电缴费处,2019-04-05,12:00-13:00,0
水电缴费处,2019-04-05,13:00-14:00,0
水电缴费处,2019-04-05,14:00-15:00,0
水电缴费处,2019-04-05,15:00-16:00,0
水电缴费处,2019-04-05,16:00-17:00,0
水电缴费处,2019-04-05,17:00-18:00,0
水电缴费处,2019-04-05,18:00-19:00,0
水电缴费处,2019-04-05,19:00-20:00,0
水电缴费处,2019-04-05,20:00-21:00,0
水电缴费处,2019-04-05,21:00-22:00,0
水电缴费处,2019-04-05,22:00-23:00,0
水电缴费处,2019-04-06,07:00-08:00,0
水电缴费处,2019-04-06,08:00-09:00,0
水电缴费处,2019-04-06,09:00-10:00,0
水电缴费处,2019-04-06,10:00-11:00,0
水电缴费处,2019-04-06,11:00-12:00,0
水电缴费处,2019-04-06,12:00-13:00,0
水电缴费处,2019-04-06,13:00-14:00,0
水电缴费处,2019-04-06,14:00-15:00,0
水电缴费处,2019-04-06,15:00-16:00,0
水电缴费处,2019-04-06,16:00-17:00,0
水电缴费处,2019-04-06,17:00-18:00,0
水电缴费处,2019-04-06,18:00-19:00,0
水电缴费处,2019-04-06,19:00-20:00,0
水电缴费处,2019-04-06,20:00-21:00,0
水电缴费处,2019-04-06,21:00-22:00,0
水电缴费处,2019-04-06,22:00-23:00,0
水电缴费处,2019-04-07,07:00-08:00,0
水电缴费处,2019-04-07,08:00-09:00,0
水电缴费处,2019-04-07,09:00-10:00,0
水电缴费处,2019-04-07,10:00-11:00,0
水电缴费处,2019-04-07,11:00-12:00,0
水电缴费处,2019-04-07,12:00-13:00,0
水电缴费处,2019-04-07,13:00-14:00,0
水电缴费处,2019-04-07,14:00-15:00,0
水电缴费处,2019-04-07,15:00-16:00,0
水电缴费处,2019-04-07,16:00-17:00,0
水电缴费处,2019-04-07,17:00-18:00,0
水电缴费处,2019-04-07,18:00-19:00,0
水电缴费处,2019-04-07,19:00-20:00,0
水电缴费处,2019-04-07,20:00-21:00,0
水电缴费处,2019-04-07,21:00-22:00,0
水电缴费处,2019-04-07,22:00-23:00,0
水电缴费处,2019-04-08,07:00-08:00,0
水电缴费处,2019-04-08,08:00-09:00,3
水电缴费处,2019-04-08,09:00-10:00,11
水电缴费处,2019-04-08,10:00-11:00,17
水电缴费处,2019-04-08,11:00-12:00,12
水电缴费处,2019-04-08,12:00-13:00,10
水电缴费处,2019-04-08,13:00-14:00,0
水电缴费处,2019-04-08,14:00-15:00,16
水电缴费处,2019-04-08,15:00-16:00,7
水电缴费处,2019-04-08,16:00-17:00,19
水电缴费处,2019-04-08,17:00-18:00,12
水电缴费处,2019-04-08,18:00-19:00,10
水电缴费处,2019-04-08,19:00-20:00,8
水电缴费处,2019-04-08,20:00-21:00,3
水电缴费处,2019-04-08,21:00-22:00,0
水电缴费处,2019-04-08,22:00-23:00,0
水电缴费处,2019-04-09,07:00-08:00,0
水电缴费处,2019-04-09,08:00-09:00,0
水电缴费处,2019-04-09,09:00-10:00,9
水电缴费处,2019-04-09,10:00-11:00,7
水电缴费处,2019-04-09,11:00-12:00,13
水电缴费处,2019-04-09,12:00-13:00,6
水电缴费处,2019-04-09,13:00-14:00,2
水电缴费处,2019-04-09,14:00-15:00,9
水电缴费处,2019-04-09,15:00-16:00,10
水电缴费处,2019-04-09,16:00-17:00,19
水电缴费处,2019-04-09,17:00-18:00,7
水电缴费处,2019-04-09,18:00-19:00,9
水电缴费处,2019-04-09,19:00-20:00,7
水电缴费处,2019-04-09,20:00-21:00,2
水电缴费处,2019-04-09,21:00-22:00,0
水电缴费处,2019-04-09,22:00-23:00,0
水电缴费处,2019-04-10,07:00-08:00,0
水电缴费处,2019-04-10,08:00-09:00,3
水电缴费处,2019-04-10,09:00-10:00,7
水电缴费处,2019-04-10,10:00-11:00,10
水电缴费处,2019-04-10,11:00-12:00,13
水电缴费处,2019-04-10,12:00-13:00,13
水电缴费处,2019-04-10,13:00-14:00,2
水电缴费处,2019-04-10,14:00-15:00,11
水电缴费处,2019-04-10,15:00-16:00,6
水电缴费处,2019-04-10,16:00-17:00,15
水电缴费处,2019-04-10,17:00-18:00,11
水电缴费处,2019-04-10,18:00-19:00,16
水电缴费处,2019-04-10,19:00-20:00,9
水电缴费处,2019-04-10,20:00-21:00,5
水电缴费处,2019-04-10,21:00-22:00,1
水电缴费处,2019-04-10,22:00-23:00,0
水电缴费处,2019-04-11,07:00-08:00,0
水电缴费处,2019-04-11,08:00-09:00,5
水电缴费处,2019-04-11,09:00-10:00,19
水电缴费处,2019-04-11,10:00-11:00,8
水电缴费处,2019-04-11,11:00-12:00,14
水电缴费处,2019-04-11,12:00-13:00,8
水电缴费处,2019-04-11,13:00-14:00,10
水电缴费处,2019-04-11,14:00-15:00,9
水电缴费处,2019-04-11,15:00-16:00,16
水电缴费处,2019-04-11,16:00-17:00,3
水电缴费处,2019-04-11,17:00-18:00,0
水电缴费处,2019-04-11,18:00-19:00,0
水电缴费处,2019-04-11,19:00-20:00,0
水电缴费处,2019-04-11,20:00-21:00,0
水电缴费处,2019-04-11,21:00-22:00,0
水电缴费处,2019-04-11,22:00-23:00,0
水电缴费处,2019-04-12,07:00-08:00,0
水电缴费处,2019-04-12,08:00-09:00,8
水电缴费处,2019-04-12,09:00-10:00,26
水电缴费处,2019-04-12,10:00-11:00,18
水电缴费处,2019-04-12,11:00-12:00,23
水电缴费处,2019-04-12,12:00-13:00,30
水电缴费处,2019-04-12,13:00-14:00,14
水电缴费处,2019-04-12,14:00-15:00,24
水电缴费处,2019-04-12,15:00-16:00,8
水电缴费处,2019-04-12,16:00-17:00,18
水电缴费处,2019-04-12,17:00-18:00,10
水电缴费处,2019-04-12,18:00-19:00,5
水电缴费处,2019-04-12,19:00-20:00,9
水电缴费处,2019-04-12,20:00-21:00,8
水电缴费处,2019-04-12,21:00-22:00,1
水电缴费处,2019-04-12,22:00-23:00,0
水电缴费处,2019-04-13,07:00-08:00,0
水电缴费处,2019-04-13,08:00-09:00,0
水电缴费处,2019-04-13,09:00-10:00,0
水电缴费处,2019-04-13,10:00-11:00,0
水电缴费处,2019-04-13,11:00-12:00,0
水电缴费处,2019-04-13,12:00-13:00,0
水电缴费处,2019-04-13,13:00-14:00,0
水电缴费处,2019-04-13,14:00-15:00,0
水电缴费处,2019-04-13,15:00-16:00,0
水电缴费处,2019-04-13,16:00-17:00,0
水电缴费处,2019-04-13,17:00-18:00,0
水电缴费处,2019-04-13,18:00-19:00,0
水电缴费处,2019-04-13,19:00-20:00,0
水电缴费处,2019-04-13,20:00-21:00,0
水电缴费处,2019-04-13,21:00-22:00,0
水电缴费处,2019-04-13,22:00-23:00,0
水电缴费处,2019-04-14,07:00-08:00,0
水电缴费处,2019-04-14,08:00-09:00,0
水电缴费处,2019-04-14,09:00-10:00,1
水电缴费处,2019-04-14,10:00-11:00,2
水电缴费处,2019-04-14,11:00-12:00,12
水电缴费处,2019-04-14,12:00-13:00,1
水电缴费处,2019-04-14,13:00-14:00,4
水电缴费处,2019-04-14,14:00-15:00,2
水电缴费处,2019-04-14,15:00-16:00,3
水电缴费处,2019-04-14,16:00-17:00,5
水电缴费处,2019-04-14,17:00-18:00,5
水电缴费处,2019-04-14,18:00-19:00,6
水电缴费处,2019-04-14,19:00-20:00,9
水电缴费处,2019-04-14,20:00-21:00,3
水电缴费处,2019-04-14,21:00-22:00,0
水电缴费处,2019-04-14,22:00-23:00,0
水电缴费处,2019-04-15,07:00-08:00,0
水电缴费处,2019-04-15,08:00-09:00,3
水电缴费处,2019-04-15,09:00-10:00,12
水电缴费处,2019-04-15,10:00-11:00,16
水电缴费处,2019-04-15,11:00-12:00,12
水电缴费处,2019-04-15,12:00-13:00,6
水电缴费处,2019-04-15,13:00-14:00,3
水电缴费处,2019-04-15,14:00-15:00,1
水电缴费处,2019-04-15,15:00-16:00,9
水电缴费处,2019-04-15,16:00-17:00,16
水电缴费处,2019-04-15,17:00-18:00,12
水电缴费处,2019-04-15,18:00-19:00,15
水电缴费处,2019-04-15,19:00-20:00,19
水电缴费处,2019-04-15,20:00-21:00,9
水电缴费处,2019-04-15,21:00-22:00,1
水电缴费处,2019-04-15,22:00-23:00,0
水电缴费处,2019-04-16,07:00-08:00,0
水电缴费处,2019-04-16,08:00-09:00,1
水电缴费处,2019-04-16,09:00-10:00,12
水电缴费处,2019-04-16,10:00-11:00,10
水电缴费处,2019-04-16,11:00-12:00,15
水电缴费处,2019-04-16,12:00-13:00,15
水电缴费处,2019-04-16,13:00-14:00,5
水电缴费处,2019-04-16,14:00-15:00,19
水电缴费处,2019-04-16,15:00-16:00,10
水电缴费处,2019-04-16,16:00-17:00,21
水电缴费处,2019-04-16,17:00-18:00,13
水电缴费处,2019-04-16,18:00-19:00,19
水电缴费处,2019-04-16,19:00-20:00,12
水电缴费处,2019-04-16,20:00-21:00,6
水电缴费处,2019-04-16,21:00-22:00,6
水电缴费处,2019-04-16,22:00-23:00,0
水电缴费处,2019-04-17,07:00-08:00,0
水电缴费处,2019-04-17,08:00-09:00,3
水电缴费处,2019-04-17,09:00-10:00,23
水电缴费处,2019-04-17,10:00-11:00,14
水电缴费处,2019-04-17,11:00-12:00,21
水电缴费处,2019-04-17,12:00-13:00,22
水电缴费处,2019-04-17,13:00-14:00,17
水电缴费处,2019-04-17,14:00-15:00,7
水电缴费处,2019-04-17,15:00-16:00,16
水电缴费处,2019-04-17,16:00-17:00,37
水电缴费处,2019-04-17,17:00-18:00,25
水电缴费处,2019-04-17,18:00-19:00,13
水电缴费处,2019-04-17,19:00-20:00,18
水电缴费处,2019-04-17,20:00-21:00,10
水电缴费处,2019-04-17,21:00-22:00,0
水电缴费处,2019-04-17,22:00-23:00,0
水电缴费处,2019-04-18,07:00-08:00,0
水电缴费处,2019-04-18,08:00-09:00,0
水电缴费处,2019-04-18,09:00-10:00,37
水电缴费处,2019-04-18,10:00-11:00,20
水电缴费处,2019-04-18,11:00-12:00,23
水电缴费处,2019-04-18,12:00-13:00,32
水电缴费处,2019-04-18,13:00-14:00,15
水电缴费处,2019-04-18,14:00-15:00,12
水电缴费处,2019-04-18,15:00-16:00,23
水电缴费处,2019-04-18,16:00-17:00,17
水电缴费处,2019-04-18,17:00-18:00,23
水电缴费处,2019-04-18,18:00-19:00,21
水电缴费处,2019-04-18,19:00-20:00,24
水电缴费处,2019-04-18,20:00-21:00,7
水电缴费处,2019-04-18,21:00-22:00,1
水电缴费处,2019-04-18,22:00-23:00,0
水电缴费处,2019-04-19,07:00-08:00,0
水电缴费处,2019-04-19,08:00-09:00,3
水电缴费处,2019-04-19,09:00-10:00,26
水电缴费处,2019-04-19,10:00-11:00,16
水电缴费处,2019-04-19,11:00-12:00,14
水电缴费处,2019-04-19,12:00-13:00,25
水电缴费处,2019-04-19,13:00-14:00,5
水电缴费处,2019-04-19,14:00-15:00,13
水电缴费处,2019-04-19,15:00-16:00,10
水电缴费处,2019-04-19,16:00-17:00,30
水电缴费处,2019-04-19,17:00-18:00,13
水电缴费处,2019-04-19,18:00-19:00,11
水电缴费处,2019-04-19,19:00-20:00,5
水电缴费处,2019-04-19,20:00-21:00,14
水电缴费处,2019-04-19,21:00-22:00,2
水电缴费处,2019-04-19,22:00-23:00,0
水电缴费处,2019-04-20,07:00-08:00,0
水电缴费处,2019-04-20,08:00-09:00,0
水电缴费处,2019-04-20,09:00-10:00,0
水电缴费处,2019-04-20,10:00-11:00,0
水电缴费处,2019-04-20,11:00-12:00,0
水电缴费处,2019-04-20,12:00-13:00,0
水电缴费处,2019-04-20,13:00-14:00,0
水电缴费处,2019-04-20,14:00-15:00,0
水电缴费处,2019-04-20,15:00-16:00,0
水电缴费处,2019-04-20,16:00-17:00,0
水电缴费处,2019-04-20,17:00-18:00,0
水电缴费处,2019-04-20,18:00-19:00,0
水电缴费处,2019-04-20,19:00-20:00,0
水电缴费处,2019-04-20,20:00-21:00,0
水电缴费处,2019-04-20,21:00-22:00,0
水电缴费处,2019-04-20,22:00-23:00,0
水电缴费处,2019-04-21,07:00-08:00,0
水电缴费处,2019-04-21,08:00-09:00,0
水电缴费处,2019-04-21,09:00-10:00,8
水电缴费处,2019-04-21,10:00-11:00,14
水电缴费处,2019-04-21,11:00-12:00,13
水电缴费处,2019-04-21,12:00-13:00,18
水电缴费处,2019-04-21,13:00-14:00,17
水电缴费处,2019-04-21,14:00-15:00,15
水电缴费处,2019-04-21,15:00-16:00,8
水电缴费处,2019-04-21,16:00-17:00,15
水电缴费处,2019-04-21,17:00-18:00,9
水电缴费处,2019-04-21,18:00-19:00,11
水电缴费处,2019-04-21,19:00-20:00,7
水电缴费处,2019-04-21,20:00-21:00,7
水电缴费处,2019-04-21,21:00-22:00,0
水电缴费处,2019-04-21,22:00-23:00,0
水电缴费处,2019-04-22,07:00-08:00,0
水电缴费处,2019-04-22,08:00-09:00,3
水电缴费处,2019-04-22,09:00-10:00,31
水电缴费处,2019-04-22,10:00-11:00,41
水电缴费处,2019-04-22,11:00-12:00,29
水电缴费处,2019-04-22,12:00-13:00,33
水电缴费处,2019-04-22,13:00-14:00,10
水电缴费处,2019-04-22,14:00-15:00,30
水电缴费处,2019-04-22,15:00-16:00,20
水电缴费处,2019-04-22,16:00-17:00,31
水电缴费处,2019-04-22,17:00-18:00,21
水电缴费处,2019-04-22,18:00-19:00,23
水电缴费处,2019-04-22,19:00-20:00,21
水电缴费处,2019-04-22,20:00-21:00,14
水电缴费处,2019-04-22,21:00-22:00,1
水电缴费处,2019-04-22,22:00-23:00,0
水电缴费处,2019-04-23,07:00-08:00,0
水电缴费处,2019-04-23,08:00-09:00,2
水电缴费处,2019-04-23,09:00-10:00,30
水电缴费处,2019-04-23,10:00-11:00,5
水电缴费处,2019-04-23,11:00-12:00,15
水电缴费处,2019-04-23,12:00-13:00,17
水电缴费处,2019-04-23,13:00-14:00,8
水电缴费处,2019-04-23,14:00-15:00,12
水电缴费处,2019-04-23,15:00-16:00,4
水电缴费处,2019-04-23,16:00-17:00,22
水电缴费处,2019-04-23,17:00-18:00,10
水电缴费处,2019-04-23,18:00-19:00,13
水电缴费处,2019-04-23,19:00-20:00,10
水电缴费处,2019-04-23,20:00-21:00,4
水电缴费处,2019-04-23,21:00-22:00,2
水电缴费处,2019-04-23,22:00-23:00,0
水电缴费处,2019-04-24,07:00-08:00,0
水电缴费处,2019-04-24,08:00-09:00,2
水电缴费处,2019-04-24,09:00-10:00,17
水电缴费处,2019-04-24,10:00-11:00,13
水电缴费处,2019-04-24,11:00-12:00,17
水电缴费处,2019-04-24,12:00-13:00,11
水电缴费处,2019-04-24,13:00-14:00,3
水电缴费处,2019-04-24,14:00-15:00,0
水电缴费处,2019-04-24,15:00-16:00,5
水电缴费处,2019-04-24,16:00-17:00,12
水电缴费处,2019-04-24,17:00-18:00,13
水电缴费处,2019-04-24,18:00-19:00,4
水电缴费处,2019-04-24,19:00-20:00,9
水电缴费处,2019-04-24,20:00-21:00,4
水电缴费处,2019-04-24,21:00-22:00,2
水电缴费处,2019-04-24,22:00-23:00,0
水电缴费处,2019-04-25,07:00-08:00,0
水电缴费处,2019-04-25,08:00-09:00,2
水电缴费处,2019-04-25,09:00-10:00,18
水电缴费处,2019-04-25,10:00-11:00,19
水电缴费处,2019-04-25,11:00-12:00,17
水电缴费处,2019-04-25,12:00-13:00,7
水电缴费处,2019-04-25,13:00-14:00,15
水电缴费处,2019-04-25,14:00-15:00,14
水电缴费处,2019-04-25,15:00-16:00,12
水电缴费处,2019-04-25,16:00-17:00,17
水电缴费处,2019-04-25,17:00-18:00,10
水电缴费处,2019-04-25,18:00-19:00,4
水电缴费处,2019-04-25,19:00-20:00,4
水电缴费处,2019-04-25,20:00-21:00,14
水电缴费处,2019-04-25,21:00-22:00,5
水电缴费处,2019-04-25,22:00-23:00,0
水电缴费处,2019-04-26,07:00-08:00,0
水电缴费处,2019-04-26,08:00-09:00,4
水电缴费处,2019-04-26,09:00-10:00,41
水电缴费处,2019-04-26,10:00-11:00,16
水电缴费处,2019-04-26,11:00-12:00,24
水电缴费处,2019-04-26,12:00-13:00,6
水电缴费处,2019-04-26,13:00-14:00,2
水电缴费处,2019-04-26,14:00-15:00,14
水电缴费处,2019-04-26,15:00-16:00,11
水电缴费处,2019-04-26,16:00-17:00,18
水电缴费处,2019-04-26,17:00-18:00,7
水电缴费处,2019-04-26,18:00-19:00,10
水电缴费处,2019-04-26,19:00-20:00,5
水电缴费处,2019-04-26,20:00-21:00,2
水电缴费处,2019-04-26,21:00-22:00,0
水电缴费处,2019-04-26,22:00-23:00,0
水电缴费处,2019-04-27,07:00-08:00,0
水电缴费处,2019-04-27,08:00-09:00,0
水电缴费处,2019-04-27,09:00-10:00,0
水电缴费处,2019-04-27,10:00-11:00,0
水电缴费处,2019-04-27,11:00-12:00,0
水电缴费处,2019-04-27,12:00-13:00,0
水电缴费处,2019-04-27,13:00-14:00,0
水电缴费处,2019-04-27,14:00-15:00,0
水电缴费处,2019-04-27,15:00-16:00,0
水电缴费处,2019-04-27,16:00-17:00,0
水电缴费处,2019-04-27,17:00-18:00,0
水电缴费处,2019-04-27,18:00-19:00,0
水电缴费处,2019-04-27,19:00-20:00,0
水电缴费处,2019-04-27,20:00-21:00,0
水电缴费处,2019-04-27,21:00-22:00,0
水电缴费处,2019-04-27,22:00-23:00,0
水电缴费处,2019-04-28,07:00-08:00,0
水电缴费处,2019-04-28,08:00-09:00,0
水电缴费处,2019-04-28,09:00-10:00,0
水电缴费处,2019-04-28,10:00-11:00,0
水电缴费处,2019-04-28,11:00-12:00,0
水电缴费处,2019-04-28,12:00-13:00,0
水电缴费处,2019-04-28,13:00-14:00,0
水电缴费处,2019-04-28,14:00-15:00,0
水电缴费处,2019-04-28,15:00-16:00,0
水电缴费处,2019-04-28,16:00-17:00,0
水电缴费处,2019-04-28,17:00-18:00,0
水电缴费处,2019-04-28,18:00-19:00,0
水电缴费处,2019-04-28,19:00-20:00,0
水电缴费处,2019-04-28,20:00-21:00,0
水电缴费处,2019-04-28,21:00-22:00,0
水电缴费处,2019-04-28,22:00-23:00,0
水电缴费处,2019-04-29,07:00-08:00,0
水电缴费处,2019-04-29,08:00-09:00,0
水电缴费处,2019-04-29,09:00-10:00,0
水电缴费处,2019-04-29,10:00-11:00,0
水电缴费处,2019-04-29,11:00-12:00,0
水电缴费处,2019-04-29,12:00-13:00,0
水电缴费处,2019-04-29,13:00-14:00,0
水电缴费处,2019-04-29,14:00-15:00,0
水电缴费处,2019-04-29,15:00-16:00,0
水电缴费处,2019-04-29,16:00-17:00,0
水电缴费处,2019-04-29,17:00-18:00,0
水电缴费处,2019-04-29,18:00-19:00,0
水电缴费处,2019-04-29,19:00-20:00,0
水电缴费处,2019-04-29,20:00-21:00,0
水电缴费处,2019-04-29,21:00-22:00,0
水电缴费处,2019-04-29,22:00-23:00,0
水电缴费处,2019-04-30,07:00-08:00,0
水电缴费处,2019-04-30,08:00-09:00,0
水电缴费处,2019-04-30,09:00-10:00,4
水电缴费处,2019-04-30,10:00-11:00,5
水电缴费处,2019-04-30,11:00-12:00,5
水电缴费处,2019-04-30,12:00-13:00,5
水电缴费处,2019-04-30,13:00-14:00,5
水电缴费处,2019-04-30,14:00-15:00,2
水电缴费处,2019-04-30,15:00-16:00,7
水电缴费处,2019-04-30,16:00-17:00,7
水电缴费处,2019-04-30,17:00-18:00,5
水电缴费处,2019-04-30,18:00-19:00,17
水电缴费处,2019-04-30,19:00-20:00,10
水电缴费处,2019-04-30,20:00-21:00,7
水电缴费处,2019-04-30,21:00-22:00,0
水电缴费处,2019-04-30,22:00-23:00,0
第一图书馆,2019-04-01,07:00-08:00,0
第一图书馆,2019-04-01,08:00-09:00,0
第一图书馆,2019-04-01,09:00-10:00,3
第一图书馆,2019-04-01,10:00-11:00,0
第一图书馆,2019-04-01,11:00-12:00,1
第一图书馆,2019-04-01,12:00-13:00,0
第一图书馆,2019-04-01,13:00-14:00,0
第一图书馆,2019-04-01,14:00-15:00,2
第一图书馆,2019-04-01,15:00-16:00,1
第一图书馆,2019-04-01,16:00-17:00,3
第一图书馆,2019-04-01,17:00-18:00,0
第一图书馆,2019-04-01,18:00-19:00,0
第一图书馆,2019-04-01,19:00-20:00,0
第一图书馆,2019-04-01,20:00-21:00,0
第一图书馆,2019-04-01,21:00-22:00,0
第一图书馆,2019-04-01,22:00-23:00,0
第一图书馆,2019-04-02,07:00-08:00,0
第一图书馆,2019-04-02,08:00-09:00,1
第一图书馆,2019-04-02,09:00-10:00,5
第一图书馆,2019-04-02,10:00-11:00,0
第一图书馆,2019-04-02,11:00-12:00,2
第一图书馆,2019-04-02,12:00-13:00,0
第一图书馆,2019-04-02,13:00-14:00,0
第一图书馆,2019-04-02,14:00-15:00,0
第一图书馆,2019-04-02,15:00-16:00,4
第一图书馆,2019-04-02,16:00-17:00,7
第一图书馆,2019-04-02,17:00-18:00,0
第一图书馆,2019-04-02,18:00-19:00,0
第一图书馆,2019-04-02,19:00-20:00,0
第一图书馆,2019-04-02,20:00-21:00,0
第一图书馆,2019-04-02,21:00-22:00,0
第一图书馆,2019-04-02,22:00-23:00,0
第一图书馆,2019-04-03,07:00-08:00,0
第一图书馆,2019-04-03,08:00-09:00,1
第一图书馆,2019-04-03,09:00-10:00,6
第一图书馆,2019-04-03,10:00-11:00,0
第一图书馆,2019-04-03,11:00-12:00,1
第一图书馆,2019-04-03,12:00-13:00,0
第一图书馆,2019-04-03,13:00-14:00,0
第一图书馆,2019-04-03,14:00-15:00,2
第一图书馆,2019-04-03,15:00-16:00,2
第一图书馆,2019-04-03,16:00-17:00,11
第一图书馆,2019-04-03,17:00-18:00,0
第一图书馆,2019-04-03,18:00-19:00,0
第一图书馆,2019-04-03,19:00-20:00,0
第一图书馆,2019-04-03,20:00-21:00,0
第一图书馆,2019-04-03,21:00-22:00,0
第一图书馆,2019-04-03,22:00-23:00,0
第一图书馆,2019-04-04,07:00-08:00,0
第一图书馆,2019-04-04,08:00-09:00,0
第一图书馆,2019-04-04,09:00-10:00,6
第一图书馆,2019-04-04,10:00-11:00,0
第一图书馆,2019-04-04,11:00-12:00,4
第一图书馆,2019-04-04,12:00-13:00,0
第一图书馆,2019-04-04,13:00-14:00,0
第一图书馆,2019-04-04,14:00-15:00,1
第一图书馆,2019-04-04,15:00-16:00,1
第一图书馆,2019-04-04,16:00-17:00,0
第一图书馆,2019-04-04,17:00-18:00,0
第一图书馆,2019-04-04,18:00-19:00,0
第一图书馆,2019-04-04,19:00-20:00,0
第一图书馆,2019-04-04,20:00-21:00,0
第一图书馆,2019-04-04,21:00-22:00,0
第一图书馆,2019-04-04,22:00-23:00,0
第一图书馆,2019-04-05,07:00-08:00,0
第一图书馆,2019-04-05,08:00-09:00,0
第一图书馆,2019-04-05,09:00-10:00,0
第一图书馆,2019-04-05,10:00-11:00,0
第一图书馆,2019-04-05,11:00-12:00,0
第一图书馆,2019-04-05,12:00-13:00,0
第一图书馆,2019-04-05,13:00-14:00,0
第一图书馆,2019-04-05,14:00-15:00,0
第一图书馆,2019-04-05,15:00-16:00,0
第一图书馆,2019-04-05,16:00-17:00,0
第一图书馆,2019-04-05,17:00-18:00,0
第一图书馆,2019-04-05,18:00-19:00,0
第一图书馆,2019-04-05,19:00-20:00,0
第一图书馆,2019-04-05,20:00-21:00,0
第一图书馆,2019-04-05,21:00-22:00,0
第一图书馆,2019-04-05,22:00-23:00,0
第一图书馆,2019-04-06,07:00-08:00,0
第一图书馆,2019-04-06,08:00-09:00,0
第一图书馆,2019-04-06,09:00-10:00,0
第一图书馆,2019-04-06,10:00-11:00,0
第一图书馆,2019-04-06,11:00-12:00,0
第一图书馆,2019-04-06,12:00-13:00,0
第一图书馆,2019-04-06,13:00-14:00,0
第一图书馆,2019-04-06,14:00-15:00,0
第一图书馆,2019-04-06,15:00-16:00,0
第一图书馆,2019-04-06,16:00-17:00,0
第一图书馆,2019-04-06,17:00-18:00,0
第一图书馆,2019-04-06,18:00-19:00,0
第一图书馆,2019-04-06,19:00-20:00,0
第一图书馆,2019-04-06,20:00-21:00,0
第一图书馆,2019-04-06,21:00-22:00,0
第一图书馆,2019-04-06,22:00-23:00,0
第一图书馆,2019-04-07,07:00-08:00,0
第一图书馆,2019-04-07,08:00-09:00,0
第一图书馆,2019-04-07,09:00-10:00,0
第一图书馆,2019-04-07,10:00-11:00,0
第一图书馆,2019-04-07,11:00-12:00,0
第一图书馆,2019-04-07,12:00-13:00,0
第一图书馆,2019-04-07,13:00-14:00,0
第一图书馆,2019-04-07,14:00-15:00,0
第一图书馆,2019-04-07,15:00-16:00,0
第一图书馆,2019-04-07,16:00-17:00,0
第一图书馆,2019-04-07,17:00-18:00,0
第一图书馆,2019-04-07,18:00-19:00,0
第一图书馆,2019-04-07,19:00-20:00,0
第一图书馆,2019-04-07,20:00-21:00,0
第一图书馆,2019-04-07,21:00-22:00,0
第一图书馆,2019-04-07,22:00-23:00,0
第一图书馆,2019-04-08,07:00-08:00,0
第一图书馆,2019-04-08,08:00-09:00,0
第一图书馆,2019-04-08,09:00-10:00,3
第一图书馆,2019-04-08,10:00-11:00,2
第一图书馆,2019-04-08,11:00-12:00,4
第一图书馆,2019-04-08,12:00-13:00,1
第一图书馆,2019-04-08,13:00-14:00,0
第一图书馆,2019-04-08,14:00-15:00,0
第一图书馆,2019-04-08,15:00-16:00,3
第一图书馆,2019-04-08,16:00-17:00,9
第一图书馆,2019-04-08,17:00-18:00,7
第一图书馆,2019-04-08,18:00-19:00,0
第一图书馆,2019-04-08,19:00-20:00,0
第一图书馆,2019-04-08,20:00-21:00,0
第一图书馆,2019-04-08,21:00-22:00,0
第一图书馆,2019-04-08,22:00-23:00,0
第一图书馆,2019-04-09,07:00-08:00,0
第一图书馆,2019-04-09,08:00-09:00,0
第一图书馆,2019-04-09,09:00-10:00,0
第一图书馆,2019-04-09,10:00-11:00,1
第一图书馆,2019-04-09,11:00-12:00,7
第一图书馆,2019-04-09,12:00-13:00,0
第一图书馆,2019-04-09,13:00-14:00,0
第一图书馆,2019-04-09,14:00-15:00,3
第一图书馆,2019-04-09,15:00-16:00,4
第一图书馆,2019-04-09,16:00-17:00,16
第一图书馆,2019-04-09,17:00-18:00,5
第一图书馆,2019-04-09,18:00-19:00,0
第一图书馆,2019-04-09,19:00-20:00,0
第一图书馆,2019-04-09,20:00-21:00,0
第一图书馆,2019-04-09,21:00-22:00,0
第一图书馆,2019-04-09,22:00-23:00,0
第一图书馆,2019-04-10,07:00-08:00,0
第一图书馆,2019-04-10,08:00-09:00,2
第一图书馆,2019-04-10,09:00-10:00,5
第一图书馆,2019-04-10,10:00-11:00,0
第一图书馆,2019-04-10,11:00-12:00,0
第一图书馆,2019-04-10,12:00-13:00,0
第一图书馆,2019-04-10,13:00-14:00,0
第一图书馆,2019-04-10,14:00-15:00,1
第一图书馆,2019-04-10,15:00-16:00,0
第一图书馆,2019-04-10,16:00-17:00,0
第一图书馆,2019-04-10,17:00-18:00,0
第一图书馆,2019-04-10,18:00-19:00,0
第一图书馆,2019-04-10,19:00-20:00,0
第一图书馆,2019-04-10,20:00-21:00,0
第一图书馆,2019-04-10,21:00-22:00,0
第一图书馆,2019-04-10,22:00-23:00,0
第一图书馆,2019-04-11,07:00-08:00,0
第一图书馆,2019-04-11,08:00-09:00,0
第一图书馆,2019-04-11,09:00-10:00,2
第一图书馆,2019-04-11,10:00-11:00,0
第一图书馆,2019-04-11,11:00-12:00,0
第一图书馆,2019-04-11,12:00-13:00,0
第一图书馆,2019-04-11,13:00-14:00,0
第一图书馆,2019-04-11,14:00-15:00,1
第一图书馆,2019-04-11,15:00-16:00,3
第一图书馆,2019-04-11,16:00-17:00,0
第一图书馆,2019-04-11,17:00-18:00,0
第一图书馆,2019-04-11,18:00-19:00,0
第一图书馆,2019-04-11,19:00-20:00,0
第一图书馆,2019-04-11,20:00-21:00,0
第一图书馆,2019-04-11,21:00-22:00,0
第一图书馆,2019-04-11,22:00-23:00,0
第一图书馆,2019-04-12,07:00-08:00,0
第一图书馆,2019-04-12,08:00-09:00,1
第一图书馆,2019-04-12,09:00-10:00,2
第一图书馆,2019-04-12,10:00-11:00,4
第一图书馆,2019-04-12,11:00-12:00,2
第一图书馆,2019-04-12,12:00-13:00,0
第一图书馆,2019-04-12,13:00-14:00,0
第一图书馆,2019-04-12,14:00-15:00,2
第一图书馆,2019-04-12,15:00-16:00,2
第一图书馆,2019-04-12,16:00-17:00,5
第一图书馆,2019-04-12,17:00-18:00,0
第一图书馆,2019-04-12,18:00-19:00,0
第一图书馆,2019-04-12,19:00-20:00,0
第一图书馆,2019-04-12,20:00-21:00,0
第一图书馆,2019-04-12,21:00-22:00,0
第一图书馆,2019-04-12,22:00-23:00,0
第一图书馆,2019-04-13,07:00-08:00,0
第一图书馆,2019-04-13,08:00-09:00,0
第一图书馆,2019-04-13,09:00-10:00,0
第一图书馆,2019-04-13,10:00-11:00,0
第一图书馆,2019-04-13,11:00-12:00,0
第一图书馆,2019-04-13,12:00-13:00,0
第一图书馆,2019-04-13,13:00-14:00,0
第一图书馆,2019-04-13,14:00-15:00,0
第一图书馆,2019-04-13,15:00-16:00,0
第一图书馆,2019-04-13,16:00-17:00,0
第一图书馆,2019-04-13,17:00-18:00,0
第一图书馆,2019-04-13,18:00-19:00,0
第一图书馆,2019-04-13,19:00-20:00,0
第一图书馆,2019-04-13,20:00-21:00,0
第一图书馆,2019-04-13,21:00-22:00,0
第一图书馆,2019-04-13,22:00-23:00,0
第一图书馆,2019-04-14,07:00-08:00,0
第一图书馆,2019-04-14,08:00-09:00,0
第一图书馆,2019-04-14,09:00-10:00,0
第一图书馆,2019-04-14,10:00-11:00,0
第一图书馆,2019-04-14,11:00-12:00,0
第一图书馆,2019-04-14,12:00-13:00,0
第一图书馆,2019-04-14,13:00-14:00,0
第一图书馆,2019-04-14,14:00-15:00,0
第一图书馆,2019-04-14,15:00-16:00,0
第一图书馆,2019-04-14,16:00-17:00,0
第一图书馆,2019-04-14,17:00-18:00,0
第一图书馆,2019-04-14,18:00-19:00,0
第一图书馆,2019-04-14,19:00-20:00,0
第一图书馆,2019-04-14,20:00-21:00,0
第一图书馆,2019-04-14,21:00-22:00,0
第一图书馆,2019-04-14,22:00-23:00,0
第一图书馆,2019-04-15,07:00-08:00,0
第一图书馆,2019-04-15,08:00-09:00,1
第一图书馆,2019-04-15,09:00-10:00,3
第一图书馆,2019-04-15,10:00-11:00,1
第一图书馆,2019-04-15,11:00-12:00,3
第一图书馆,2019-04-15,12:00-13:00,0
第一图书馆,2019-04-15,13:00-14:00,0
第一图书馆,2019-04-15,14:00-15:00,0
第一图书馆,2019-04-15,15:00-16:00,0
第一图书馆,2019-04-15,16:00-17:00,2
第一图书馆,2019-04-15,17:00-18:00,0
第一图书馆,2019-04-15,18:00-19:00,0
第一图书馆,2019-04-15,19:00-20:00,0
第一图书馆,2019-04-15,20:00-21:00,0
第一图书馆,2019-04-15,21:00-22:00,0
第一图书馆,2019-04-15,22:00-23:00,0
第一图书馆,2019-04-16,07:00-08:00,0
第一图书馆,2019-04-16,08:00-09:00,0
第一图书馆,2019-04-16,09:00-10:00,0
第一图书馆,2019-04-16,10:00-11:00,0
第一图书馆,2019-04-16,11:00-12:00,3
第一图书馆,2019-04-16,12:00-13:00,0
第一图书馆,2019-04-16,13:00-14:00,0
第一图书馆,2019-04-16,14:00-15:00,2
第一图书馆,2019-04-16,15:00-16:00,3
第一图书馆,2019-04-16,16:00-17:00,12
第一图书馆,2019-04-16,17:00-18:00,6
第一图书馆,2019-04-16,18:00-19:00,0
第一图书馆,2019-04-16,19:00-20:00,0
第一图书馆,2019-04-16,20:00-21:00,0
第一图书馆,2019-04-16,21:00-22:00,0
第一图书馆,2019-04-16,22:00-23:00,0
第一图书馆,2019-04-17,07:00-08:00,0
第一图书馆,2019-04-17,08:00-09:00,0
第一图书馆,2019-04-17,09:00-10:00,0
第一图书馆,2019-04-17,10:00-11:00,0
第一图书馆,2019-04-17,11:00-12:00,0
第一图书馆,2019-04-17,12:00-13:00,0
第一图书馆,2019-04-17,13:00-14:00,0
第一图书馆,2019-04-17,14:00-15:00,1
第一图书馆,2019-04-17,15:00-16:00,0
第一图书馆,2019-04-17,16:00-17:00,5
第一图书馆,2019-04-17,17:00-18:00,3
第一图书馆,2019-04-17,18:00-19:00,0
第一图书馆,2019-04-17,19:00-20:00,0
第一图书馆,2019-04-17,20:00-21:00,0
第一图书馆,2019-04-17,21:00-22:00,0
第一图书馆,2019-04-17,22:00-23:00,0
第一图书馆,2019-04-18,07:00-08:00,0
第一图书馆,2019-04-18,08:00-09:00,0
第一图书馆,2019-04-18,09:00-10:00,5
第一图书馆,2019-04-18,10:00-11:00,0
第一图书馆,2019-04-18,11:00-12:00,0
第一图书馆,2019-04-18,12:00-13:00,0
第一图书馆,2019-04-18,13:00-14:00,0
第一图书馆,2019-04-18,14:00-15:00,0
第一图书馆,2019-04-18,15:00-16:00,1
第一图书馆,2019-04-18,16:00-17:00,2
第一图书馆,2019-04-18,17:00-18:00,0
第一图书馆,2019-04-18,18:00-19:00,0
第一图书馆,2019-04-18,19:00-20:00,0
第一图书馆,2019-04-18,20:00-21:00,0
第一图书馆,2019-04-18,21:00-22:00,0
第一图书馆,2019-04-18,22:00-23:00,0
第一图书馆,2019-04-19,07:00-08:00,0
第一图书馆,2019-04-19,08:00-09:00,0
第一图书馆,2019-04-19,09:00-10:00,2
第一图书馆,2019-04-19,10:00-11:00,3
第一图书馆,2019-04-19,11:00-12:00,0
第一图书馆,2019-04-19,12:00-13:00,0
第一图书馆,2019-04-19,13:00-14:00,0
第一图书馆,2019-04-19,14:00-15:00,0
第一图书馆,2019-04-19,15:00-16:00,2
第一图书馆,2019-04-19,16:00-17:00,6
第一图书馆,2019-04-19,17:00-18:00,0
第一图书馆,2019-04-19,18:00-19:00,0
第一图书馆,2019-04-19,19:00-20:00,0
第一图书馆,2019-04-19,20:00-21:00,0
第一图书馆,2019-04-19,21:00-22:00,0
第一图书馆,2019-04-19,22:00-23:00,0
第一图书馆,2019-04-20,07:00-08:00,0
第一图书馆,2019-04-20,08:00-09:00,0
第一图书馆,2019-04-20,09:00-10:00,0
第一图书馆,2019-04-20,10:00-11:00,0
第一图书馆,2019-04-20,11:00-12:00,0
第一图书馆,2019-04-20,12:00-13:00,0
第一图书馆,2019-04-20,13:00-14:00,0
第一图书馆,2019-04-20,14:00-15:00,0
第一图书馆,2019-04-20,15:00-16:00,0
第一图书馆,2019-04-20,16:00-17:00,0
第一图书馆,2019-04-20,17:00-18:00,0
第一图书馆,2019-04-20,18:00-19:00,0
第一图书馆,2019-04-20,19:00-20:00,0
第一图书馆,2019-04-20,20:00-21:00,0
第一图书馆,2019-04-20,21:00-22:00,0
第一图书馆,2019-04-20,22:00-23:00,0
第一图书馆,2019-04-21,07:00-08:00,0
第一图书馆,2019-04-21,08:00-09:00,0
第一图书馆,2019-04-21,09:00-10:00,0
第一图书馆,2019-04-21,10:00-11:00,0
第一图书馆,2019-04-21,11:00-12:00,0
第一图书馆,2019-04-21,12:00-13:00,0
第一图书馆,2019-04-21,13:00-14:00,0
第一图书馆,2019-04-21,14:00-15:00,0
第一图书馆,2019-04-21,15:00-16:00,0
第一图书馆,2019-04-21,16:00-17:00,0
第一图书馆,2019-04-21,17:00-18:00,0
第一图书馆,2019-04-21,18:00-19:00,0
第一图书馆,2019-04-21,19:00-20:00,0
第一图书馆,2019-04-21,20:00-21:00,0
第一图书馆,2019-04-21,21:00-22:00,0
第一图书馆,2019-04-21,22:00-23:00,0
第一图书馆,2019-04-22,07:00-08:00,0
第一图书馆,2019-04-22,08:00-09:00,0
第一图书馆,2019-04-22,09:00-10:00,1
第一图书馆,2019-04-22,10:00-11:00,2
第一图书馆,2019-04-22,11:00-12:00,1
第一图书馆,2019-04-22,12:00-13:00,0
第一图书馆,2019-04-22,13:00-14:00,0
第一图书馆,2019-04-22,14:00-15:00,0
第一图书馆,2019-04-22,15:00-16:00,1
第一图书馆,2019-04-22,16:00-17:00,12
第一图书馆,2019-04-22,17:00-18:00,0
第一图书馆,2019-04-22,18:00-19:00,0
第一图书馆,2019-04-22,19:00-20:00,0
第一图书馆,2019-04-22,20:00-21:00,0
第一图书馆,2019-04-22,21:00-22:00,0
第一图书馆,2019-04-22,22:00-23:00,0
第一图书馆,2019-04-23,07:00-08:00,0
第一图书馆,2019-04-23,08:00-09:00,0
第一图书馆,2019-04-23,09:00-10:00,4
第一图书馆,2019-04-23,10:00-11:00,1
第一图书馆,2019-04-23,11:00-12:00,1
第一图书馆,2019-04-23,12:00-13:00,0
第一图书馆,2019-04-23,13:00-14:00,0
第一图书馆,2019-04-23,14:00-15:00,0
第一图书馆,2019-04-23,15:00-16:00,1
第一图书馆,2019-04-23,16:00-17:00,11
第一图书馆,2019-04-23,17:00-18:00,0
第一图书馆,2019-04-23,18:00-19:00,0
第一图书馆,2019-04-23,19:00-20:00,0
第一图书馆,2019-04-23,20:00-21:00,0
第一图书馆,2019-04-23,21:00-22:00,0
第一图书馆,2019-04-23,22:00-23:00,0
第一图书馆,2019-04-24,07:00-08:00,0
第一图书馆,2019-04-24,08:00-09:00,0
第一图书馆,2019-04-24,09:00-10:00,0
第一图书馆,2019-04-24,10:00-11:00,2
第一图书馆,2019-04-24,11:00-12:00,0
第一图书馆,2019-04-24,12:00-13:00,0
第一图书馆,2019-04-24,13:00-14:00,0
第一图书馆,2019-04-24,14:00-15:00,0
第一图书馆,2019-04-24,15:00-16:00,0
第一图书馆,2019-04-24,16:00-17:00,3
第一图书馆,2019-04-24,17:00-18:00,0
第一图书馆,2019-04-24,18:00-19:00,0
第一图书馆,2019-04-24,19:00-20:00,0
第一图书馆,2019-04-24,20:00-21:00,0
第一图书馆,2019-04-24,21:00-22:00,0
第一图书馆,2019-04-24,22:00-23:00,0
第一图书馆,2019-04-25,07:00-08:00,0
第一图书馆,2019-04-25,08:00-09:00,0
第一图书馆,2019-04-25,09:00-10:00,0
第一图书馆,2019-04-25,10:00-11:00,0
第一图书馆,2019-04-25,11:00-12:00,3
第一图书馆,2019-04-25,12:00-13:00,0
第一图书馆,2019-04-25,13:00-14:00,0
第一图书馆,2019-04-25,14:00-15:00,2
第一图书馆,2019-04-25,15:00-16:00,1
第一图书馆,2019-04-25,16:00-17:00,0
第一图书馆,2019-04-25,17:00-18:00,2
第一图书馆,2019-04-25,18:00-19:00,0
第一图书馆,2019-04-25,19:00-20:00,0
第一图书馆,2019-04-25,20:00-21:00,0
第一图书馆,2019-04-25,21:00-22:00,0
第一图书馆,2019-04-25,22:00-23:00,0
第一图书馆,2019-04-26,07:00-08:00,0
第一图书馆,2019-04-26,08:00-09:00,0
第一图书馆,2019-04-26,09:00-10:00,2
第一图书馆,2019-04-26,10:00-11:00,2
第一图书馆,2019-04-26,11:00-12:00,2
第一图书馆,2019-04-26,12:00-13:00,0
第一图书馆,2019-04-26,13:00-14:00,0
第一图书馆,2019-04-26,14:00-15:00,0
第一图书馆,2019-04-26,15:00-16:00,1
第一图书馆,2019-04-26,16:00-17:00,4
第一图书馆,2019-04-26,17:00-18:00,0
第一图书馆,2019-04-26,18:00-19:00,0
第一图书馆,2019-04-26,19:00-20:00,0
第一图书馆,2019-04-26,20:00-21:00,0
第一图书馆,2019-04-26,21:00-22:00,0
第一图书馆,2019-04-26,22:00-23:00,0
第一图书馆,2019-04-27,07:00-08:00,0
第一图书馆,2019-04-27,08:00-09:00,0
第一图书馆,2019-04-27,09:00-10:00,0
第一图书馆,2019-04-27,10:00-11:00,0
第一图书馆,2019-04-27,11:00-12:00,0
第一图书馆,2019-04-27,12:00-13:00,0
第一图书馆,2019-04-27,13:00-14:00,0
第一图书馆,2019-04-27,14:00-15:00,0
第一图书馆,2019-04-27,15:00-16:00,0
第一图书馆,2019-04-27,16:00-17:00,0
第一图书馆,2019-04-27,17:00-18:00,0
第一图书馆,2019-04-27,18:00-19:00,0
第一图书馆,2019-04-27,19:00-20:00,0
第一图书馆,2019-04-27,20:00-21:00,0
第一图书馆,2019-04-27,21:00-22:00,0
第一图书馆,2019-04-27,22:00-23:00,0
第一图书馆,2019-04-28,07:00-08:00,0
第一图书馆,2019-04-28,08:00-09:00,0
第一图书馆,2019-04-28,09:00-10:00,0
第一图书馆,2019-04-28,10:00-11:00,0
第一图书馆,2019-04-28,11:00-12:00,0
第一图书馆,2019-04-28,12:00-13:00,0
第一图书馆,2019-04-28,13:00-14:00,0
第一图书馆,2019-04-28,14:00-15:00,0
第一图书馆,2019-04-28,15:00-16:00,0
第一图书馆,2019-04-28,16:00-17:00,0
第一图书馆,2019-04-28,17:00-18:00,0
第一图书馆,2019-04-28,18:00-19:00,0
第一图书馆,2019-04-28,19:00-20:00,0
第一图书馆,2019-04-28,20:00-21:00,0
第一图书馆,2019-04-28,21:00-22:00,0
第一图书馆,2019-04-28,22:00-23:00,0
第一图书馆,2019-04-29,07:00-08:00,0
第一图书馆,2019-04-29,08:00-09:00,0
第一图书馆,2019-04-29,09:00-10:00,0
第一图书馆,2019-04-29,10:00-11:00,0
第一图书馆,2019-04-29,11:00-12:00,0
第一图书馆,2019-04-29,12:00-13:00,0
第一图书馆,2019-04-29,13:00-14:00,0
第一图书馆,2019-04-29,14:00-15:00,0
第一图书馆,2019-04-29,15:00-16:00,0
第一图书馆,2019-04-29,16:00-17:00,0
第一图书馆,2019-04-29,17:00-18:00,0
第一图书馆,2019-04-29,18:00-19:00,0
第一图书馆,2019-04-29,19:00-20:00,0
第一图书馆,2019-04-29,20:00-21:00,0
第一图书馆,2019-04-29,21:00-22:00,0
第一图书馆,2019-04-29,22:00-23:00,0
第一图书馆,2019-04-30,07:00-08:00,0
第一图书馆,2019-04-30,08:00-09:00,0
第一图书馆,2019-04-30,09:00-10:00,0
第一图书馆,2019-04-30,10:00-11:00,0
第一图书馆,2019-04-30,11:00-12:00,0
第一图书馆,2019-04-30,12:00-13:00,0
第一图书馆,2019-04-30,13:00-14:00,0
第一图书馆,2019-04-30,14:00-15:00,0
第一图书馆,2019-04-30,15:00-16:00,0
第一图书馆,2019-04-30,16:00-17:00,0
第一图书馆,2019-04-30,17:00-18:00,0
第一图书馆,2019-04-30,18:00-19:00,0
第一图书馆,2019-04-30,19:00-20:00,0
第一图书馆,2019-04-30,20:00-21:00,0
第一图书馆,2019-04-30,21:00-22:00,0
第一图书馆,2019-04-30,22:00-23:00,0
第七教学楼,2019-04-01,07:00-08:00,0
第七教学楼,2019-04-01,08:00-09:00,0
第七教学楼,2019-04-01,09:00-10:00,0
第七教学楼,2019-04-01,10:00-11:00,0
第七教学楼,2019-04-01,11:00-12:00,0
第七教学楼,2019-04-01,12:00-13:00,0
第七教学楼,2019-04-01,13:00-14:00,0
第七教学楼,2019-04-01,14:00-15:00,0
第七教学楼,2019-04-01,15:00-16:00,0
第七教学楼,2019-04-01,16:00-17:00,0
第七教学楼,2019-04-01,17:00-18:00,0
第七教学楼,2019-04-01,18:00-19:00,0
第七教学楼,2019-04-01,19:00-20:00,0
第七教学楼,2019-04-01,20:00-21:00,0
第七教学楼,2019-04-01,21:00-22:00,0
第七教学楼,2019-04-01,22:00-23:00,0
第七教学楼,2019-04-02,07:00-08:00,0
第七教学楼,2019-04-02,08:00-09:00,0
第七教学楼,2019-04-02,09:00-10:00,0
第七教学楼,2019-04-02,10:00-11:00,0
第七教学楼,2019-04-02,11:00-12:00,0
第七教学楼,2019-04-02,12:00-13:00,0
第七教学楼,2019-04-02,13:00-14:00,0
第七教学楼,2019-04-02,14:00-15:00,0
第七教学楼,2019-04-02,15:00-16:00,0
第七教学楼,2019-04-02,16:00-17:00,0
第七教学楼,2019-04-02,17:00-18:00,0
第七教学楼,2019-04-02,18:00-19:00,0
第七教学楼,2019-04-02,19:00-20:00,0
第七教学楼,2019-04-02,20:00-21:00,0
第七教学楼,2019-04-02,21:00-22:00,0
第七教学楼,2019-04-02,22:00-23:00,0
第七教学楼,2019-04-03,07:00-08:00,0
第七教学楼,2019-04-03,08:00-09:00,0
第七教学楼,2019-04-03,09:00-10:00,0
第七教学楼,2019-04-03,10:00-11:00,0
第七教学楼,2019-04-03,11:00-12:00,0
第七教学楼,2019-04-03,12:00-13:00,0
第七教学楼,2019-04-03,13:00-14:00,0
第七教学楼,2019-04-03,14:00-15:00,0
第七教学楼,2019-04-03,15:00-16:00,0
第七教学楼,2019-04-03,16:00-17:00,0
第七教学楼,2019-04-03,17:00-18:00,0
第七教学楼,2019-04-03,18:00-19:00,0
第七教学楼,2019-04-03,19:00-20:00,0
第七教学楼,2019-04-03,20:00-21:00,0
第七教学楼,2019-04-03,21:00-22:00,0
第七教学楼,2019-04-03,22:00-23:00,0
第七教学楼,2019-04-04,07:00-08:00,0
第七教学楼,2019-04-04,08:00-09:00,0
第七教学楼,2019-04-04,09:00-10:00,0
第七教学楼,2019-04-04,10:00-11:00,0
第七教学楼,2019-04-04,11:00-12:00,0
第七教学楼,2019-04-04,12:00-13:00,0
第七教学楼,2019-04-04,13:00-14:00,0
第七教学楼,2019-04-04,14:00-15:00,0
第七教学楼,2019-04-04,15:00-16:00,0
第七教学楼,2019-04-04,16:00-17:00,0
第七教学楼,2019-04-04,17:00-18:00,0
第七教学楼,2019-04-04,18:00-19:00,0
第七教学楼,2019-04-04,19:00-20:00,0
第七教学楼,2019-04-04,20:00-21:00,0
第七教学楼,2019-04-04,21:00-22:00,0
第七教学楼,2019-04-04,22:00-23:00,0
第七教学楼,2019-04-05,07:00-08:00,0
第七教学楼,2019-04-05,08:00-09:00,0
第七教学楼,2019-04-05,09:00-10:00,0
第七教学楼,2019-04-05,10:00-11:00,0
第七教学楼,2019-04-05,11:00-12:00,0
第七教学楼,2019-04-05,12:00-13:00,0
第七教学楼,2019-04-05,13:00-14:00,0
第七教学楼,2019-04-05,14:00-15:00,0
第七教学楼,2019-04-05,15:00-16:00,0
第七教学楼,2019-04-05,16:00-17:00,0
第七教学楼,2019-04-05,17:00-18:00,0
第七教学楼,2019-04-05,18:00-19:00,0
第七教学楼,2019-04-05,19:00-20:00,0
第七教学楼,2019-04-05,20:00-21:00,0
第七教学楼,2019-04-05,21:00-22:00,0
第七教学楼,2019-04-05,22:00-23:00,0
第七教学楼,2019-04-06,07:00-08:00,0
第七教学楼,2019-04-06,08:00-09:00,0
第七教学楼,2019-04-06,09:00-10:00,0
第七教学楼,2019-04-06,10:00-11:00,0
第七教学楼,2019-04-06,11:00-12:00,0
第七教学楼,2019-04-06,12:00-13:00,0
第七教学楼,2019-04-06,13:00-14:00,0
第七教学楼,2019-04-06,14:00-15:00,0
第七教学楼,2019-04-06,15:00-16:00,0
第七教学楼,2019-04-06,16:00-17:00,0
第七教学楼,2019-04-06,17:00-18:00,0
第七教学楼,2019-04-06,18:00-19:00,0
第七教学楼,2019-04-06,19:00-20:00,0
第七教学楼,2019-04-06,20:00-21:00,0
第七教学楼,2019-04-06,21:00-22:00,0
第七教学楼,2019-04-06,22:00-23:00,0
第七教学楼,2019-04-07,07:00-08:00,0
第七教学楼,2019-04-07,08:00-09:00,0
第七教学楼,2019-04-07,09:00-10:00,0
第七教学楼,2019-04-07,10:00-11:00,0
第七教学楼,2019-04-07,11:00-12:00,0
第七教学楼,2019-04-07,12:00-13:00,0
第七教学楼,2019-04-07,13:00-14:00,0
第七教学楼,2019-04-07,14:00-15:00,0
第七教学楼,2019-04-07,15:00-16:00,0
第七教学楼,2019-04-07,16:00-17:00,0
第七教学楼,2019-04-07,17:00-18:00,0
第七教学楼,2019-04-07,18:00-19:00,0
第七教学楼,2019-04-07,19:00-20:00,0
第七教学楼,2019-04-07,20:00-21:00,0
第七教学楼,2019-04-07,21:00-22:00,0
第七教学楼,2019-04-07,22:00-23:00,0
第七教学楼,2019-04-08,07:00-08:00,0
第七教学楼,2019-04-08,08:00-09:00,0
第七教学楼,2019-04-08,09:00-10:00,0
第七教学楼,2019-04-08,10:00-11:00,0
第七教学楼,2019-04-08,11:00-12:00,0
第七教学楼,2019-04-08,12:00-13:00,0
第七教学楼,2019-04-08,13:00-14:00,0
第七教学楼,2019-04-08,14:00-15:00,0
第七教学楼,2019-04-08,15:00-16:00,0
第七教学楼,2019-04-08,16:00-17:00,0
第七教学楼,2019-04-08,17:00-18:00,0
第七教学楼,2019-04-08,18:00-19:00,0
第七教学楼,2019-04-08,19:00-20:00,0
第七教学楼,2019-04-08,20:00-21:00,0
第七教学楼,2019-04-08,21:00-22:00,0
第七教学楼,2019-04-08,22:00-23:00,0
第七教学楼,2019-04-09,07:00-08:00,0
第七教学楼,2019-04-09,08:00-09:00,0
第七教学楼,2019-04-09,09:00-10:00,0
第七教学楼,2019-04-09,10:00-11:00,0
第七教学楼,2019-04-09,11:00-12:00,0
第七教学楼,2019-04-09,12:00-13:00,0
第七教学楼,2019-04-09,13:00-14:00,0
第七教学楼,2019-04-09,14:00-15:00,0
第七教学楼,2019-04-09,15:00-16:00,0
第七教学楼,2019-04-09,16:00-17:00,0
第七教学楼,2019-04-09,17:00-18:00,0
第七教学楼,2019-04-09,18:00-19:00,0
第七教学楼,2019-04-09,19:00-20:00,0
第七教学楼,2019-04-09,20:00-21:00,0
第七教学楼,2019-04-09,21:00-22:00,0
第七教学楼,2019-04-09,22:00-23:00,0
第七教学楼,2019-04-10,07:00-08:00,0
第七教学楼,2019-04-10,08:00-09:00,0
第七教学楼,2019-04-10,09:00-10:00,0
第七教学楼,2019-04-10,10:00-11:00,0
第七教学楼,2019-04-10,11:00-12:00,0
第七教学楼,2019-04-10,12:00-13:00,0
第七教学楼,2019-04-10,13:00-14:00,0
第七教学楼,2019-04-10,14:00-15:00,0
第七教学楼,2019-04-10,15:00-16:00,0
第七教学楼,2019-04-10,16:00-17:00,0
第七教学楼,2019-04-10,17:00-18:00,0
第七教学楼,2019-04-10,18:00-19:00,0
第七教学楼,2019-04-10,19:00-20:00,0
第七教学楼,2019-04-10,20:00-21:00,0
第七教学楼,2019-04-10,21:00-22:00,0
第七教学楼,2019-04-10,22:00-23:00,0
第七教学楼,2019-04-11,07:00-08:00,0
第七教学楼,2019-04-11,08:00-09:00,0
第七教学楼,2019-04-11,09:00-10:00,0
第七教学楼,2019-04-11,10:00-11:00,0
第七教学楼,2019-04-11,11:00-12:00,0
第七教学楼,2019-04-11,12:00-13:00,0
第七教学楼,2019-04-11,13:00-14:00,0
第七教学楼,2019-04-11,14:00-15:00,0
第七教学楼,2019-04-11,15:00-16:00,0
第七教学楼,2019-04-11,16:00-17:00,0
第七教学楼,2019-04-11,17:00-18:00,0
第七教学楼,2019-04-11,18:00-19:00,0
第七教学楼,2019-04-11,19:00-20:00,0
第七教学楼,2019-04-11,20:00-21:00,0
第七教学楼,2019-04-11,21:00-22:00,0
第七教学楼,2019-04-11,22:00-23:00,0
第七教学楼,2019-04-12,07:00-08:00,0
第七教学楼,2019-04-12,08:00-09:00,0
第七教学楼,2019-04-12,09:00-10:00,0
第七教学楼,2019-04-12,10:00-11:00,0
第七教学楼,2019-04-12,11:00-12:00,0
第七教学楼,2019-04-12,12:00-13:00,0
第七教学楼,2019-04-12,13:00-14:00,0
第七教学楼,2019-04-12,14:00-15:00,0
第七教学楼,2019-04-12,15:00-16:00,0
第七教学楼,2019-04-12,16:00-17:00,0
第七教学楼,2019-04-12,17:00-18:00,0
第七教学楼,2019-04-12,18:00-19:00,0
第七教学楼,2019-04-12,19:00-20:00,0
第七教学楼,2019-04-12,20:00-21:00,0
第七教学楼,2019-04-12,21:00-22:00,0
第七教学楼,2019-04-12,22:00-23:00,0
第七教学楼,2019-04-13,07:00-08:00,0
第七教学楼,2019-04-13,08:00-09:00,0
第七教学楼,2019-04-13,09:00-10:00,0
第七教学楼,2019-04-13,10:00-11:00,0
第七教学楼,2019-04-13,11:00-12:00,0
第七教学楼,2019-04-13,12:00-13:00,0
第七教学楼,2019-04-13,13:00-14:00,0
第七教学楼,2019-04-13,14:00-15:00,0
第七教学楼,2019-04-13,15:00-16:00,0
第七教学楼,2019-04-13,16:00-17:00,0
第七教学楼,2019-04-13,17:00-18:00,0
第七教学楼,2019-04-13,18:00-19:00,0
第七教学楼,2019-04-13,19:00-20:00,0
第七教学楼,2019-04-13,20:00-21:00,0
第七教学楼,2019-04-13,21:00-22:00,0
第七教学楼,2019-04-13,22:00-23:00,0
第七教学楼,2019-04-14,07:00-08:00,0
第七教学楼,2019-04-14,08:00-09:00,0
第七教学楼,2019-04-14,09:00-10:00,0
第七教学楼,2019-04-14,10:00-11:00,0
第七教学楼,2019-04-14,11:00-12:00,0
第七教学楼,2019-04-14,12:00-13:00,0
第七教学楼,2019-04-14,13:00-14:00,0
第七教学楼,2019-04-14,14:00-15:00,0
第七教学楼,2019-04-14,15:00-16:00,0
第七教学楼,2019-04-14,16:00-17:00,0
第七教学楼,2019-04-14,17:00-18:00,0
第七教学楼,2019-04-14,18:00-19:00,0
第七教学楼,2019-04-14,19:00-20:00,0
第七教学楼,2019-04-14,20:00-21:00,0
第七教学楼,2019-04-14,21:00-22:00,0
第七教学楼,2019-04-14,22:00-23:00,1
第七教学楼,2019-04-15,07:00-08:00,0
第七教学楼,2019-04-15,08:00-09:00,0
第七教学楼,2019-04-15,09:00-10:00,0
第七教学楼,2019-04-15,10:00-11:00,0
第七教学楼,2019-04-15,11:00-12:00,0
第七教学楼,2019-04-15,12:00-13:00,0
第七教学楼,2019-04-15,13:00-14:00,0
第七教学楼,2019-04-15,14:00-15:00,0
第七教学楼,2019-04-15,15:00-16:00,0
第七教学楼,2019-04-15,16:00-17:00,0
第七教学楼,2019-04-15,17:00-18:00,0
第七教学楼,2019-04-15,18:00-19:00,0
第七教学楼,2019-04-15,19:00-20:00,0
第七教学楼,2019-04-15,20:00-21:00,0
第七教学楼,2019-04-15,21:00-22:00,0
第七教学楼,2019-04-15,22:00-23:00,0
第七教学楼,2019-04-16,07:00-08:00,0
第七教学楼,2019-04-16,08:00-09:00,0
第七教学楼,2019-04-16,09:00-10:00,0
第七教学楼,2019-04-16,10:00-11:00,0
第七教学楼,2019-04-16,11:00-12:00,0
第七教学楼,2019-04-16,12:00-13:00,0
第七教学楼,2019-04-16,13:00-14:00,0
第七教学楼,2019-04-16,14:00-15:00,0
第七教学楼,2019-04-16,15:00-16:00,0
第七教学楼,2019-04-16,16:00-17:00,0
第七教学楼,2019-04-16,17:00-18:00,0
第七教学楼,2019-04-16,18:00-19:00,0
第七教学楼,2019-04-16,19:00-20:00,0
第七教学楼,2019-04-16,20:00-21:00,0
第七教学楼,2019-04-16,21:00-22:00,0
第七教学楼,2019-04-16,22:00-23:00,0
第七教学楼,2019-04-17,07:00-08:00,0
第七教学楼,2019-04-17,08:00-09:00,0
第七教学楼,2019-04-17,09:00-10:00,0
第七教学楼,2019-04-17,10:00-11:00,0
第七教学楼,2019-04-17,11:00-12:00,0
第七教学楼,2019-04-17,12:00-13:00,0
第七教学楼,2019-04-17,13:00-14:00,0
第七教学楼,2019-04-17,14:00-15:00,0
第七教学楼,2019-04-17,15:00-16:00,0
第七教学楼,2019-04-17,16:00-17:00,0
第七教学楼,2019-04-17,17:00-18:00,0
第七教学楼,2019-04-17,18:00-19:00,0
第七教学楼,2019-04-17,19:00-20:00,0
第七教学楼,2019-04-17,20:00-21:00,0
第七教学楼,2019-04-17,21:00-22:00,0
第七教学楼,2019-04-17,22:00-23:00,0
第七教学楼,2019-04-18,07:00-08:00,0
第七教学楼,2019-04-18,08:00-09:00,0
第七教学楼,2019-04-18,09:00-10:00,0
第七教学楼,2019-04-18,10:00-11:00,0
第七教学楼,2019-04-18,11:00-12:00,0
第七教学楼,2019-04-18,12:00-13:00,0
第七教学楼,2019-04-18,13:00-14:00,0
第七教学楼,2019-04-18,14:00-15:00,0
第七教学楼,2019-04-18,15:00-16:00,0
第七教学楼,2019-04-18,16:00-17:00,0
第七教学楼,2019-04-18,17:00-18:00,0
第七教学楼,2019-04-18,18:00-19:00,0
第七教学楼,2019-04-18,19:00-20:00,0
第七教学楼,2019-04-18,20:00-21:00,0
第七教学楼,2019-04-18,21:00-22:00,0
第七教学楼,2019-04-18,22:00-23:00,0
第七教学楼,2019-04-19,07:00-08:00,0
第七教学楼,2019-04-19,08:00-09:00,0
第七教学楼,2019-04-19,09:00-10:00,0
第七教学楼,2019-04-19,10:00-11:00,0
第七教学楼,2019-04-19,11:00-12:00,0
第七教学楼,2019-04-19,12:00-13:00,0
第七教学楼,2019-04-19,13:00-14:00,0
第七教学楼,2019-04-19,14:00-15:00,0
第七教学楼,2019-04-19,15:00-16:00,0
第七教学楼,2019-04-19,16:00-17:00,0
第七教学楼,2019-04-19,17:00-18:00,0
第七教学楼,2019-04-19,18:00-19:00,0
第七教学楼,2019-04-19,19:00-20:00,0
第七教学楼,2019-04-19,20:00-21:00,0
第七教学楼,2019-04-19,21:00-22:00,0
第七教学楼,2019-04-19,22:00-23:00,0
第七教学楼,2019-04-20,07:00-08:00,0
第七教学楼,2019-04-20,08:00-09:00,0
第七教学楼,2019-04-20,09:00-10:00,0
第七教学楼,2019-04-20,10:00-11:00,0
第七教学楼,2019-04-20,11:00-12:00,0
第七教学楼,2019-04-20,12:00-13:00,0
第七教学楼,2019-04-20,13:00-14:00,0
第七教学楼,2019-04-20,14:00-15:00,0
第七教学楼,2019-04-20,15:00-16:00,0
第七教学楼,2019-04-20,16:00-17:00,0
第七教学楼,2019-04-20,17:00-18:00,0
第七教学楼,2019-04-20,18:00-19:00,0
第七教学楼,2019-04-20,19:00-20:00,1
第七教学楼,2019-04-20,20:00-21:00,0
第七教学楼,2019-04-20,21:00-22:00,0
第七教学楼,2019-04-20,22:00-23:00,0
第七教学楼,2019-04-21,07:00-08:00,0
第七教学楼,2019-04-21,08:00-09:00,0
第七教学楼,2019-04-21,09:00-10:00,0
第七教学楼,2019-04-21,10:00-11:00,0
第七教学楼,2019-04-21,11:00-12:00,0
第七教学楼,2019-04-21,12:00-13:00,0
第七教学楼,2019-04-21,13:00-14:00,0
第七教学楼,2019-04-21,14:00-15:00,0
第七教学楼,2019-04-21,15:00-16:00,0
第七教学楼,2019-04-21,16:00-17:00,0
第七教学楼,2019-04-21,17:00-18:00,0
第七教学楼,2019-04-21,18:00-19:00,0
第七教学楼,2019-04-21,19:00-20:00,0
第七教学楼,2019-04-21,20:00-21:00,0
第七教学楼,2019-04-21,21:00-22:00,0
第七教学楼,2019-04-21,22:00-23:00,0
第七教学楼,2019-04-22,07:00-08:00,0
第七教学楼,2019-04-22,08:00-09:00,0
第七教学楼,2019-04-22,09:00-10:00,0
第七教学楼,2019-04-22,10:00-11:00,0
第七教学楼,2019-04-22,11:00-12:00,0
第七教学楼,2019-04-22,12:00-13:00,1
第七教学楼,2019-04-22,13:00-14:00,0
第七教学楼,2019-04-22,14:00-15:00,0
第七教学楼,2019-04-22,15:00-16:00,0
第七教学楼,2019-04-22,16:00-17:00,0
第七教学楼,2019-04-22,17:00-18:00,0
第七教学楼,2019-04-22,18:00-19:00,0
第七教学楼,2019-04-22,19:00-20:00,0
第七教学楼,2019-04-22,20:00-21:00,0
第七教学楼,2019-04-22,21:00-22:00,0
第七教学楼,2019-04-22,22:00-23:00,0
第七教学楼,2019-04-23,07:00-08:00,0
第七教学楼,2019-04-23,08:00-09:00,0
第七教学楼,2019-04-23,09:00-10:00,0
第七教学楼,2019-04-23,10:00-11:00,0
第七教学楼,2019-04-23,11:00-12:00,0
第七教学楼,2019-04-23,12:00-13:00,0
第七教学楼,2019-04-23,13:00-14:00,0
第七教学楼,2019-04-23,14:00-15:00,0
第七教学楼,2019-04-23,15:00-16:00,0
第七教学楼,2019-04-23,16:00-17:00,0
第七教学楼,2019-04-23,17:00-18:00,0
第七教学楼,2019-04-23,18:00-19:00,0
第七教学楼,2019-04-23,19:00-20:00,0
第七教学楼,2019-04-23,20:00-21:00,0
第七教学楼,2019-04-23,21:00-22:00,0
第七教学楼,2019-04-23,22:00-23:00,0
第七教学楼,2019-04-24,07:00-08:00,0
第七教学楼,2019-04-24,08:00-09:00,0
第七教学楼,2019-04-24,09:00-10:00,1
第七教学楼,2019-04-24,10:00-11:00,0
第七教学楼,2019-04-24,11:00-12:00,0
第七教学楼,2019-04-24,12:00-13:00,0
第七教学楼,2019-04-24,13:00-14:00,0
第七教学楼,2019-04-24,14:00-15:00,0
第七教学楼,2019-04-24,15:00-16:00,0
第七教学楼,2019-04-24,16:00-17:00,0
第七教学楼,2019-04-24,17:00-18:00,0
第七教学楼,2019-04-24,18:00-19:00,0
第七教学楼,2019-04-24,19:00-20:00,0
第七教学楼,2019-04-24,20:00-21:00,0
第七教学楼,2019-04-24,21:00-22:00,0
第七教学楼,2019-04-24,22:00-23:00,0
第七教学楼,2019-04-25,07:00-08:00,0
第七教学楼,2019-04-25,08:00-09:00,0
第七教学楼,2019-04-25,09:00-10:00,0
第七教学楼,2019-04-25,10:00-11:00,0
第七教学楼,2019-04-25,11:00-12:00,0
第七教学楼,2019-04-25,12:00-13:00,2
第七教学楼,2019-04-25,13:00-14:00,0
第七教学楼,2019-04-25,14:00-15:00,0
第七教学楼,2019-04-25,15:00-16:00,0
第七教学楼,2019-04-25,16:00-17:00,0
第七教学楼,2019-04-25,17:00-18:00,0
第七教学楼,2019-04-25,18:00-19:00,0
第七教学楼,2019-04-25,19:00-20:00,0
第七教学楼,2019-04-25,20:00-21:00,0
第七教学楼,2019-04-25,21:00-22:00,0
第七教学楼,2019-04-25,22:00-23:00,0
第七教学楼,2019-04-26,07:00-08:00,0
第七教学楼,2019-04-26,08:00-09:00,0
第七教学楼,2019-04-26,09:00-10:00,0
第七教学楼,2019-04-26,10:00-11:00,0
第七教学楼,2019-04-26,11:00-12:00,0
第七教学楼,2019-04-26,12:00-13:00,0
第七教学楼,2019-04-26,13:00-14:00,0
第七教学楼,2019-04-26,14:00-15:00,0
第七教学楼,2019-04-26,15:00-16:00,0
第七教学楼,2019-04-26,16:00-17:00,0
第七教学楼,2019-04-26,17:00-18:00,0
第七教学楼,2019-04-26,18:00-19:00,0
第七教学楼,2019-04-26,19:00-20:00,0
第七教学楼,2019-04-26,20:00-21:00,0
第七教学楼,2019-04-26,21:00-22:00,0
第七教学楼,2019-04-26,22:00-23:00,0
第七教学楼,2019-04-27,07:00-08:00,0
第七教学楼,2019-04-27,08:00-09:00,0
第七教学楼,2019-04-27,09:00-10:00,0
第七教学楼,2019-04-27,10:00-11:00,0
第七教学楼,2019-04-27,11:00-12:00,0
第七教学楼,2019-04-27,12:00-13:00,0
第七教学楼,2019-04-27,13:00-14:00,0
第七教学楼,2019-04-27,14:00-15:00,0
第七教学楼,2019-04-27,15:00-16:00,0
第七教学楼,2019-04-27,16:00-17:00,0
第七教学楼,2019-04-27,17:00-18:00,0
第七教学楼,2019-04-27,18:00-19:00,0
第七教学楼,2019-04-27,19:00-20:00,0
第七教学楼,2019-04-27,20:00-21:00,0
第七教学楼,2019-04-27,21:00-22:00,0
第七教学楼,2019-04-27,22:00-23:00,0
第七教学楼,2019-04-28,07:00-08:00,0
第七教学楼,2019-04-28,08:00-09:00,0
第七教学楼,2019-04-28,09:00-10:00,0
第七教学楼,2019-04-28,10:00-11:00,0
第七教学楼,2019-04-28,11:00-12:00,0
第七教学楼,2019-04-28,12:00-13:00,0
第七教学楼,2019-04-28,13:00-14:00,0
第七教学楼,2019-04-28,14:00-15:00,0
第七教学楼,2019-04-28,15:00-16:00,0
第七教学楼,2019-04-28,16:00-17:00,0
第七教学楼,2019-04-28,17:00-18:00,0
第七教学楼,2019-04-28,18:00-19:00,0
第七教学楼,2019-04-28,19:00-20:00,0
第七教学楼,2019-04-28,20:00-21:00,0
第七教学楼,2019-04-28,21:00-22:00,0
第七教学楼,2019-04-28,22:00-23:00,0
第七教学楼,2019-04-29,07:00-08:00,0
第七教学楼,2019-04-29,08:00-09:00,0
第七教学楼,2019-04-29,09:00-10:00,0
第七教学楼,2019-04-29,10:00-11:00,0
第七教学楼,2019-04-29,11:00-12:00,0
第七教学楼,2019-04-29,12:00-13:00,0
第七教学楼,2019-04-29,13:00-14:00,0
第七教学楼,2019-04-29,14:00-15:00,0
第七教学楼,2019-04-29,15:00-16:00,0
第七教学楼,2019-04-29,16:00-17:00,0
第七教学楼,2019-04-29,17:00-18:00,0
第七教学楼,2019-04-29,18:00-19:00,0
第七教学楼,2019-04-29,19:00-20:00,0
第七教学楼,2019-04-29,20:00-21:00,0
第七教学楼,2019-04-29,21:00-22:00,0
第七教学楼,2019-04-29,22:00-23:00,0
第七教学楼,2019-04-30,07:00-08:00,0
第七教学楼,2019-04-30,08:00-09:00,0
第七教学楼,2019-04-30,09:00-10:00,0
第七教学楼,2019-04-30,10:00-11:00,0
第七教学楼,2019-04-30,11:00-12:00,0
第七教学楼,2019-04-30,12:00-13:00,0
第七教学楼,2019-04-30,13:00-14:00,0
第七教学楼,2019-04-30,14:00-15:00,0
第七教学楼,2019-04-30,15:00-16:00,0
第七教学楼,2019-04-30,16:00-17:00,0
第七教学楼,2019-04-30,17:00-18:00,1
第七教学楼,2019-04-30,18:00-19:00,0
第七教学楼,2019-04-30,19:00-20:00,0
第七教学楼,2019-04-30,20:00-21:00,1
第七教学楼,2019-04-30,21:00-22:00,0
第七教学楼,2019-04-30,22:00-23:00,0
第二图书馆,2019-04-01,07:00-08:00,0
第二图书馆,2019-04-01,08:00-09:00,0
第二图书馆,2019-04-01,09:00-10:00,0
第二图书馆,2019-04-01,10:00-11:00,0
第二图书馆,2019-04-01,11:00-12:00,0
第二图书馆,2019-04-01,12:00-13:00,0
第二图书馆,2019-04-01,13:00-14:00,0
第二图书馆,2019-04-01,14:00-15:00,0
第二图书馆,2019-04-01,15:00-16:00,1
第二图书馆,2019-04-01,16:00-17:00,6
第二图书馆,2019-04-01,17:00-18:00,3
第二图书馆,2019-04-01,18:00-19:00,0
第二图书馆,2019-04-01,19:00-20:00,0
第二图书馆,2019-04-01,20:00-21:00,0
第二图书馆,2019-04-01,21:00-22:00,0
第二图书馆,2019-04-01,22:00-23:00,0
第二图书馆,2019-04-02,07:00-08:00,0
第二图书馆,2019-04-02,08:00-09:00,0
第二图书馆,2019-04-02,09:00-10:00,0
第二图书馆,2019-04-02,10:00-11:00,12
第二图书馆,2019-04-02,11:00-12:00,1
第二图书馆,2019-04-02,12:00-13:00,3
第二图书馆,2019-04-02,13:00-14:00,0
第二图书馆,2019-04-02,14:00-15:00,0
第二图书馆,2019-04-02,15:00-16:00,2
第二图书馆,2019-04-02,16:00-17:00,8
第二图书馆,2019-04-02,17:00-18:00,7
第二图书馆,2019-04-02,18:00-19:00,7
第二图书馆,2019-04-02,19:00-20:00,0
第二图书馆,2019-04-02,20:00-21:00,0
第二图书馆,2019-04-02,21:00-22:00,0
第二图书馆,2019-04-02,22:00-23:00,0
第二图书馆,2019-04-03,07:00-08:00,0
第二图书馆,2019-04-03,08:00-09:00,0
第二图书馆,2019-04-03,09:00-10:00,0
第二图书馆,2019-04-03,10:00-11:00,0
第二图书馆,2019-04-03,11:00-12:00,2
第二图书馆,2019-04-03,12:00-13:00,1
第二图书馆,2019-04-03,13:00-14:00,0
第二图书馆,2019-04-03,14:00-15:00,0
第二图书馆,2019-04-03,15:00-16:00,1
第二图书馆,2019-04-03,16:00-17:00,4
第二图书馆,2019-04-03,17:00-18:00,3
第二图书馆,2019-04-03,18:00-19:00,0
第二图书馆,2019-04-03,19:00-20:00,0
第二图书馆,2019-04-03,20:00-21:00,0
第二图书馆,2019-04-03,21:00-22:00,0
第二图书馆,2019-04-03,22:00-23:00,0
第二图书馆,2019-04-04,07:00-08:00,0
第二图书馆,2019-04-04,08:00-09:00,0
第二图书馆,2019-04-04,09:00-10:00,0
第二图书馆,2019-04-04,10:00-11:00,3
第二图书馆,2019-04-04,11:00-12:00,0
第二图书馆,2019-04-04,12:00-13:00,5
第二图书馆,2019-04-04,13:00-14:00,0
第二图书馆,2019-04-04,14:00-15:00,0
第二图书馆,2019-04-04,15:00-16:00,3
第二图书馆,2019-04-04,16:00-17:00,3
第二图书馆,2019-04-04,17:00-18:00,8
第二图书馆,2019-04-04,18:00-19:00,5
第二图书馆,2019-04-04,19:00-20:00,0
第二图书馆,2019-04-04,20:00-21:00,0
第二图书馆,2019-04-04,21:00-22:00,0
第二图书馆,2019-04-04,22:00-23:00,0
第二图书馆,2019-04-05,07:00-08:00,0
第二图书馆,2019-04-05,08:00-09:00,0
第二图书馆,2019-04-05,09:00-10:00,0
第二图书馆,2019-04-05,10:00-11:00,0
第二图书馆,2019-04-05,11:00-12:00,0
第二图书馆,2019-04-05,12:00-13:00,0
第二图书馆,2019-04-05,13:00-14:00,0
第二图书馆,2019-04-05,14:00-15:00,0
第二图书馆,2019-04-05,15:00-16:00,0
第二图书馆,2019-04-05,16:00-17:00,0
第二图书馆,2019-04-05,17:00-18:00,0
第二图书馆,2019-04-05,18:00-19:00,0
第二图书馆,2019-04-05,19:00-20:00,0
第二图书馆,2019-04-05,20:00-21:00,0
第二图书馆,2019-04-05,21:00-22:00,0
第二图书馆,2019-04-05,22:00-23:00,0
第二图书馆,2019-04-06,07:00-08:00,0
第二图书馆,2019-04-06,08:00-09:00,0
第二图书馆,2019-04-06,09:00-10:00,0
第二图书馆,2019-04-06,10:00-11:00,0
第二图书馆,2019-04-06,11:00-12:00,0
第二图书馆,2019-04-06,12:00-13:00,0
第二图书馆,2019-04-06,13:00-14:00,0
第二图书馆,2019-04-06,14:00-15:00,0
第二图书馆,2019-04-06,15:00-16:00,0
第二图书馆,2019-04-06,16:00-17:00,0
第二图书馆,2019-04-06,17:00-18:00,0
第二图书馆,2019-04-06,18:00-19:00,0
第二图书馆,2019-04-06,19:00-20:00,0
第二图书馆,2019-04-06,20:00-21:00,0
第二图书馆,2019-04-06,21:00-22:00,0
第二图书馆,2019-04-06,22:00-23:00,0
第二图书馆,2019-04-07,07:00-08:00,0
第二图书馆,2019-04-07,08:00-09:00,0
第二图书馆,2019-04-07,09:00-10:00,0
第二图书馆,2019-04-07,10:00-11:00,0
第二图书馆,2019-04-07,11:00-12:00,0
第二图书馆,2019-04-07,12:00-13:00,0
第二图书馆,2019-04-07,13:00-14:00,0
第二图书馆,2019-04-07,14:00-15:00,0
第二图书馆,2019-04-07,15:00-16:00,0
第二图书馆,2019-04-07,16:00-17:00,0
第二图书馆,2019-04-07,17:00-18:00,0
第二图书馆,2019-04-07,18:00-19:00,0
第二图书馆,2019-04-07,19:00-20:00,0
第二图书馆,2019-04-07,20:00-21:00,0
第二图书馆,2019-04-07,21:00-22:00,0
第二图书馆,2019-04-07,22:00-23:00,0
第二图书馆,2019-04-08,07:00-08:00,0
第二图书馆,2019-04-08,08:00-09:00,0
第二图书馆,2019-04-08,09:00-10:00,0
第二图书馆,2019-04-08,10:00-11:00,11
第二图书馆,2019-04-08,11:00-12:00,1
第二图书馆,2019-04-08,12:00-13:00,3
第二图书馆,2019-04-08,13:00-14:00,0
第二图书馆,2019-04-08,14:00-15:00,0
第二图书馆,2019-04-08,15:00-16:00,1
第二图书馆,2019-04-08,16:00-17:00,6
第二图书馆,2019-04-08,17:00-18:00,2
第二图书馆,2019-04-08,18:00-19:00,0
第二图书馆,2019-04-08,19:00-20:00,0
第二图书馆,2019-04-08,20:00-21:00,0
第二图书馆,2019-04-08,21:00-22:00,0
第二图书馆,2019-04-08,22:00-23:00,0
第二图书馆,2019-04-09,07:00-08:00,0
第二图书馆,2019-04-09,08:00-09:00,0
第二图书馆,2019-04-09,09:00-10:00,4
第二图书馆,2019-04-09,10:00-11:00,9
第二图书馆,2019-04-09,11:00-12:00,1
第二图书馆,2019-04-09,12:00-13:00,2
第二图书馆,2019-04-09,13:00-14:00,0
第二图书馆,2019-04-09,14:00-15:00,0
第二图书馆,2019-04-09,15:00-16:00,5
第二图书馆,2019-04-09,16:00-17:00,1
第二图书馆,2019-04-09,17:00-18:00,0
第二图书馆,2019-04-09,18:00-19:00,0
第二图书馆,2019-04-09,19:00-20:00,0
第二图书馆,2019-04-09,20:00-21:00,0
第二图书馆,2019-04-09,21:00-22:00,0
第二图书馆,2019-04-09,22:00-23:00,0
第二图书馆,2019-04-10,07:00-08:00,0
第二图书馆,2019-04-10,08:00-09:00,0
第二图书馆,2019-04-10,09:00-10:00,0
第二图书馆,2019-04-10,10:00-11:00,6
第二图书馆,2019-04-10,11:00-12:00,1
第二图书馆,2019-04-10,12:00-13:00,3
第二图书馆,2019-04-10,13:00-14:00,0
第二图书馆,2019-04-10,14:00-15:00,0
第二图书馆,2019-04-10,15:00-16:00,1
第二图书馆,2019-04-10,16:00-17:00,7
第二图书馆,2019-04-10,17:00-18:00,4
第二图书馆,2019-04-10,18:00-19:00,0
第二图书馆,2019-04-10,19:00-20:00,0
第二图书馆,2019-04-10,20:00-21:00,0
第二图书馆,2019-04-10,21:00-22:00,0
第二图书馆,2019-04-10,22:00-23:00,0
第二图书馆,2019-04-11,07:00-08:00,0
第二图书馆,2019-04-11,08:00-09:00,0
第二图书馆,2019-04-11,09:00-10:00,1
第二图书馆,2019-04-11,10:00-11:00,3
第二图书馆,2019-04-11,11:00-12:00,0
第二图书馆,2019-04-11,12:00-13:00,2
第二图书馆,2019-04-11,13:00-14:00,0
第二图书馆,2019-04-11,14:00-15:00,0
第二图书馆,2019-04-11,15:00-16:00,5
第二图书馆,2019-04-11,16:00-17:00,2
第二图书馆,2019-04-11,17:00-18:00,0
第二图书馆,2019-04-11,18:00-19:00,0
第二图书馆,2019-04-11,19:00-20:00,0
第二图书馆,2019-04-11,20:00-21:00,0
第二图书馆,2019-04-11,21:00-22:00,0
第二图书馆,2019-04-11,22:00-23:00,0
第二图书馆,2019-04-12,07:00-08:00,0
第二图书馆,2019-04-12,08:00-09:00,0
第二图书馆,2019-04-12,09:00-10:00,0
第二图书馆,2019-04-12,10:00-11:00,5
第二图书馆,2019-04-12,11:00-12:00,1
第二图书馆,2019-04-12,12:00-13:00,2
第二图书馆,2019-04-12,13:00-14:00,0
第二图书馆,2019-04-12,14:00-15:00,0
第二图书馆,2019-04-12,15:00-16:00,4
第二图书馆,2019-04-12,16:00-17:00,5
第二图书馆,2019-04-12,17:00-18:00,8
第二图书馆,2019-04-12,18:00-19:00,1
第二图书馆,2019-04-12,19:00-20:00,0
第二图书馆,2019-04-12,20:00-21:00,0
第二图书馆,2019-04-12,21:00-22:00,0
第二图书馆,2019-04-12,22:00-23:00,0
第二图书馆,2019-04-13,07:00-08:00,0
第二图书馆,2019-04-13,08:00-09:00,0
第二图书馆,2019-04-13,09:00-10:00,0
第二图书馆,2019-04-13,10:00-11:00,0
第二图书馆,2019-04-13,11:00-12:00,0
第二图书馆,2019-04-13,12:00-13:00,0
第二图书馆,2019-04-13,13:00-14:00,0
第二图书馆,2019-04-13,14:00-15:00,0
第二图书馆,2019-04-13,15:00-16:00,0
第二图书馆,2019-04-13,16:00-17:00,0
第二图书馆,2019-04-13,17:00-18:00,0
第二图书馆,2019-04-13,18:00-19:00,0
第二图书馆,2019-04-13,19:00-20:00,0
第二图书馆,2019-04-13,20:00-21:00,0
第二图书馆,2019-04-13,21:00-22:00,0
第二图书馆,2019-04-13,22:00-23:00,0
第二图书馆,2019-04-14,07:00-08:00,0
第二图书馆,2019-04-14,08:00-09:00,0
第二图书馆,2019-04-14,09:00-10:00,0
第二图书馆,2019-04-14,10:00-11:00,0
第二图书馆,2019-04-14,11:00-12:00,0
第二图书馆,2019-04-14,12:00-13:00,0
第二图书馆,2019-04-14,13:00-14:00,0
第二图书馆,2019-04-14,14:00-15:00,0
第二图书馆,2019-04-14,15:00-16:00,0
第二图书馆,2019-04-14,16:00-17:00,0
第二图书馆,2019-04-14,17:00-18:00,0
第二图书馆,2019-04-14,18:00-19:00,0
第二图书馆,2019-04-14,19:00-20:00,0
第二图书馆,2019-04-14,20:00-21:00,0
第二图书馆,2019-04-14,21:00-22:00,0
第二图书馆,2019-04-14,22:00-23:00,0
第二图书馆,2019-04-15,07:00-08:00,0
第二图书馆,2019-04-15,08:00-09:00,0
第二图书馆,2019-04-15,09:00-10:00,0
第二图书馆,2019-04-15,10:00-11:00,7
第二图书馆,2019-04-15,11:00-12:00,0
第二图书馆,2019-04-15,12:00-13:00,2
第二图书馆,2019-04-15,13:00-14:00,0
第二图书馆,2019-04-15,14:00-15:00,0
第二图书馆,2019-04-15,15:00-16:00,1
第二图书馆,2019-04-15,16:00-17:00,5
第二图书馆,2019-04-15,17:00-18:00,6
第二图书馆,2019-04-15,18:00-19:00,3
第二图书馆,2019-04-15,19:00-20:00,0
第二图书馆,2019-04-15,20:00-21:00,0
第二图书馆,2019-04-15,21:00-22:00,0
第二图书馆,2019-04-15,22:00-23:00,0
第二图书馆,2019-04-16,07:00-08:00,0
第二图书馆,2019-04-16,08:00-09:00,0
第二图书馆,2019-04-16,09:00-10:00,1
第二图书馆,2019-04-16,10:00-11:00,0
第二图书馆,2019-04-16,11:00-12:00,0
第二图书馆,2019-04-16,12:00-13:00,0
第二图书馆,2019-04-16,13:00-14:00,0
第二图书馆,2019-04-16,14:00-15:00,0
第二图书馆,2019-04-16,15:00-16:00,0
第二图书馆,2019-04-16,16:00-17:00,9
第二图书馆,2019-04-16,17:00-18:00,1
第二图书馆,2019-04-16,18:00-19:00,0
第二图书馆,2019-04-16,19:00-20:00,0
第二图书馆,2019-04-16,20:00-21:00,0
第二图书馆,2019-04-16,21:00-22:00,0
第二图书馆,2019-04-16,22:00-23:00,0
第二图书馆,2019-04-17,07:00-08:00,0
第二图书馆,2019-04-17,08:00-09:00,0
第二图书馆,2019-04-17,09:00-10:00,0
第二图书馆,2019-04-17,10:00-11:00,4
第二图书馆,2019-04-17,11:00-12:00,1
第二图书馆,2019-04-17,12:00-13:00,2
第二图书馆,2019-04-17,13:00-14:00,0
第二图书馆,2019-04-17,14:00-15:00,0
第二图书馆,2019-04-17,15:00-16:00,2
第二图书馆,2019-04-17,16:00-17:00,3
第二图书馆,2019-04-17,17:00-18:00,0
第二图书馆,2019-04-17,18:00-19:00,0
第二图书馆,2019-04-17,19:00-20:00,0
第二图书馆,2019-04-17,20:00-21:00,0
第二图书馆,2019-04-17,21:00-22:00,0
第二图书馆,2019-04-17,22:00-23:00,0
第二图书馆,2019-04-18,07:00-08:00,0
第二图书馆,2019-04-18,08:00-09:00,0
第二图书馆,2019-04-18,09:00-10:00,0
第二图书馆,2019-04-18,10:00-11:00,4
第二图书馆,2019-04-18,11:00-12:00,0
第二图书馆,2019-04-18,12:00-13:00,2
第二图书馆,2019-04-18,13:00-14:00,0
第二图书馆,2019-04-18,14:00-15:00,0
第二图书馆,2019-04-18,15:00-16:00,1
第二图书馆,2019-04-18,16:00-17:00,1
第二图书馆,2019-04-18,17:00-18:00,0
第二图书馆,2019-04-18,18:00-19:00,0
第二图书馆,2019-04-18,19:00-20:00,0
第二图书馆,2019-04-18,20:00-21:00,0
第二图书馆,2019-04-18,21:00-22:00,0
第二图书馆,2019-04-18,22:00-23:00,0
第二图书馆,2019-04-19,07:00-08:00,0
第二图书馆,2019-04-19,08:00-09:00,0
第二图书馆,2019-04-19,09:00-10:00,0
第二图书馆,2019-04-19,10:00-11:00,1
第二图书馆,2019-04-19,11:00-12:00,0
第二图书馆,2019-04-19,12:00-13:00,2
第二图书馆,2019-04-19,13:00-14:00,0
第二图书馆,2019-04-19,14:00-15:00,0
第二图书馆,2019-04-19,15:00-16:00,3
第二图书馆,2019-04-19,16:00-17:00,4
第二图书馆,2019-04-19,17:00-18:00,2
第二图书馆,2019-04-19,18:00-19:00,0
第二图书馆,2019-04-19,19:00-20:00,0
第二图书馆,2019-04-19,20:00-21:00,0
第二图书馆,2019-04-19,21:00-22:00,0
第二图书馆,2019-04-19,22:00-23:00,0
第二图书馆,2019-04-20,07:00-08:00,0
第二图书馆,2019-04-20,08:00-09:00,0
第二图书馆,2019-04-20,09:00-10:00,0
第二图书馆,2019-04-20,10:00-11:00,0
第二图书馆,2019-04-20,11:00-12:00,0
第二图书馆,2019-04-20,12:00-13:00,0
第二图书馆,2019-04-20,13:00-14:00,0
第二图书馆,2019-04-20,14:00-15:00,0
第二图书馆,2019-04-20,15:00-16:00,0
第二图书馆,2019-04-20,16:00-17:00,0
第二图书馆,2019-04-20,17:00-18:00,0
第二图书馆,2019-04-20,18:00-19:00,0
第二图书馆,2019-04-20,19:00-20:00,0
第二图书馆,2019-04-20,20:00-21:00,0
第二图书馆,2019-04-20,21:00-22:00,0
第二图书馆,2019-04-20,22:00-23:00,0
第二图书馆,2019-04-21,07:00-08:00,0
第二图书馆,2019-04-21,08:00-09:00,0
第二图书馆,2019-04-21,09:00-10:00,0
第二图书馆,2019-04-21,10:00-11:00,0
第二图书馆,2019-04-21,11:00-12:00,0
第二图书馆,2019-04-21,12:00-13:00,0
第二图书馆,2019-04-21,13:00-14:00,0
第二图书馆,2019-04-21,14:00-15:00,0
第二图书馆,2019-04-21,15:00-16:00,0
第二图书馆,2019-04-21,16:00-17:00,0
第二图书馆,2019-04-21,17:00-18:00,0
第二图书馆,2019-04-21,18:00-19:00,0
第二图书馆,2019-04-21,19:00-20:00,0
第二图书馆,2019-04-21,20:00-21:00,0
第二图书馆,2019-04-21,21:00-22:00,0
第二图书馆,2019-04-21,22:00-23:00,0
第二图书馆,2019-04-22,07:00-08:00,0
第二图书馆,2019-04-22,08:00-09:00,0
第二图书馆,2019-04-22,09:00-10:00,0
第二图书馆,2019-04-22,10:00-11:00,5
第二图书馆,2019-04-22,11:00-12:00,3
第二图书馆,2019-04-22,12:00-13:00,4
第二图书馆,2019-04-22,13:00-14:00,0
第二图书馆,2019-04-22,14:00-15:00,0
第二图书馆,2019-04-22,15:00-16:00,3
第二图书馆,2019-04-22,16:00-17:00,5
第二图书馆,2019-04-22,17:00-18:00,9
第二图书馆,2019-04-22,18:00-19:00,5
第二图书馆,2019-04-22,19:00-20:00,0
第二图书馆,2019-04-22,20:00-21:00,0
第二图书馆,2019-04-22,21:00-22:00,0
第二图书馆,2019-04-22,22:00-23:00,0
第二图书馆,2019-04-23,07:00-08:00,0
第二图书馆,2019-04-23,08:00-09:00,0
第二图书馆,2019-04-23,09:00-10:00,0
第二图书馆,2019-04-23,10:00-11:00,2
第二图书馆,2019-04-23,11:00-12:00,2
第二图书馆,2019-04-23,12:00-13:00,3
第二图书馆,2019-04-23,13:00-14:00,0
第二图书馆,2019-04-23,14:00-15:00,0
第二图书馆,2019-04-23,15:00-16:00,0
第二图书馆,2019-04-23,16:00-17:00,4
第二图书馆,2019-04-23,17:00-18:00,8
第二图书馆,2019-04-23,18:00-19:00,3
第二图书馆,2019-04-23,19:00-20:00,0
第二图书馆,2019-04-23,20:00-21:00,0
第二图书馆,2019-04-23,21:00-22:00,0
第二图书馆,2019-04-23,22:00-23:00,0
第二图书馆,2019-04-24,07:00-08:00,0
第二图书馆,2019-04-24,08:00-09:00,0
第二图书馆,2019-04-24,09:00-10:00,2
第二图书馆,2019-04-24,10:00-11:00,4
第二图书馆,2019-04-24,11:00-12:00,3
第二图书馆,2019-04-24,12:00-13:00,0
第二图书馆,2019-04-24,13:00-14:00,0
第二图书馆,2019-04-24,14:00-15:00,0
第二图书馆,2019-04-24,15:00-16:00,1
第二图书馆,2019-04-24,16:00-17:00,5
第二图书馆,2019-04-24,17:00-18:00,0
第二图书馆,2019-04-24,18:00-19:00,0
第二图书馆,2019-04-24,19:00-20:00,0
第二图书馆,2019-04-24,20:00-21:00,0
第二图书馆,2019-04-24,21:00-22:00,0
第二图书馆,2019-04-24,22:00-23:00,0
第二图书馆,2019-04-25,07:00-08:00,0
第二图书馆,2019-04-25,08:00-09:00,1
第二图书馆,2019-04-25,09:00-10:00,9
第二图书馆,2019-04-25,10:00-11:00,1
第二图书馆,2019-04-25,11:00-12:00,1
第二图书馆,2019-04-25,12:00-13:00,0
第二图书馆,2019-04-25,13:00-14:00,0
第二图书馆,2019-04-25,14:00-15:00,0
第二图书馆,2019-04-25,15:00-16:00,5
第二图书馆,2019-04-25,16:00-17:00,0
第二图书馆,2019-04-25,17:00-18:00,0
第二图书馆,2019-04-25,18:00-19:00,0
第二图书馆,2019-04-25,19:00-20:00,0
第二图书馆,2019-04-25,20:00-21:00,0
第二图书馆,2019-04-25,21:00-22:00,0
第二图书馆,2019-04-25,22:00-23:00,0
第二图书馆,2019-04-26,07:00-08:00,0
第二图书馆,2019-04-26,08:00-09:00,0
第二图书馆,2019-04-26,09:00-10:00,5
第二图书馆,2019-04-26,10:00-11:00,1
第二图书馆,2019-04-26,11:00-12:00,2
第二图书馆,2019-04-26,12:00-13:00,0
第二图书馆,2019-04-26,13:00-14:00,0
第二图书馆,2019-04-26,14:00-15:00,1
第二图书馆,2019-04-26,15:00-16:00,1
第二图书馆,2019-04-26,16:00-17:00,9
第二图书馆,2019-04-26,17:00-18:00,0
第二图书馆,2019-04-26,18:00-19:00,0
第二图书馆,2019-04-26,19:00-20:00,0
第二图书馆,2019-04-26,20:00-21:00,0
第二图书馆,2019-04-26,21:00-22:00,0
第二图书馆,2019-04-26,22:00-23:00,0
第二图书馆,2019-04-27,07:00-08:00,0
第二图书馆,2019-04-27,08:00-09:00,0
第二图书馆,2019-04-27,09:00-10:00,0
第二图书馆,2019-04-27,10:00-11:00,0
第二图书馆,2019-04-27,11:00-12:00,0
第二图书馆,2019-04-27,12:00-13:00,0
第二图书馆,2019-04-27,13:00-14:00,0
第二图书馆,2019-04-27,14:00-15:00,0
第二图书馆,2019-04-27,15:00-16:00,0
第二图书馆,2019-04-27,16:00-17:00,0
第二图书馆,2019-04-27,17:00-18:00,0
第二图书馆,2019-04-27,18:00-19:00,0
第二图书馆,2019-04-27,19:00-20:00,0
第二图书馆,2019-04-27,20:00-21:00,0
第二图书馆,2019-04-27,21:00-22:00,0
第二图书馆,2019-04-27,22:00-23:00,0
第二图书馆,2019-04-28,07:00-08:00,0
第二图书馆,2019-04-28,08:00-09:00,0
第二图书馆,2019-04-28,09:00-10:00,0
第二图书馆,2019-04-28,10:00-11:00,0
第二图书馆,2019-04-28,11:00-12:00,0
第二图书馆,2019-04-28,12:00-13:00,0
第二图书馆,2019-04-28,13:00-14:00,0
第二图书馆,2019-04-28,14:00-15:00,0
第二图书馆,2019-04-28,15:00-16:00,0
第二图书馆,2019-04-28,16:00-17:00,0
第二图书馆,2019-04-28,17:00-18:00,0
第二图书馆,2019-04-28,18:00-19:00,0
第二图书馆,2019-04-28,19:00-20:00,0
第二图书馆,2019-04-28,20:00-21:00,0
第二图书馆,2019-04-28,21:00-22:00,0
第二图书馆,2019-04-28,22:00-23:00,0
第二图书馆,2019-04-29,07:00-08:00,0
第二图书馆,2019-04-29,08:00-09:00,0
第二图书馆,2019-04-29,09:00-10:00,0
第二图书馆,2019-04-29,10:00-11:00,0
第二图书馆,2019-04-29,11:00-12:00,0
第二图书馆,2019-04-29,12:00-13:00,0
第二图书馆,2019-04-29,13:00-14:00,0
第二图书馆,2019-04-29,14:00-15:00,0
第二图书馆,2019-04-29,15:00-16:00,0
第二图书馆,2019-04-29,16:00-17:00,0
第二图书馆,2019-04-29,17:00-18:00,0
第二图书馆,2019-04-29,18:00-19:00,0
第二图书馆,2019-04-29,19:00-20:00,0
第二图书馆,2019-04-29,20:00-21:00,0
第二图书馆,2019-04-29,21:00-22:00,0
第二图书馆,2019-04-29,22:00-23:00,0
第二图书馆,2019-04-30,07:00-08:00,0
第二图书馆,2019-04-30,08:00-09:00,0
第二图书馆,2019-04-30,09:00-10:00,0
第二图书馆,2019-04-30,10:00-11:00,0
第二图书馆,2019-04-30,11:00-12:00,0
第二图书馆,2019-04-30,12:00-13:00,0
第二图书馆,2019-04-30,13:00-14:00,0
第二图书馆,2019-04-30,14:00-15:00,0
第二图书馆,2019-04-30,15:00-16:00,0
第二图书馆,2019-04-30,16:00-17:00,0
第二图书馆,2019-04-30,17:00-18:00,0
第二图书馆,2019-04-30,18:00-19:00,0
第二图书馆,2019-04-30,19:00-20:00,0
第二图书馆,2019-04-30,20:00-21:00,0
第二图书馆,2019-04-30,21:00-22:00,0
第二图书馆,2019-04-30,22:00-23:00,0
第五教学楼,2019-04-01,07:00-08:00,0
第五教学楼,2019-04-01,08:00-09:00,0
第五教学楼,2019-04-01,09:00-10:00,0
第五教学楼,2019-04-01,10:00-11:00,0
第五教学楼,2019-04-01,11:00-12:00,0
第五教学楼,2019-04-01,12:00-13:00,0
第五教学楼,2019-04-01,13:00-14:00,0
第五教学楼,2019-04-01,14:00-15:00,0
第五教学楼,2019-04-01,15:00-16:00,0
第五教学楼,2019-04-01,16:00-17:00,0
第五教学楼,2019-04-01,17:00-18:00,0
第五教学楼,2019-04-01,18:00-19:00,0
第五教学楼,2019-04-01,19:00-20:00,0
第五教学楼,2019-04-01,20:00-21:00,0
第五教学楼,2019-04-01,21:00-22:00,0
第五教学楼,2019-04-01,22:00-23:00,0
第五教学楼,2019-04-02,07:00-08:00,0
第五教学楼,2019-04-02,08:00-09:00,0
第五教学楼,2019-04-02,09:00-10:00,0
第五教学楼,2019-04-02,10:00-11:00,0
第五教学楼,2019-04-02,11:00-12:00,0
第五教学楼,2019-04-02,12:00-13:00,0
第五教学楼,2019-04-02,13:00-14:00,0
第五教学楼,2019-04-02,14:00-15:00,0
第五教学楼,2019-04-02,15:00-16:00,0
第五教学楼,2019-04-02,16:00-17:00,0
第五教学楼,2019-04-02,17:00-18:00,0
第五教学楼,2019-04-02,18:00-19:00,0
第五教学楼,2019-04-02,19:00-20:00,0
第五教学楼,2019-04-02,20:00-21:00,0
第五教学楼,2019-04-02,21:00-22:00,0
第五教学楼,2019-04-02,22:00-23:00,0
第五教学楼,2019-04-03,07:00-08:00,0
第五教学楼,2019-04-03,08:00-09:00,0
第五教学楼,2019-04-03,09:00-10:00,0
第五教学楼,2019-04-03,10:00-11:00,0
第五教学楼,2019-04-03,11:00-12:00,0
第五教学楼,2019-04-03,12:00-13:00,0
第五教学楼,2019-04-03,13:00-14:00,0
第五教学楼,2019-04-03,14:00-15:00,0
第五教学楼,2019-04-03,15:00-16:00,0
第五教学楼,2019-04-03,16:00-17:00,0
第五教学楼,2019-04-03,17:00-18:00,0
第五教学楼,2019-04-03,18:00-19:00,0
第五教学楼,2019-04-03,19:00-20:00,0
第五教学楼,2019-04-03,20:00-21:00,0
第五教学楼,2019-04-03,21:00-22:00,0
第五教学楼,2019-04-03,22:00-23:00,0
第五教学楼,2019-04-04,07:00-08:00,0
第五教学楼,2019-04-04,08:00-09:00,0
第五教学楼,2019-04-04,09:00-10:00,0
第五教学楼,2019-04-04,10:00-11:00,0
第五教学楼,2019-04-04,11:00-12:00,0
第五教学楼,2019-04-04,12:00-13:00,0
第五教学楼,2019-04-04,13:00-14:00,0
第五教学楼,2019-04-04,14:00-15:00,0
第五教学楼,2019-04-04,15:00-16:00,0
第五教学楼,2019-04-04,16:00-17:00,0
第五教学楼,2019-04-04,17:00-18:00,0
第五教学楼,2019-04-04,18:00-19:00,0
第五教学楼,2019-04-04,19:00-20:00,0
第五教学楼,2019-04-04,20:00-21:00,0
第五教学楼,2019-04-04,21:00-22:00,0
第五教学楼,2019-04-04,22:00-23:00,0
第五教学楼,2019-04-05,07:00-08:00,0
第五教学楼,2019-04-05,08:00-09:00,0
第五教学楼,2019-04-05,09:00-10:00,0
第五教学楼,2019-04-05,10:00-11:00,0
第五教学楼,2019-04-05,11:00-12:00,0
第五教学楼,2019-04-05,12:00-13:00,0
第五教学楼,2019-04-05,13:00-14:00,0
第五教学楼,2019-04-05,14:00-15:00,0
第五教学楼,2019-04-05,15:00-16:00,0
第五教学楼,2019-04-05,16:00-17:00,0
第五教学楼,2019-04-05,17:00-18:00,0
第五教学楼,2019-04-05,18:00-19:00,0
第五教学楼,2019-04-05,19:00-20:00,0
第五教学楼,2019-04-05,20:00-21:00,0
第五教学楼,2019-04-05,21:00-22:00,0
第五教学楼,2019-04-05,22:00-23:00,0
第五教学楼,2019-04-06,07:00-08:00,0
第五教学楼,2019-04-06,08:00-09:00,0
第五教学楼,2019-04-06,09:00-10:00,0
第五教学楼,2019-04-06,10:00-11:00,0
第五教学楼,2019-04-06,11:00-12:00,0
第五教学楼,2019-04-06,12:00-13:00,0
第五教学楼,2019-04-06,13:00-14:00,0
第五教学楼,2019-04-06,14:00-15:00,0
第五教学楼,2019-04-06,15:00-16:00,0
第五教学楼,2019-04-06,16:00-17:00,0
第五教学楼,2019-04-06,17:00-18:00,0
第五教学楼,2019-04-06,18:00-19:00,0
第五教学楼,2019-04-06,19:00-20:00,0
第五教学楼,2019-04-06,20:00-21:00,0
第五教学楼,2019-04-06,21:00-22:00,0
第五教学楼,2019-04-06,22:00-23:00,0
第五教学楼,2019-04-07,07:00-08:00,0
第五教学楼,2019-04-07,08:00-09:00,0
第五教学楼,2019-04-07,09:00-10:00,0
第五教学楼,2019-04-07,10:00-11:00,0
第五教学楼,2019-04-07,11:00-12:00,0
第五教学楼,2019-04-07,12:00-13:00,0
第五教学楼,2019-04-07,13:00-14:00,0
第五教学楼,2019-04-07,14:00-15:00,0
第五教学楼,2019-04-07,15:00-16:00,0
第五教学楼,2019-04-07,16:00-17:00,0
第五教学楼,2019-04-07,17:00-18:00,0
第五教学楼,2019-04-07,18:00-19:00,0
第五教学楼,2019-04-07,19:00-20:00,0
第五教学楼,2019-04-07,20:00-21:00,0
第五教学楼,2019-04-07,21:00-22:00,0
第五教学楼,2019-04-07,22:00-23:00,0
第五教学楼,2019-04-08,07:00-08:00,0
第五教学楼,2019-04-08,08:00-09:00,0
第五教学楼,2019-04-08,09:00-10:00,0
第五教学楼,2019-04-08,10:00-11:00,0
第五教学楼,2019-04-08,11:00-12:00,0
第五教学楼,2019-04-08,12:00-13:00,0
第五教学楼,2019-04-08,13:00-14:00,0
第五教学楼,2019-04-08,14:00-15:00,0
第五教学楼,2019-04-08,15:00-16:00,0
第五教学楼,2019-04-08,16:00-17:00,0
第五教学楼,2019-04-08,17:00-18:00,0
第五教学楼,2019-04-08,18:00-19:00,0
第五教学楼,2019-04-08,19:00-20:00,0
第五教学楼,2019-04-08,20:00-21:00,0
第五教学楼,2019-04-08,21:00-22:00,0
第五教学楼,2019-04-08,22:00-23:00,0
第五教学楼,2019-04-09,07:00-08:00,0
第五教学楼,2019-04-09,08:00-09:00,0
第五教学楼,2019-04-09,09:00-10:00,0
第五教学楼,2019-04-09,10:00-11:00,0
第五教学楼,2019-04-09,11:00-12:00,0
第五教学楼,2019-04-09,12:00-13:00,0
第五教学楼,2019-04-09,13:00-14:00,0
第五教学楼,2019-04-09,14:00-15:00,0
第五教学楼,2019-04-09,15:00-16:00,0
第五教学楼,2019-04-09,16:00-17:00,0
第五教学楼,2019-04-09,17:00-18:00,0
第五教学楼,2019-04-09,18:00-19:00,0
第五教学楼,2019-04-09,19:00-20:00,0
第五教学楼,2019-04-09,20:00-21:00,0
第五教学楼,2019-04-09,21:00-22:00,0
第五教学楼,2019-04-09,22:00-23:00,0
第五教学楼,2019-04-10,07:00-08:00,0
第五教学楼,2019-04-10,08:00-09:00,0
第五教学楼,2019-04-10,09:00-10:00,0
第五教学楼,2019-04-10,10:00-11:00,0
第五教学楼,2019-04-10,11:00-12:00,0
第五教学楼,2019-04-10,12:00-13:00,0
第五教学楼,2019-04-10,13:00-14:00,0
第五教学楼,2019-04-10,14:00-15:00,0
第五教学楼,2019-04-10,15:00-16:00,0
第五教学楼,2019-04-10,16:00-17:00,0
第五教学楼,2019-04-10,17:00-18:00,0
第五教学楼,2019-04-10,18:00-19:00,0
第五教学楼,2019-04-10,19:00-20:00,0
第五教学楼,2019-04-10,20:00-21:00,0
第五教学楼,2019-04-10,21:00-22:00,0
第五教学楼,2019-04-10,22:00-23:00,0
第五教学楼,2019-04-11,07:00-08:00,0
第五教学楼,2019-04-11,08:00-09:00,0
第五教学楼,2019-04-11,09:00-10:00,0
第五教学楼,2019-04-11,10:00-11:00,0
第五教学楼,2019-04-11,11:00-12:00,0
第五教学楼,2019-04-11,12:00-13:00,0
第五教学楼,2019-04-11,13:00-14:00,0
第五教学楼,2019-04-11,14:00-15:00,0
第五教学楼,2019-04-11,15:00-16:00,0
第五教学楼,2019-04-11,16:00-17:00,0
第五教学楼,2019-04-11,17:00-18:00,0
第五教学楼,2019-04-11,18:00-19:00,0
第五教学楼,2019-04-11,19:00-20:00,0
第五教学楼,2019-04-11,20:00-21:00,0
第五教学楼,2019-04-11,21:00-22:00,0
第五教学楼,2019-04-11,22:00-23:00,0
第五教学楼,2019-04-12,07:00-08:00,0
第五教学楼,2019-04-12,08:00-09:00,0
第五教学楼,2019-04-12,09:00-10:00,0
第五教学楼,2019-04-12,10:00-11:00,0
第五教学楼,2019-04-12,11:00-12:00,0
第五教学楼,2019-04-12,12:00-13:00,0
第五教学楼,2019-04-12,13:00-14:00,0
第五教学楼,2019-04-12,14:00-15:00,0
第五教学楼,2019-04-12,15:00-16:00,0
第五教学楼,2019-04-12,16:00-17:00,0
第五教学楼,2019-04-12,17:00-18:00,0
第五教学楼,2019-04-12,18:00-19:00,0
第五教学楼,2019-04-12,19:00-20:00,0
第五教学楼,2019-04-12,20:00-21:00,0
第五教学楼,2019-04-12,21:00-22:00,0
第五教学楼,2019-04-12,22:00-23:00,0
第五教学楼,2019-04-13,07:00-08:00,0
第五教学楼,2019-04-13,08:00-09:00,0
第五教学楼,2019-04-13,09:00-10:00,0
第五教学楼,2019-04-13,10:00-11:00,0
第五教学楼,2019-04-13,11:00-12:00,0
第五教学楼,2019-04-13,12:00-13:00,0
第五教学楼,2019-04-13,13:00-14:00,0
第五教学楼,2019-04-13,14:00-15:00,0
第五教学楼,2019-04-13,15:00-16:00,0
第五教学楼,2019-04-13,16:00-17:00,0
第五教学楼,2019-04-13,17:00-18:00,0
第五教学楼,2019-04-13,18:00-19:00,0
第五教学楼,2019-04-13,19:00-20:00,0
第五教学楼,2019-04-13,20:00-21:00,0
第五教学楼,2019-04-13,21:00-22:00,0
第五教学楼,2019-04-13,22:00-23:00,0
第五教学楼,2019-04-14,07:00-08:00,0
第五教学楼,2019-04-14,08:00-09:00,0
第五教学楼,2019-04-14,09:00-10:00,0
第五教学楼,2019-04-14,10:00-11:00,0
第五教学楼,2019-04-14,11:00-12:00,0
第五教学楼,2019-04-14,12:00-13:00,0
第五教学楼,2019-04-14,13:00-14:00,0
第五教学楼,2019-04-14,14:00-15:00,0
第五教学楼,2019-04-14,15:00-16:00,0
第五教学楼,2019-04-14,16:00-17:00,0
第五教学楼,2019-04-14,17:00-18:00,0
第五教学楼,2019-04-14,18:00-19:00,0
第五教学楼,2019-04-14,19:00-20:00,0
第五教学楼,2019-04-14,20:00-21:00,0
第五教学楼,2019-04-14,21:00-22:00,0
第五教学楼,2019-04-14,22:00-23:00,0
第五教学楼,2019-04-15,07:00-08:00,0
第五教学楼,2019-04-15,08:00-09:00,0
第五教学楼,2019-04-15,09:00-10:00,0
第五教学楼,2019-04-15,10:00-11:00,0
第五教学楼,2019-04-15,11:00-12:00,0
第五教学楼,2019-04-15,12:00-13:00,0
第五教学楼,2019-04-15,13:00-14:00,0
第五教学楼,2019-04-15,14:00-15:00,0
第五教学楼,2019-04-15,15:00-16:00,0
第五教学楼,2019-04-15,16:00-17:00,0
第五教学楼,2019-04-15,17:00-18:00,0
第五教学楼,2019-04-15,18:00-19:00,0
第五教学楼,2019-04-15,19:00-20:00,0
第五教学楼,2019-04-15,20:00-21:00,0
第五教学楼,2019-04-15,21:00-22:00,0
第五教学楼,2019-04-15,22:00-23:00,0
第五教学楼,2019-04-16,07:00-08:00,0
第五教学楼,2019-04-16,08:00-09:00,0
第五教学楼,2019-04-16,09:00-10:00,0
第五教学楼,2019-04-16,10:00-11:00,0
第五教学楼,2019-04-16,11:00-12:00,0
第五教学楼,2019-04-16,12:00-13:00,0
第五教学楼,2019-04-16,13:00-14:00,0
第五教学楼,2019-04-16,14:00-15:00,0
第五教学楼,2019-04-16,15:00-16:00,0
第五教学楼,2019-04-16,16:00-17:00,0
第五教学楼,2019-04-16,17:00-18:00,0
第五教学楼,2019-04-16,18:00-19:00,0
第五教学楼,2019-04-16,19:00-20:00,0
第五教学楼,2019-04-16,20:00-21:00,0
第五教学楼,2019-04-16,21:00-22:00,0
第五教学楼,2019-04-16,22:00-23:00,0
第五教学楼,2019-04-17,07:00-08:00,0
第五教学楼,2019-04-17,08:00-09:00,0
第五教学楼,2019-04-17,09:00-10:00,0
第五教学楼,2019-04-17,10:00-11:00,0
第五教学楼,2019-04-17,11:00-12:00,0
第五教学楼,2019-04-17,12:00-13:00,0
第五教学楼,2019-04-17,13:00-14:00,0
第五教学楼,2019-04-17,14:00-15:00,0
第五教学楼,2019-04-17,15:00-16:00,0
第五教学楼,2019-04-17,16:00-17:00,0
第五教学楼,2019-04-17,17:00-18:00,0
第五教学楼,2019-04-17,18:00-19:00,0
第五教学楼,2019-04-17,19:00-20:00,0
第五教学楼,2019-04-17,20:00-21:00,0
第五教学楼,2019-04-17,21:00-22:00,0
第五教学楼,2019-04-17,22:00-23:00,0
第五教学楼,2019-04-18,07:00-08:00,0
第五教学楼,2019-04-18,08:00-09:00,0
第五教学楼,2019-04-18,09:00-10:00,0
第五教学楼,2019-04-18,10:00-11:00,0
第五教学楼,2019-04-18,11:00-12:00,0
第五教学楼,2019-04-18,12:00-13:00,0
第五教学楼,2019-04-18,13:00-14:00,0
第五教学楼,2019-04-18,14:00-15:00,0
第五教学楼,2019-04-18,15:00-16:00,0
第五教学楼,2019-04-18,16:00-17:00,0
第五教学楼,2019-04-18,17:00-18:00,0
第五教学楼,2019-04-18,18:00-19:00,0
第五教学楼,2019-04-18,19:00-20:00,0
第五教学楼,2019-04-18,20:00-21:00,0
第五教学楼,2019-04-18,21:00-22:00,0
第五教学楼,2019-04-18,22:00-23:00,0
第五教学楼,2019-04-19,07:00-08:00,0
第五教学楼,2019-04-19,08:00-09:00,0
第五教学楼,2019-04-19,09:00-10:00,0
第五教学楼,2019-04-19,10:00-11:00,0
第五教学楼,2019-04-19,11:00-12:00,0
第五教学楼,2019-04-19,12:00-13:00,0
第五教学楼,2019-04-19,13:00-14:00,0
第五教学楼,2019-04-19,14:00-15:00,0
第五教学楼,2019-04-19,15:00-16:00,0
第五教学楼,2019-04-19,16:00-17:00,0
第五教学楼,2019-04-19,17:00-18:00,0
第五教学楼,2019-04-19,18:00-19:00,0
第五教学楼,2019-04-19,19:00-20:00,0
第五教学楼,2019-04-19,20:00-21:00,0
第五教学楼,2019-04-19,21:00-22:00,0
第五教学楼,2019-04-19,22:00-23:00,0
第五教学楼,2019-04-20,07:00-08:00,0
第五教学楼,2019-04-20,08:00-09:00,0
第五教学楼,2019-04-20,09:00-10:00,0
第五教学楼,2019-04-20,10:00-11:00,0
第五教学楼,2019-04-20,11:00-12:00,0
第五教学楼,2019-04-20,12:00-13:00,0
第五教学楼,2019-04-20,13:00-14:00,0
第五教学楼,2019-04-20,14:00-15:00,0
第五教学楼,2019-04-20,15:00-16:00,0
第五教学楼,2019-04-20,16:00-17:00,0
第五教学楼,2019-04-20,17:00-18:00,0
第五教学楼,2019-04-20,18:00-19:00,0
第五教学楼,2019-04-20,19:00-20:00,0
第五教学楼,2019-04-20,20:00-21:00,0
第五教学楼,2019-04-20,21:00-22:00,0
第五教学楼,2019-04-20,22:00-23:00,0
第五教学楼,2019-04-21,07:00-08:00,0
第五教学楼,2019-04-21,08:00-09:00,0
第五教学楼,2019-04-21,09:00-10:00,0
第五教学楼,2019-04-21,10:00-11:00,0
第五教学楼,2019-04-21,11:00-12:00,0
第五教学楼,2019-04-21,12:00-13:00,0
第五教学楼,2019-04-21,13:00-14:00,0
第五教学楼,2019-04-21,14:00-15:00,0
第五教学楼,2019-04-21,15:00-16:00,0
第五教学楼,2019-04-21,16:00-17:00,0
第五教学楼,2019-04-21,17:00-18:00,0
第五教学楼,2019-04-21,18:00-19:00,0
第五教学楼,2019-04-21,19:00-20:00,0
第五教学楼,2019-04-21,20:00-21:00,0
第五教学楼,2019-04-21,21:00-22:00,0
第五教学楼,2019-04-21,22:00-23:00,0
第五教学楼,2019-04-22,07:00-08:00,0
第五教学楼,2019-04-22,08:00-09:00,0
第五教学楼,2019-04-22,09:00-10:00,0
第五教学楼,2019-04-22,10:00-11:00,0
第五教学楼,2019-04-22,11:00-12:00,0
第五教学楼,2019-04-22,12:00-13:00,0
第五教学楼,2019-04-22,13:00-14:00,0
第五教学楼,2019-04-22,14:00-15:00,0
第五教学楼,2019-04-22,15:00-16:00,0
第五教学楼,2019-04-22,16:00-17:00,0
第五教学楼,2019-04-22,17:00-18:00,0
第五教学楼,2019-04-22,18:00-19:00,0
第五教学楼,2019-04-22,19:00-20:00,0
第五教学楼,2019-04-22,20:00-21:00,0
第五教学楼,2019-04-22,21:00-22:00,0
第五教学楼,2019-04-22,22:00-23:00,0
第五教学楼,2019-04-23,07:00-08:00,0
第五教学楼,2019-04-23,08:00-09:00,0
第五教学楼,2019-04-23,09:00-10:00,0
第五教学楼,2019-04-23,10:00-11:00,0
第五教学楼,2019-04-23,11:00-12:00,0
第五教学楼,2019-04-23,12:00-13:00,1
第五教学楼,2019-04-23,13:00-14:00,0
第五教学楼,2019-04-23,14:00-15:00,0
第五教学楼,2019-04-23,15:00-16:00,0
第五教学楼,2019-04-23,16:00-17:00,0
第五教学楼,2019-04-23,17:00-18:00,0
第五教学楼,2019-04-23,18:00-19:00,0
第五教学楼,2019-04-23,19:00-20:00,0
第五教学楼,2019-04-23,20:00-21:00,0
第五教学楼,2019-04-23,21:00-22:00,0
第五教学楼,2019-04-23,22:00-23:00,0
第五教学楼,2019-04-24,07:00-08:00,0
第五教学楼,2019-04-24,08:00-09:00,0
第五教学楼,2019-04-24,09:00-10:00,0
第五教学楼,2019-04-24,10:00-11:00,0
第五教学楼,2019-04-24,11:00-12:00,0
第五教学楼,2019-04-24,12:00-13:00,0
第五教学楼,2019-04-24,13:00-14:00,0
第五教学楼,2019-04-24,14:00-15:00,0
第五教学楼,2019-04-24,15:00-16:00,0
第五教学楼,2019-04-24,16:00-17:00,0
第五教学楼,2019-04-24,17:00-18:00,0
第五教学楼,2019-04-24,18:00-19:00,0
第五教学楼,2019-04-24,19:00-20:00,0
第五教学楼,2019-04-24,20:00-21:00,0
第五教学楼,2019-04-24,21:00-22:00,0
第五教学楼,2019-04-24,22:00-23:00,0
第五教学楼,2019-04-25,07:00-08:00,0
第五教学楼,2019-04-25,08:00-09:00,0
第五教学楼,2019-04-25,09:00-10:00,0
第五教学楼,2019-04-25,10:00-11:00,0
第五教学楼,2019-04-25,11:00-12:00,0
第五教学楼,2019-04-25,12:00-13:00,1
第五教学楼,2019-04-25,13:00-14:00,0
第五教学楼,2019-04-25,14:00-15:00,0
第五教学楼,2019-04-25,15:00-16:00,0
第五教学楼,2019-04-25,16:00-17:00,0
第五教学楼,2019-04-25,17:00-18:00,0
第五教学楼,2019-04-25,18:00-19:00,0
第五教学楼,2019-04-25,19:00-20:00,0
第五教学楼,2019-04-25,20:00-21:00,0
第五教学楼,2019-04-25,21:00-22:00,0
第五教学楼,2019-04-25,22:00-23:00,0
第五教学楼,2019-04-26,07:00-08:00,0
第五教学楼,2019-04-26,08:00-09:00,0
第五教学楼,2019-04-26,09:00-10:00,0
第五教学楼,2019-04-26,10:00-11:00,0
第五教学楼,2019-04-26,11:00-12:00,0
第五教学楼,2019-04-26,12:00-13:00,0
第五教学楼,2019-04-26,13:00-14:00,0
第五教学楼,2019-04-26,14:00-15:00,0
第五教学楼,2019-04-26,15:00-16:00,0
第五教学楼,2019-04-26,16:00-17:00,0
第五教学楼,2019-04-26,17:00-18:00,0
第五教学楼,2019-04-26,18:00-19:00,0
第五教学楼,2019-04-26,19:00-20:00,0
第五教学楼,2019-04-26,20:00-21:00,0
第五教学楼,2019-04-26,21:00-22:00,0
第五教学楼,2019-04-26,22:00-23:00,0
第五教学楼,2019-04-27,07:00-08:00,0
第五教学楼,2019-04-27,08:00-09:00,0
第五教学楼,2019-04-27,09:00-10:00,0
第五教学楼,2019-04-27,10:00-11:00,0
第五教学楼,2019-04-27,11:00-12:00,0
第五教学楼,2019-04-27,12:00-13:00,0
第五教学楼,2019-04-27,13:00-14:00,0
第五教学楼,2019-04-27,14:00-15:00,0
第五教学楼,2019-04-27,15:00-16:00,0
第五教学楼,2019-04-27,16:00-17:00,0
第五教学楼,2019-04-27,17:00-18:00,0
第五教学楼,2019-04-27,18:00-19:00,0
第五教学楼,2019-04-27,19:00-20:00,0
第五教学楼,2019-04-27,20:00-21:00,0
第五教学楼,2019-04-27,21:00-22:00,0
第五教学楼,2019-04-27,22:00-23:00,0
第五教学楼,2019-04-28,07:00-08:00,0
第五教学楼,2019-04-28,08:00-09:00,0
第五教学楼,2019-04-28,09:00-10:00,0
第五教学楼,2019-04-28,10:00-11:00,0
第五教学楼,2019-04-28,11:00-12:00,0
第五教学楼,2019-04-28,12:00-13:00,0
第五教学楼,2019-04-28,13:00-14:00,0
第五教学楼,2019-04-28,14:00-15:00,0
第五教学楼,2019-04-28,15:00-16:00,0
第五教学楼,2019-04-28,16:00-17:00,0
第五教学楼,2019-04-28,17:00-18:00,0
第五教学楼,2019-04-28,18:00-19:00,0
第五教学楼,2019-04-28,19:00-20:00,0
第五教学楼,2019-04-28,20:00-21:00,0
第五教学楼,2019-04-28,21:00-22:00,0
第五教学楼,2019-04-28,22:00-23:00,0
第五教学楼,2019-04-29,07:00-08:00,0
第五教学楼,2019-04-29,08:00-09:00,0
第五教学楼,2019-04-29,09:00-10:00,0
第五教学楼,2019-04-29,10:00-11:00,0
第五教学楼,2019-04-29,11:00-12:00,0
第五教学楼,2019-04-29,12:00-13:00,0
第五教学楼,2019-04-29,13:00-14:00,0
第五教学楼,2019-04-29,14:00-15:00,0
第五教学楼,2019-04-29,15:00-16:00,0
第五教学楼,2019-04-29,16:00-17:00,0
第五教学楼,2019-04-29,17:00-18:00,0
第五教学楼,2019-04-29,18:00-19:00,0
第五教学楼,2019-04-29,19:00-20:00,0
第五教学楼,2019-04-29,20:00-21:00,0
第五教学楼,2019-04-29,21:00-22:00,0
第五教学楼,2019-04-29,22:00-23:00,0
第五教学楼,2019-04-30,07:00-08:00,0
第五教学楼,2019-04-30,08:00-09:00,0
第五教学楼,2019-04-30,09:00-10:00,0
第五教学楼,2019-04-30,10:00-11:00,0
第五教学楼,2019-04-30,11:00-12:00,0
第五教学楼,2019-04-30,12:00-13:00,0
第五教学楼,2019-04-30,13:00-14:00,0
第五教学楼,2019-04-30,14:00-15:00,0
第五教学楼,2019-04-30,15:00-16:00,0
第五教学楼,2019-04-30,16:00-17:00,0
第五教学楼,2019-04-30,17:00-18:00,0
第五教学楼,2019-04-30,18:00-19:00,0
第五教学楼,2019-04-30,19:00-20:00,0
第五教学楼,2019-04-30,20:00-21:00,0
第五教学楼,2019-04-30,21:00-22:00,0
第五教学楼,2019-04-30,22:00-23:00,0
第六教学楼,2019-04-01,07:00-08:00,0
第六教学楼,2019-04-01,08:00-09:00,0
第六教学楼,2019-04-01,09:00-10:00,0
第六教学楼,2019-04-01,10:00-11:00,0
第六教学楼,2019-04-01,11:00-12:00,0
第六教学楼,2019-04-01,12:00-13:00,0
第六教学楼,2019-04-01,13:00-14:00,0
第六教学楼,2019-04-01,14:00-15:00,0
第六教学楼,2019-04-01,15:00-16:00,0
第六教学楼,2019-04-01,16:00-17:00,0
第六教学楼,2019-04-01,17:00-18:00,0
第六教学楼,2019-04-01,18:00-19:00,0
第六教学楼,2019-04-01,19:00-20:00,0
第六教学楼,2019-04-01,20:00-21:00,0
第六教学楼,2019-04-01,21:00-22:00,0
第六教学楼,2019-04-01,22:00-23:00,0
第六教学楼,2019-04-02,07:00-08:00,0
第六教学楼,2019-04-02,08:00-09:00,0
第六教学楼,2019-04-02,09:00-10:00,0
第六教学楼,2019-04-02,10:00-11:00,0
第六教学楼,2019-04-02,11:00-12:00,0
第六教学楼,2019-04-02,12:00-13:00,0
第六教学楼,2019-04-02,13:00-14:00,0
第六教学楼,2019-04-02,14:00-15:00,0
第六教学楼,2019-04-02,15:00-16:00,0
第六教学楼,2019-04-02,16:00-17:00,0
第六教学楼,2019-04-02,17:00-18:00,0
第六教学楼,2019-04-02,18:00-19:00,0
第六教学楼,2019-04-02,19:00-20:00,0
第六教学楼,2019-04-02,20:00-21:00,0
第六教学楼,2019-04-02,21:00-22:00,0
第六教学楼,2019-04-02,22:00-23:00,0
第六教学楼,2019-04-03,07:00-08:00,0
第六教学楼,2019-04-03,08:00-09:00,0
第六教学楼,2019-04-03,09:00-10:00,0
第六教学楼,2019-04-03,10:00-11:00,0
第六教学楼,2019-04-03,11:00-12:00,0
第六教学楼,2019-04-03,12:00-13:00,0
第六教学楼,2019-04-03,13:00-14:00,0
第六教学楼,2019-04-03,14:00-15:00,0
第六教学楼,2019-04-03,15:00-16:00,0
第六教学楼,2019-04-03,16:00-17:00,0
第六教学楼,2019-04-03,17:00-18:00,0
第六教学楼,2019-04-03,18:00-19:00,0
第六教学楼,2019-04-03,19:00-20:00,0
第六教学楼,2019-04-03,20:00-21:00,0
第六教学楼,2019-04-03,21:00-22:00,0
第六教学楼,2019-04-03,22:00-23:00,0
第六教学楼,2019-04-04,07:00-08:00,0
第六教学楼,2019-04-04,08:00-09:00,0
第六教学楼,2019-04-04,09:00-10:00,0
第六教学楼,2019-04-04,10:00-11:00,0
第六教学楼,2019-04-04,11:00-12:00,0
第六教学楼,2019-04-04,12:00-13:00,1
第六教学楼,2019-04-04,13:00-14:00,0
第六教学楼,2019-04-04,14:00-15:00,0
第六教学楼,2019-04-04,15:00-16:00,0
第六教学楼,2019-04-04,16:00-17:00,0
第六教学楼,2019-04-04,17:00-18:00,0
第六教学楼,2019-04-04,18:00-19:00,0
第六教学楼,2019-04-04,19:00-20:00,0
第六教学楼,2019-04-04,20:00-21:00,0
第六教学楼,2019-04-04,21:00-22:00,0
第六教学楼,2019-04-04,22:00-23:00,0
第六教学楼,2019-04-05,07:00-08:00,0
第六教学楼,2019-04-05,08:00-09:00,0
第六教学楼,2019-04-05,09:00-10:00,0
第六教学楼,2019-04-05,10:00-11:00,0
第六教学楼,2019-04-05,11:00-12:00,0
第六教学楼,2019-04-05,12:00-13:00,0
第六教学楼,2019-04-05,13:00-14:00,0
第六教学楼,2019-04-05,14:00-15:00,0
第六教学楼,2019-04-05,15:00-16:00,0
第六教学楼,2019-04-05,16:00-17:00,0
第六教学楼,2019-04-05,17:00-18:00,0
第六教学楼,2019-04-05,18:00-19:00,0
第六教学楼,2019-04-05,19:00-20:00,0
第六教学楼,2019-04-05,20:00-21:00,0
第六教学楼,2019-04-05,21:00-22:00,0
第六教学楼,2019-04-05,22:00-23:00,0
第六教学楼,2019-04-06,07:00-08:00,0
第六教学楼,2019-04-06,08:00-09:00,0
第六教学楼,2019-04-06,09:00-10:00,0
第六教学楼,2019-04-06,10:00-11:00,0
第六教学楼,2019-04-06,11:00-12:00,0
第六教学楼,2019-04-06,12:00-13:00,0
第六教学楼,2019-04-06,13:00-14:00,0
第六教学楼,2019-04-06,14:00-15:00,0
第六教学楼,2019-04-06,15:00-16:00,0
第六教学楼,2019-04-06,16:00-17:00,0
第六教学楼,2019-04-06,17:00-18:00,0
第六教学楼,2019-04-06,18:00-19:00,0
第六教学楼,2019-04-06,19:00-20:00,0
第六教学楼,2019-04-06,20:00-21:00,0
第六教学楼,2019-04-06,21:00-22:00,0
第六教学楼,2019-04-06,22:00-23:00,0
第六教学楼,2019-04-07,07:00-08:00,0
第六教学楼,2019-04-07,08:00-09:00,0
第六教学楼,2019-04-07,09:00-10:00,0
第六教学楼,2019-04-07,10:00-11:00,0
第六教学楼,2019-04-07,11:00-12:00,0
第六教学楼,2019-04-07,12:00-13:00,0
第六教学楼,2019-04-07,13:00-14:00,0
第六教学楼,2019-04-07,14:00-15:00,0
第六教学楼,2019-04-07,15:00-16:00,0
第六教学楼,2019-04-07,16:00-17:00,0
第六教学楼,2019-04-07,17:00-18:00,0
第六教学楼,2019-04-07,18:00-19:00,0
第六教学楼,2019-04-07,19:00-20:00,0
第六教学楼,2019-04-07,20:00-21:00,0
第六教学楼,2019-04-07,21:00-22:00,0
第六教学楼,2019-04-07,22:00-23:00,0
第六教学楼,2019-04-08,07:00-08:00,0
第六教学楼,2019-04-08,08:00-09:00,0
第六教学楼,2019-04-08,09:00-10:00,0
第六教学楼,2019-04-08,10:00-11:00,0
第六教学楼,2019-04-08,11:00-12:00,0
第六教学楼,2019-04-08,12:00-13:00,0
第六教学楼,2019-04-08,13:00-14:00,0
第六教学楼,2019-04-08,14:00-15:00,0
第六教学楼,2019-04-08,15:00-16:00,0
第六教学楼,2019-04-08,16:00-17:00,0
第六教学楼,2019-04-08,17:00-18:00,0
第六教学楼,2019-04-08,18:00-19:00,0
第六教学楼,2019-04-08,19:00-20:00,0
第六教学楼,2019-04-08,20:00-21:00,0
第六教学楼,2019-04-08,21:00-22:00,0
第六教学楼,2019-04-08,22:00-23:00,0
第六教学楼,2019-04-09,07:00-08:00,0
第六教学楼,2019-04-09,08:00-09:00,0
第六教学楼,2019-04-09,09:00-10:00,0
第六教学楼,2019-04-09,10:00-11:00,0
第六教学楼,2019-04-09,11:00-12:00,0
第六教学楼,2019-04-09,12:00-13:00,0
第六教学楼,2019-04-09,13:00-14:00,0
第六教学楼,2019-04-09,14:00-15:00,0
第六教学楼,2019-04-09,15:00-16:00,0
第六教学楼,2019-04-09,16:00-17:00,0
第六教学楼,2019-04-09,17:00-18:00,0
第六教学楼,2019-04-09,18:00-19:00,0
第六教学楼,2019-04-09,19:00-20:00,0
第六教学楼,2019-04-09,20:00-21:00,0
第六教学楼,2019-04-09,21:00-22:00,0
第六教学楼,2019-04-09,22:00-23:00,0
第六教学楼,2019-04-10,07:00-08:00,0
第六教学楼,2019-04-10,08:00-09:00,0
第六教学楼,2019-04-10,09:00-10:00,0
第六教学楼,2019-04-10,10:00-11:00,0
第六教学楼,2019-04-10,11:00-12:00,0
第六教学楼,2019-04-10,12:00-13:00,0
第六教学楼,2019-04-10,13:00-14:00,0
第六教学楼,2019-04-10,14:00-15:00,0
第六教学楼,2019-04-10,15:00-16:00,0
第六教学楼,2019-04-10,16:00-17:00,0
第六教学楼,2019-04-10,17:00-18:00,0
第六教学楼,2019-04-10,18:00-19:00,0
第六教学楼,2019-04-10,19:00-20:00,0
第六教学楼,2019-04-10,20:00-21:00,0
第六教学楼,2019-04-10,21:00-22:00,0
第六教学楼,2019-04-10,22:00-23:00,0
第六教学楼,2019-04-11,07:00-08:00,0
第六教学楼,2019-04-11,08:00-09:00,0
第六教学楼,2019-04-11,09:00-10:00,0
第六教学楼,2019-04-11,10:00-11:00,0
第六教学楼,2019-04-11,11:00-12:00,0
第六教学楼,2019-04-11,12:00-13:00,0
第六教学楼,2019-04-11,13:00-14:00,0
第六教学楼,2019-04-11,14:00-15:00,0
第六教学楼,2019-04-11,15:00-16:00,0
第六教学楼,2019-04-11,16:00-17:00,0
第六教学楼,2019-04-11,17:00-18:00,0
第六教学楼,2019-04-11,18:00-19:00,0
第六教学楼,2019-04-11,19:00-20:00,0
第六教学楼,2019-04-11,20:00-21:00,0
第六教学楼,2019-04-11,21:00-22:00,0
第六教学楼,2019-04-11,22:00-23:00,0
第六教学楼,2019-04-12,07:00-08:00,0
第六教学楼,2019-04-12,08:00-09:00,0
第六教学楼,2019-04-12,09:00-10:00,0
第六教学楼,2019-04-12,10:00-11:00,0
第六教学楼,2019-04-12,11:00-12:00,0
第六教学楼,2019-04-12,12:00-13:00,0
第六教学楼,2019-04-12,13:00-14:00,0
第六教学楼,2019-04-12,14:00-15:00,0
第六教学楼,2019-04-12,15:00-16:00,0
第六教学楼,2019-04-12,16:00-17:00,0
第六教学楼,2019-04-12,17:00-18:00,0
第六教学楼,2019-04-12,18:00-19:00,0
第六教学楼,2019-04-12,19:00-20:00,0
第六教学楼,2019-04-12,20:00-21:00,0
第六教学楼,2019-04-12,21:00-22:00,0
第六教学楼,2019-04-12,22:00-23:00,0
第六教学楼,2019-04-13,07:00-08:00,0
第六教学楼,2019-04-13,08:00-09:00,0
第六教学楼,2019-04-13,09:00-10:00,0
第六教学楼,2019-04-13,10:00-11:00,0
第六教学楼,2019-04-13,11:00-12:00,0
第六教学楼,2019-04-13,12:00-13:00,0
第六教学楼,2019-04-13,13:00-14:00,0
第六教学楼,2019-04-13,14:00-15:00,0
第六教学楼,2019-04-13,15:00-16:00,0
第六教学楼,2019-04-13,16:00-17:00,0
第六教学楼,2019-04-13,17:00-18:00,0
第六教学楼,2019-04-13,18:00-19:00,0
第六教学楼,2019-04-13,19:00-20:00,0
第六教学楼,2019-04-13,20:00-21:00,0
第六教学楼,2019-04-13,21:00-22:00,0
第六教学楼,2019-04-13,22:00-23:00,0
第六教学楼,2019-04-14,07:00-08:00,0
第六教学楼,2019-04-14,08:00-09:00,0
第六教学楼,2019-04-14,09:00-10:00,0
第六教学楼,2019-04-14,10:00-11:00,0
第六教学楼,2019-04-14,11:00-12:00,0
第六教学楼,2019-04-14,12:00-13:00,0
第六教学楼,2019-04-14,13:00-14:00,0
第六教学楼,2019-04-14,14:00-15:00,0
第六教学楼,2019-04-14,15:00-16:00,0
第六教学楼,2019-04-14,16:00-17:00,0
第六教学楼,2019-04-14,17:00-18:00,0
第六教学楼,2019-04-14,18:00-19:00,0
第六教学楼,2019-04-14,19:00-20:00,0
第六教学楼,2019-04-14,20:00-21:00,0
第六教学楼,2019-04-14,21:00-22:00,0
第六教学楼,2019-04-14,22:00-23:00,0
第六教学楼,2019-04-15,07:00-08:00,0
第六教学楼,2019-04-15,08:00-09:00,0
第六教学楼,2019-04-15,09:00-10:00,0
第六教学楼,2019-04-15,10:00-11:00,0
第六教学楼,2019-04-15,11:00-12:00,0
第六教学楼,2019-04-15,12:00-13:00,0
第六教学楼,2019-04-15,13:00-14:00,0
第六教学楼,2019-04-15,14:00-15:00,0
第六教学楼,2019-04-15,15:00-16:00,0
第六教学楼,2019-04-15,16:00-17:00,0
第六教学楼,2019-04-15,17:00-18:00,0
第六教学楼,2019-04-15,18:00-19:00,0
第六教学楼,2019-04-15,19:00-20:00,0
第六教学楼,2019-04-15,20:00-21:00,0
第六教学楼,2019-04-15,21:00-22:00,0
第六教学楼,2019-04-15,22:00-23:00,0
第六教学楼,2019-04-16,07:00-08:00,0
第六教学楼,2019-04-16,08:00-09:00,0
第六教学楼,2019-04-16,09:00-10:00,0
第六教学楼,2019-04-16,10:00-11:00,0
第六教学楼,2019-04-16,11:00-12:00,0
第六教学楼,2019-04-16,12:00-13:00,0
第六教学楼,2019-04-16,13:00-14:00,0
第六教学楼,2019-04-16,14:00-15:00,0
第六教学楼,2019-04-16,15:00-16:00,0
第六教学楼,2019-04-16,16:00-17:00,0
第六教学楼,2019-04-16,17:00-18:00,0
第六教学楼,2019-04-16,18:00-19:00,0
第六教学楼,2019-04-16,19:00-20:00,0
第六教学楼,2019-04-16,20:00-21:00,0
第六教学楼,2019-04-16,21:00-22:00,0
第六教学楼,2019-04-16,22:00-23:00,0
第六教学楼,2019-04-17,07:00-08:00,0
第六教学楼,2019-04-17,08:00-09:00,0
第六教学楼,2019-04-17,09:00-10:00,0
第六教学楼,2019-04-17,10:00-11:00,0
第六教学楼,2019-04-17,11:00-12:00,0
第六教学楼,2019-04-17,12:00-13:00,0
第六教学楼,2019-04-17,13:00-14:00,0
第六教学楼,2019-04-17,14:00-15:00,0
第六教学楼,2019-04-17,15:00-16:00,0
第六教学楼,2019-04-17,16:00-17:00,0
第六教学楼,2019-04-17,17:00-18:00,0
第六教学楼,2019-04-17,18:00-19:00,0
第六教学楼,2019-04-17,19:00-20:00,0
第六教学楼,2019-04-17,20:00-21:00,0
第六教学楼,2019-04-17,21:00-22:00,0
第六教学楼,2019-04-17,22:00-23:00,0
第六教学楼,2019-04-18,07:00-08:00,0
第六教学楼,2019-04-18,08:00-09:00,0
第六教学楼,2019-04-18,09:00-10:00,0
第六教学楼,2019-04-18,10:00-11:00,0
第六教学楼,2019-04-18,11:00-12:00,0
第六教学楼,2019-04-18,12:00-13:00,0
第六教学楼,2019-04-18,13:00-14:00,0
第六教学楼,2019-04-18,14:00-15:00,0
第六教学楼,2019-04-18,15:00-16:00,0
第六教学楼,2019-04-18,16:00-17:00,0
第六教学楼,2019-04-18,17:00-18:00,0
第六教学楼,2019-04-18,18:00-19:00,0
第六教学楼,2019-04-18,19:00-20:00,0
第六教学楼,2019-04-18,20:00-21:00,0
第六教学楼,2019-04-18,21:00-22:00,0
第六教学楼,2019-04-18,22:00-23:00,0
第六教学楼,2019-04-19,07:00-08:00,0
第六教学楼,2019-04-19,08:00-09:00,0
第六教学楼,2019-04-19,09:00-10:00,0
第六教学楼,2019-04-19,10:00-11:00,0
第六教学楼,2019-04-19,11:00-12:00,0
第六教学楼,2019-04-19,12:00-13:00,0
第六教学楼,2019-04-19,13:00-14:00,0
第六教学楼,2019-04-19,14:00-15:00,0
第六教学楼,2019-04-19,15:00-16:00,0
第六教学楼,2019-04-19,16:00-17:00,0
第六教学楼,2019-04-19,17:00-18:00,0
第六教学楼,2019-04-19,18:00-19:00,0
第六教学楼,2019-04-19,19:00-20:00,0
第六教学楼,2019-04-19,20:00-21:00,0
第六教学楼,2019-04-19,21:00-22:00,0
第六教学楼,2019-04-19,22:00-23:00,0
第六教学楼,2019-04-20,07:00-08:00,0
第六教学楼,2019-04-20,08:00-09:00,0
第六教学楼,2019-04-20,09:00-10:00,0
第六教学楼,2019-04-20,10:00-11:00,0
第六教学楼,2019-04-20,11:00-12:00,0
第六教学楼,2019-04-20,12:00-13:00,0
第六教学楼,2019-04-20,13:00-14:00,0
第六教学楼,2019-04-20,14:00-15:00,0
第六教学楼,2019-04-20,15:00-16:00,0
第六教学楼,2019-04-20,16:00-17:00,0
第六教学楼,2019-04-20,17:00-18:00,0
第六教学楼,2019-04-20,18:00-19:00,0
第六教学楼,2019-04-20,19:00-20:00,0
第六教学楼,2019-04-20,20:00-21:00,0
第六教学楼,2019-04-20,21:00-22:00,0
第六教学楼,2019-04-20,22:00-23:00,0
第六教学楼,2019-04-21,07:00-08:00,0
第六教学楼,2019-04-21,08:00-09:00,0
第六教学楼,2019-04-21,09:00-10:00,0
第六教学楼,2019-04-21,10:00-11:00,0
第六教学楼,2019-04-21,11:00-12:00,0
第六教学楼,2019-04-21,12:00-13:00,0
第六教学楼,2019-04-21,13:00-14:00,0
第六教学楼,2019-04-21,14:00-15:00,0
第六教学楼,2019-04-21,15:00-16:00,0
第六教学楼,2019-04-21,16:00-17:00,0
第六教学楼,2019-04-21,17:00-18:00,0
第六教学楼,2019-04-21,18:00-19:00,0
第六教学楼,2019-04-21,19:00-20:00,0
第六教学楼,2019-04-21,20:00-21:00,0
第六教学楼,2019-04-21,21:00-22:00,0
第六教学楼,2019-04-21,22:00-23:00,0
第六教学楼,2019-04-22,07:00-08:00,0
第六教学楼,2019-04-22,08:00-09:00,0
第六教学楼,2019-04-22,09:00-10:00,0
第六教学楼,2019-04-22,10:00-11:00,0
第六教学楼,2019-04-22,11:00-12:00,0
第六教学楼,2019-04-22,12:00-13:00,0
第六教学楼,2019-04-22,13:00-14:00,0
第六教学楼,2019-04-22,14:00-15:00,0
第六教学楼,2019-04-22,15:00-16:00,0
第六教学楼,2019-04-22,16:00-17:00,0
第六教学楼,2019-04-22,17:00-18:00,0
第六教学楼,2019-04-22,18:00-19:00,0
第六教学楼,2019-04-22,19:00-20:00,0
第六教学楼,2019-04-22,20:00-21:00,0
第六教学楼,2019-04-22,21:00-22:00,0
第六教学楼,2019-04-22,22:00-23:00,1
第六教学楼,2019-04-23,07:00-08:00,0
第六教学楼,2019-04-23,08:00-09:00,0
第六教学楼,2019-04-23,09:00-10:00,0
第六教学楼,2019-04-23,10:00-11:00,0
第六教学楼,2019-04-23,11:00-12:00,0
第六教学楼,2019-04-23,12:00-13:00,0
第六教学楼,2019-04-23,13:00-14:00,0
第六教学楼,2019-04-23,14:00-15:00,0
第六教学楼,2019-04-23,15:00-16:00,0
第六教学楼,2019-04-23,16:00-17:00,0
第六教学楼,2019-04-23,17:00-18:00,0
第六教学楼,2019-04-23,18:00-19:00,0
第六教学楼,2019-04-23,19:00-20:00,0
第六教学楼,2019-04-23,20:00-21:00,0
第六教学楼,2019-04-23,21:00-22:00,0
第六教学楼,2019-04-23,22:00-23:00,0
第六教学楼,2019-04-24,07:00-08:00,0
第六教学楼,2019-04-24,08:00-09:00,0
第六教学楼,2019-04-24,09:00-10:00,0
第六教学楼,2019-04-24,10:00-11:00,0
第六教学楼,2019-04-24,11:00-12:00,0
第六教学楼,2019-04-24,12:00-13:00,0
第六教学楼,2019-04-24,13:00-14:00,0
第六教学楼,2019-04-24,14:00-15:00,0
第六教学楼,2019-04-24,15:00-16:00,0
第六教学楼,2019-04-24,16:00-17:00,0
第六教学楼,2019-04-24,17:00-18:00,0
第六教学楼,2019-04-24,18:00-19:00,0
第六教学楼,2019-04-24,19:00-20:00,0
第六教学楼,2019-04-24,20:00-21:00,0
第六教学楼,2019-04-24,21:00-22:00,0
第六教学楼,2019-04-24,22:00-23:00,0
第六教学楼,2019-04-25,07:00-08:00,0
第六教学楼,2019-04-25,08:00-09:00,0
第六教学楼,2019-04-25,09:00-10:00,0
第六教学楼,2019-04-25,10:00-11:00,0
第六教学楼,2019-04-25,11:00-12:00,0
第六教学楼,2019-04-25,12:00-13:00,0
第六教学楼,2019-04-25,13:00-14:00,0
第六教学楼,2019-04-25,14:00-15:00,0
第六教学楼,2019-04-25,15:00-16:00,0
第六教学楼,2019-04-25,16:00-17:00,0
第六教学楼,2019-04-25,17:00-18:00,0
第六教学楼,2019-04-25,18:00-19:00,0
第六教学楼,2019-04-25,19:00-20:00,0
第六教学楼,2019-04-25,20:00-21:00,0
第六教学楼,2019-04-25,21:00-22:00,0
第六教学楼,2019-04-25,22:00-23:00,0
第六教学楼,2019-04-26,07:00-08:00,0
第六教学楼,2019-04-26,08:00-09:00,0
第六教学楼,2019-04-26,09:00-10:00,0
第六教学楼,2019-04-26,10:00-11:00,0
第六教学楼,2019-04-26,11:00-12:00,0
第六教学楼,2019-04-26,12:00-13:00,0
第六教学楼,2019-04-26,13:00-14:00,0
第六教学楼,2019-04-26,14:00-15:00,0
第六教学楼,2019-04-26,15:00-16:00,0
第六教学楼,2019-04-26,16:00-17:00,0
第六教学楼,2019-04-26,17:00-18:00,0
第六教学楼,2019-04-26,18:00-19:00,0
第六教学楼,2019-04-26,19:00-20:00,0
第六教学楼,2019-04-26,20:00-21:00,0
第六教学楼,2019-04-26,21:00-22:00,0
第六教学楼,2019-04-26,22:00-23:00,0
第六教学楼,2019-04-27,07:00-08:00,0
第六教学楼,2019-04-27,08:00-09:00,0
第六教学楼,2019-04-27,09:00-10:00,0
第六教学楼,2019-04-27,10:00-11:00,0
第六教学楼,2019-04-27,11:00-12:00,0
第六教学楼,2019-04-27,12:00-13:00,0
第六教学楼,2019-04-27,13:00-14:00,0
第六教学楼,2019-04-27,14:00-15:00,0
第六教学楼,2019-04-27,15:00-16:00,0
第六教学楼,2019-04-27,16:00-17:00,0
第六教学楼,2019-04-27,17:00-18:00,0
第六教学楼,2019-04-27,18:00-19:00,0
第六教学楼,2019-04-27,19:00-20:00,0
第六教学楼,2019-04-27,20:00-21:00,0
第六教学楼,2019-04-27,21:00-22:00,0
第六教学楼,2019-04-27,22:00-23:00,0
第六教学楼,2019-04-28,07:00-08:00,0
第六教学楼,2019-04-28,08:00-09:00,0
第六教学楼,2019-04-28,09:00-10:00,0
第六教学楼,2019-04-28,10:00-11:00,0
第六教学楼,2019-04-28,11:00-12:00,0
第六教学楼,2019-04-28,12:00-13:00,0
第六教学楼,2019-04-28,13:00-14:00,0
第六教学楼,2019-04-28,14:00-15:00,0
第六教学楼,2019-04-28,15:00-16:00,0
第六教学楼,2019-04-28,16:00-17:00,0
第六教学楼,2019-04-28,17:00-18:00,0
第六教学楼,2019-04-28,18:00-19:00,0
第六教学楼,2019-04-28,19:00-20:00,0
第六教学楼,2019-04-28,20:00-21:00,0
第六教学楼,2019-04-28,21:00-22:00,0
第六教学楼,2019-04-28,22:00-23:00,0
第六教学楼,2019-04-29,07:00-08:00,0
第六教学楼,2019-04-29,08:00-09:00,0
第六教学楼,2019-04-29,09:00-10:00,0
第六教学楼,2019-04-29,10:00-11:00,0
第六教学楼,2019-04-29,11:00-12:00,0
第六教学楼,2019-04-29,12:00-13:00,0
第六教学楼,2019-04-29,13:00-14:00,0
第六教学楼,2019-04-29,14:00-15:00,0
第六教学楼,2019-04-29,15:00-16:00,0
第六教学楼,2019-04-29,16:00-17:00,0
第六教学楼,2019-04-29,17:00-18:00,0
第六教学楼,2019-04-29,18:00-19:00,0
第六教学楼,2019-04-29,19:00-20:00,0
第六教学楼,2019-04-29,20:00-21:00,0
第六教学楼,2019-04-29,21:00-22:00,0
第六教学楼,2019-04-29,22:00-23:00,0
第六教学楼,2019-04-30,07:00-08:00,0
第六教学楼,2019-04-30,08:00-09:00,0
第六教学楼,2019-04-30,09:00-10:00,0
第六教学楼,2019-04-30,10:00-11:00,0
第六教学楼,2019-04-30,11:00-12:00,0
第六教学楼,2019-04-30,12:00-13:00,0
第六教学楼,2019-04-30,13:00-14:00,0
第六教学楼,2019-04-30,14:00-15:00,0
第六教学楼,2019-04-30,15:00-16:00,0
第六教学楼,2019-04-30,16:00-17:00,0
第六教学楼,2019-04-30,17:00-18:00,0
第六教学楼,2019-04-30,18:00-19:00,0
第六教学楼,2019-04-30,19:00-20:00,0
第六教学楼,2019-04-30,20:00-21:00,0
第六教学楼,2019-04-30,21:00-22:00,0
第六教学楼,2019-04-30,22:00-23:00,0
第四教学楼,2019-04-01,07:00-08:00,0
第四教学楼,2019-04-01,08:00-09:00,0
第四教学楼,2019-04-01,09:00-10:00,0
第四教学楼,2019-04-01,10:00-11:00,0
第四教学楼,2019-04-01,11:00-12:00,0
第四教学楼,2019-04-01,12:00-13:00,0
第四教学楼,2019-04-01,13:00-14:00,0
第四教学楼,2019-04-01,14:00-15:00,0
第四教学楼,2019-04-01,15:00-16:00,0
第四教学楼,2019-04-01,16:00-17:00,0
第四教学楼,2019-04-01,17:00-18:00,0
第四教学楼,2019-04-01,18:00-19:00,0
第四教学楼,2019-04-01,19:00-20:00,0
第四教学楼,2019-04-01,20:00-21:00,0
第四教学楼,2019-04-01,21:00-22:00,0
第四教学楼,2019-04-01,22:00-23:00,0
第四教学楼,2019-04-02,07:00-08:00,0
第四教学楼,2019-04-02,08:00-09:00,0
第四教学楼,2019-04-02,09:00-10:00,0
第四教学楼,2019-04-02,10:00-11:00,0
第四教学楼,2019-04-02,11:00-12:00,0
第四教学楼,2019-04-02,12:00-13:00,0
第四教学楼,2019-04-02,13:00-14:00,0
第四教学楼,2019-04-02,14:00-15:00,0
第四教学楼,2019-04-02,15:00-16:00,0
第四教学楼,2019-04-02,16:00-17:00,0
第四教学楼,2019-04-02,17:00-18:00,0
第四教学楼,2019-04-02,18:00-19:00,0
第四教学楼,2019-04-02,19:00-20:00,0
第四教学楼,2019-04-02,20:00-21:00,0
第四教学楼,2019-04-02,21:00-22:00,0
第四教学楼,2019-04-02,22:00-23:00,0
第四教学楼,2019-04-03,07:00-08:00,0
第四教学楼,2019-04-03,08:00-09:00,0
第四教学楼,2019-04-03,09:00-10:00,0
第四教学楼,2019-04-03,10:00-11:00,0
第四教学楼,2019-04-03,11:00-12:00,0
第四教学楼,2019-04-03,12:00-13:00,0
第四教学楼,2019-04-03,13:00-14:00,0
第四教学楼,2019-04-03,14:00-15:00,0
第四教学楼,2019-04-03,15:00-16:00,0
第四教学楼,2019-04-03,16:00-17:00,0
第四教学楼,2019-04-03,17:00-18:00,0
第四教学楼,2019-04-03,18:00-19:00,0
第四教学楼,2019-04-03,19:00-20:00,0
第四教学楼,2019-04-03,20:00-21:00,0
第四教学楼,2019-04-03,21:00-22:00,0
第四教学楼,2019-04-03,22:00-23:00,0
第四教学楼,2019-04-04,07:00-08:00,0
第四教学楼,2019-04-04,08:00-09:00,0
第四教学楼,2019-04-04,09:00-10:00,0
第四教学楼,2019-04-04,10:00-11:00,0
第四教学楼,2019-04-04,11:00-12:00,0
第四教学楼,2019-04-04,12:00-13:00,0
第四教学楼,2019-04-04,13:00-14:00,0
第四教学楼,2019-04-04,14:00-15:00,0
第四教学楼,2019-04-04,15:00-16:00,0
第四教学楼,2019-04-04,16:00-17:00,0
第四教学楼,2019-04-04,17:00-18:00,0
第四教学楼,2019-04-04,18:00-19:00,0
第四教学楼,2019-04-04,19:00-20:00,0
第四教学楼,2019-04-04,20:00-21:00,0
第四教学楼,2019-04-04,21:00-22:00,0
第四教学楼,2019-04-04,22:00-23:00,0
第四教学楼,2019-04-05,07:00-08:00,0
第四教学楼,2019-04-05,08:00-09:00,0
第四教学楼,2019-04-05,09:00-10:00,0
第四教学楼,2019-04-05,10:00-11:00,0
第四教学楼,2019-04-05,11:00-12:00,0
第四教学楼,2019-04-05,12:00-13:00,0
第四教学楼,2019-04-05,13:00-14:00,0
第四教学楼,2019-04-05,14:00-15:00,0
第四教学楼,2019-04-05,15:00-16:00,0
第四教学楼,2019-04-05,16:00-17:00,0
第四教学楼,2019-04-05,17:00-18:00,0
第四教学楼,2019-04-05,18:00-19:00,0
第四教学楼,2019-04-05,19:00-20:00,0
第四教学楼,2019-04-05,20:00-21:00,0
第四教学楼,2019-04-05,21:00-22:00,0
第四教学楼,2019-04-05,22:00-23:00,0
第四教学楼,2019-04-06,07:00-08:00,0
第四教学楼,2019-04-06,08:00-09:00,0
第四教学楼,2019-04-06,09:00-10:00,0
第四教学楼,2019-04-06,10:00-11:00,0
第四教学楼,2019-04-06,11:00-12:00,0
第四教学楼,2019-04-06,12:00-13:00,0
第四教学楼,2019-04-06,13:00-14:00,0
第四教学楼,2019-04-06,14:00-15:00,0
第四教学楼,2019-04-06,15:00-16:00,0
第四教学楼,2019-04-06,16:00-17:00,0
第四教学楼,2019-04-06,17:00-18:00,0
第四教学楼,2019-04-06,18:00-19:00,0
第四教学楼,2019-04-06,19:00-20:00,0
第四教学楼,2019-04-06,20:00-21:00,0
第四教学楼,2019-04-06,21:00-22:00,0
第四教学楼,2019-04-06,22:00-23:00,0
第四教学楼,2019-04-07,07:00-08:00,0
第四教学楼,2019-04-07,08:00-09:00,0
第四教学楼,2019-04-07,09:00-10:00,0
第四教学楼,2019-04-07,10:00-11:00,0
第四教学楼,2019-04-07,11:00-12:00,0
第四教学楼,2019-04-07,12:00-13:00,0
第四教学楼,2019-04-07,13:00-14:00,0
第四教学楼,2019-04-07,14:00-15:00,0
第四教学楼,2019-04-07,15:00-16:00,0
第四教学楼,2019-04-07,16:00-17:00,0
第四教学楼,2019-04-07,17:00-18:00,0
第四教学楼,2019-04-07,18:00-19:00,0
第四教学楼,2019-04-07,19:00-20:00,0
第四教学楼,2019-04-07,20:00-21:00,0
第四教学楼,2019-04-07,21:00-22:00,0
第四教学楼,2019-04-07,22:00-23:00,0
第四教学楼,2019-04-08,07:00-08:00,0
第四教学楼,2019-04-08,08:00-09:00,0
第四教学楼,2019-04-08,09:00-10:00,0
第四教学楼,2019-04-08,10:00-11:00,0
第四教学楼,2019-04-08,11:00-12:00,0
第四教学楼,2019-04-08,12:00-13:00,0
第四教学楼,2019-04-08,13:00-14:00,0
第四教学楼,2019-04-08,14:00-15:00,0
第四教学楼,2019-04-08,15:00-16:00,0
第四教学楼,2019-04-08,16:00-17:00,0
第四教学楼,2019-04-08,17:00-18:00,0
第四教学楼,2019-04-08,18:00-19:00,0
第四教学楼,2019-04-08,19:00-20:00,0
第四教学楼,2019-04-08,20:00-21:00,0
第四教学楼,2019-04-08,21:00-22:00,0
第四教学楼,2019-04-08,22:00-23:00,0
第四教学楼,2019-04-09,07:00-08:00,0
第四教学楼,2019-04-09,08:00-09:00,0
第四教学楼,2019-04-09,09:00-10:00,0
第四教学楼,2019-04-09,10:00-11:00,0
第四教学楼,2019-04-09,11:00-12:00,0
第四教学楼,2019-04-09,12:00-13:00,1
第四教学楼,2019-04-09,13:00-14:00,0
第四教学楼,2019-04-09,14:00-15:00,0
第四教学楼,2019-04-09,15:00-16:00,0
第四教学楼,2019-04-09,16:00-17:00,0
第四教学楼,2019-04-09,17:00-18:00,0
第四教学楼,2019-04-09,18:00-19:00,0
第四教学楼,2019-04-09,19:00-20:00,0
第四教学楼,2019-04-09,20:00-21:00,0
第四教学楼,2019-04-09,21:00-22:00,0
第四教学楼,2019-04-09,22:00-23:00,0
第四教学楼,2019-04-10,07:00-08:00,0
第四教学楼,2019-04-10,08:00-09:00,0
第四教学楼,2019-04-10,09:00-10:00,0
第四教学楼,2019-04-10,10:00-11:00,0
第四教学楼,2019-04-10,11:00-12:00,0
第四教学楼,2019-04-10,12:00-13:00,0
第四教学楼,2019-04-10,13:00-14:00,0
第四教学楼,2019-04-10,14:00-15:00,0
第四教学楼,2019-04-10,15:00-16:00,0
第四教学楼,2019-04-10,16:00-17:00,0
第四教学楼,2019-04-10,17:00-18:00,0
第四教学楼,2019-04-10,18:00-19:00,0
第四教学楼,2019-04-10,19:00-20:00,0
第四教学楼,2019-04-10,20:00-21:00,0
第四教学楼,2019-04-10,21:00-22:00,0
第四教学楼,2019-04-10,22:00-23:00,0
第四教学楼,2019-04-11,07:00-08:00,0
第四教学楼,2019-04-11,08:00-09:00,0
第四教学楼,2019-04-11,09:00-10:00,0
第四教学楼,2019-04-11,10:00-11:00,0
第四教学楼,2019-04-11,11:00-12:00,0
第四教学楼,2019-04-11,12:00-13:00,0
第四教学楼,2019-04-11,13:00-14:00,0
第四教学楼,2019-04-11,14:00-15:00,0
第四教学楼,2019-04-11,15:00-16:00,0
第四教学楼,2019-04-11,16:00-17:00,0
第四教学楼,2019-04-11,17:00-18:00,0
第四教学楼,2019-04-11,18:00-19:00,0
第四教学楼,2019-04-11,19:00-20:00,0
第四教学楼,2019-04-11,20:00-21:00,0
第四教学楼,2019-04-11,21:00-22:00,0
第四教学楼,2019-04-11,22:00-23:00,0
第四教学楼,2019-04-12,07:00-08:00,0
第四教学楼,2019-04-12,08:00-09:00,0
第四教学楼,2019-04-12,09:00-10:00,0
第四教学楼,2019-04-12,10:00-11:00,0
第四教学楼,2019-04-12,11:00-12:00,0
第四教学楼,2019-04-12,12:00-13:00,0
第四教学楼,2019-04-12,13:00-14:00,0
第四教学楼,2019-04-12,14:00-15:00,0
第四教学楼,2019-04-12,15:00-16:00,0
第四教学楼,2019-04-12,16:00-17:00,0
第四教学楼,2019-04-12,17:00-18:00,0
第四教学楼,2019-04-12,18:00-19:00,0
第四教学楼,2019-04-12,19:00-20:00,0
第四教学楼,2019-04-12,20:00-21:00,0
第四教学楼,2019-04-12,21:00-22:00,0
第四教学楼,2019-04-12,22:00-23:00,0
第四教学楼,2019-04-13,07:00-08:00,0
第四教学楼,2019-04-13,08:00-09:00,0
第四教学楼,2019-04-13,09:00-10:00,0
第四教学楼,2019-04-13,10:00-11:00,0
第四教学楼,2019-04-13,11:00-12:00,0
第四教学楼,2019-04-13,12:00-13:00,0
第四教学楼,2019-04-13,13:00-14:00,0
第四教学楼,2019-04-13,14:00-15:00,0
第四教学楼,2019-04-13,15:00-16:00,0
第四教学楼,2019-04-13,16:00-17:00,0
第四教学楼,2019-04-13,17:00-18:00,0
第四教学楼,2019-04-13,18:00-19:00,0
第四教学楼,2019-04-13,19:00-20:00,0
第四教学楼,2019-04-13,20:00-21:00,0
第四教学楼,2019-04-13,21:00-22:00,0
第四教学楼,2019-04-13,22:00-23:00,0
第四教学楼,2019-04-14,07:00-08:00,0
第四教学楼,2019-04-14,08:00-09:00,0
第四教学楼,2019-04-14,09:00-10:00,0
第四教学楼,2019-04-14,10:00-11:00,0
第四教学楼,2019-04-14,11:00-12:00,0
第四教学楼,2019-04-14,12:00-13:00,0
第四教学楼,2019-04-14,13:00-14:00,0
第四教学楼,2019-04-14,14:00-15:00,0
第四教学楼,2019-04-14,15:00-16:00,0
第四教学楼,2019-04-14,16:00-17:00,0
第四教学楼,2019-04-14,17:00-18:00,0
第四教学楼,2019-04-14,18:00-19:00,0
第四教学楼,2019-04-14,19:00-20:00,0
第四教学楼,2019-04-14,20:00-21:00,0
第四教学楼,2019-04-14,21:00-22:00,0
第四教学楼,2019-04-14,22:00-23:00,0
第四教学楼,2019-04-15,07:00-08:00,0
第四教学楼,2019-04-15,08:00-09:00,0
第四教学楼,2019-04-15,09:00-10:00,0
第四教学楼,2019-04-15,10:00-11:00,0
第四教学楼,2019-04-15,11:00-12:00,0
第四教学楼,2019-04-15,12:00-13:00,0
第四教学楼,2019-04-15,13:00-14:00,0
第四教学楼,2019-04-15,14:00-15:00,0
第四教学楼,2019-04-15,15:00-16:00,0
第四教学楼,2019-04-15,16:00-17:00,0
第四教学楼,2019-04-15,17:00-18:00,0
第四教学楼,2019-04-15,18:00-19:00,0
第四教学楼,2019-04-15,19:00-20:00,0
第四教学楼,2019-04-15,20:00-21:00,0
第四教学楼,2019-04-15,21:00-22:00,0
第四教学楼,2019-04-15,22:00-23:00,0
第四教学楼,2019-04-16,07:00-08:00,0
第四教学楼,2019-04-16,08:00-09:00,0
第四教学楼,2019-04-16,09:00-10:00,0
第四教学楼,2019-04-16,10:00-11:00,0
第四教学楼,2019-04-16,11:00-12:00,0
第四教学楼,2019-04-16,12:00-13:00,0
第四教学楼,2019-04-16,13:00-14:00,0
第四教学楼,2019-04-16,14:00-15:00,0
第四教学楼,2019-04-16,15:00-16:00,0
第四教学楼,2019-04-16,16:00-17:00,0
第四教学楼,2019-04-16,17:00-18:00,0
第四教学楼,2019-04-16,18:00-19:00,0
第四教学楼,2019-04-16,19:00-20:00,0
第四教学楼,2019-04-16,20:00-21:00,0
第四教学楼,2019-04-16,21:00-22:00,0
第四教学楼,2019-04-16,22:00-23:00,0
第四教学楼,2019-04-17,07:00-08:00,0
第四教学楼,2019-04-17,08:00-09:00,0
第四教学楼,2019-04-17,09:00-10:00,0
第四教学楼,2019-04-17,10:00-11:00,0
第四教学楼,2019-04-17,11:00-12:00,0
第四教学楼,2019-04-17,12:00-13:00,0
第四教学楼,2019-04-17,13:00-14:00,0
第四教学楼,2019-04-17,14:00-15:00,0
第四教学楼,2019-04-17,15:00-16:00,0
第四教学楼,2019-04-17,16:00-17:00,0
第四教学楼,2019-04-17,17:00-18:00,0
第四教学楼,2019-04-17,18:00-19:00,0
第四教学楼,2019-04-17,19:00-20:00,0
第四教学楼,2019-04-17,20:00-21:00,0
第四教学楼,2019-04-17,21:00-22:00,0
第四教学楼,2019-04-17,22:00-23:00,0
第四教学楼,2019-04-18,07:00-08:00,0
第四教学楼,2019-04-18,08:00-09:00,0
第四教学楼,2019-04-18,09:00-10:00,0
第四教学楼,2019-04-18,10:00-11:00,0
第四教学楼,2019-04-18,11:00-12:00,0
第四教学楼,2019-04-18,12:00-13:00,0
第四教学楼,2019-04-18,13:00-14:00,0
第四教学楼,2019-04-18,14:00-15:00,0
第四教学楼,2019-04-18,15:00-16:00,0
第四教学楼,2019-04-18,16:00-17:00,0
第四教学楼,2019-04-18,17:00-18:00,0
第四教学楼,2019-04-18,18:00-19:00,0
第四教学楼,2019-04-18,19:00-20:00,0
第四教学楼,2019-04-18,20:00-21:00,0
第四教学楼,2019-04-18,21:00-22:00,0
第四教学楼,2019-04-18,22:00-23:00,0
第四教学楼,2019-04-19,07:00-08:00,0
第四教学楼,2019-04-19,08:00-09:00,0
第四教学楼,2019-04-19,09:00-10:00,0
第四教学楼,2019-04-19,10:00-11:00,0
第四教学楼,2019-04-19,11:00-12:00,0
第四教学楼,2019-04-19,12:00-13:00,0
第四教学楼,2019-04-19,13:00-14:00,0
第四教学楼,2019-04-19,14:00-15:00,0
第四教学楼,2019-04-19,15:00-16:00,0
第四教学楼,2019-04-19,16:00-17:00,0
第四教学楼,2019-04-19,17:00-18:00,0
第四教学楼,2019-04-19,18:00-19:00,0
第四教学楼,2019-04-19,19:00-20:00,0
第四教学楼,2019-04-19,20:00-21:00,0
第四教学楼,2019-04-19,21:00-22:00,0
第四教学楼,2019-04-19,22:00-23:00,0
第四教学楼,2019-04-20,07:00-08:00,0
第四教学楼,2019-04-20,08:00-09:00,0
第四教学楼,2019-04-20,09:00-10:00,0
第四教学楼,2019-04-20,10:00-11:00,0
第四教学楼,2019-04-20,11:00-12:00,0
第四教学楼,2019-04-20,12:00-13:00,0
第四教学楼,2019-04-20,13:00-14:00,0
第四教学楼,2019-04-20,14:00-15:00,0
第四教学楼,2019-04-20,15:00-16:00,0
第四教学楼,2019-04-20,16:00-17:00,0
第四教学楼,2019-04-20,17:00-18:00,0
第四教学楼,2019-04-20,18:00-19:00,0
第四教学楼,2019-04-20,19:00-20:00,0
第四教学楼,2019-04-20,20:00-21:00,0
第四教学楼,2019-04-20,21:00-22:00,0
第四教学楼,2019-04-20,22:00-23:00,0
第四教学楼,2019-04-21,07:00-08:00,0
第四教学楼,2019-04-21,08:00-09:00,0
第四教学楼,2019-04-21,09:00-10:00,0
第四教学楼,2019-04-21,10:00-11:00,0
第四教学楼,2019-04-21,11:00-12:00,0
第四教学楼,2019-04-21,12:00-13:00,0
第四教学楼,2019-04-21,13:00-14:00,0
第四教学楼,2019-04-21,14:00-15:00,0
第四教学楼,2019-04-21,15:00-16:00,0
第四教学楼,2019-04-21,16:00-17:00,0
第四教学楼,2019-04-21,17:00-18:00,0
第四教学楼,2019-04-21,18:00-19:00,0
第四教学楼,2019-04-21,19:00-20:00,0
第四教学楼,2019-04-21,20:00-21:00,0
第四教学楼,2019-04-21,21:00-22:00,0
第四教学楼,2019-04-21,22:00-23:00,0
第四教学楼,2019-04-22,07:00-08:00,0
第四教学楼,2019-04-22,08:00-09:00,0
第四教学楼,2019-04-22,09:00-10:00,0
第四教学楼,2019-04-22,10:00-11:00,0
第四教学楼,2019-04-22,11:00-12:00,0
第四教学楼,2019-04-22,12:00-13:00,0
第四教学楼,2019-04-22,13:00-14:00,0
第四教学楼,2019-04-22,14:00-15:00,0
第四教学楼,2019-04-22,15:00-16:00,0
第四教学楼,2019-04-22,16:00-17:00,0
第四教学楼,2019-04-22,17:00-18:00,0
第四教学楼,2019-04-22,18:00-19:00,0
第四教学楼,2019-04-22,19:00-20:00,0
第四教学楼,2019-04-22,20:00-21:00,0
第四教学楼,2019-04-22,21:00-22:00,0
第四教学楼,2019-04-22,22:00-23:00,0
第四教学楼,2019-04-23,07:00-08:00,0
第四教学楼,2019-04-23,08:00-09:00,0
第四教学楼,2019-04-23,09:00-10:00,0
第四教学楼,2019-04-23,10:00-11:00,0
第四教学楼,2019-04-23,11:00-12:00,0
第四教学楼,2019-04-23,12:00-13:00,0
第四教学楼,2019-04-23,13:00-14:00,0
第四教学楼,2019-04-23,14:00-15:00,0
第四教学楼,2019-04-23,15:00-16:00,0
第四教学楼,2019-04-23,16:00-17:00,0
第四教学楼,2019-04-23,17:00-18:00,0
第四教学楼,2019-04-23,18:00-19:00,0
第四教学楼,2019-04-23,19:00-20:00,0
第四教学楼,2019-04-23,20:00-21:00,0
第四教学楼,2019-04-23,21:00-22:00,0
第四教学楼,2019-04-23,22:00-23:00,0
第四教学楼,2019-04-24,07:00-08:00,0
第四教学楼,2019-04-24,08:00-09:00,0
第四教学楼,2019-04-24,09:00-10:00,0
第四教学楼,2019-04-24,10:00-11:00,0
第四教学楼,2019-04-24,11:00-12:00,0
第四教学楼,2019-04-24,12:00-13:00,0
第四教学楼,2019-04-24,13:00-14:00,0
第四教学楼,2019-04-24,14:00-15:00,0
第四教学楼,2019-04-24,15:00-16:00,0
第四教学楼,2019-04-24,16:00-17:00,0
第四教学楼,2019-04-24,17:00-18:00,0
第四教学楼,2019-04-24,18:00-19:00,0
第四教学楼,2019-04-24,19:00-20:00,0
第四教学楼,2019-04-24,20:00-21:00,0
第四教学楼,2019-04-24,21:00-22:00,0
第四教学楼,2019-04-24,22:00-23:00,0
第四教学楼,2019-04-25,07:00-08:00,0
第四教学楼,2019-04-25,08:00-09:00,0
第四教学楼,2019-04-25,09:00-10:00,0
第四教学楼,2019-04-25,10:00-11:00,0
第四教学楼,2019-04-25,11:00-12:00,0
第四教学楼,2019-04-25,12:00-13:00,0
第四教学楼,2019-04-25,13:00-14:00,0
第四教学楼,2019-04-25,14:00-15:00,0
第四教学楼,2019-04-25,15:00-16:00,0
第四教学楼,2019-04-25,16:00-17:00,0
第四教学楼,2019-04-25,17:00-18:00,0
第四教学楼,2019-04-25,18:00-19:00,0
第四教学楼,2019-04-25,19:00-20:00,0
第四教学楼,2019-04-25,20:00-21:00,0
第四教学楼,2019-04-25,21:00-22:00,0
第四教学楼,2019-04-25,22:00-23:00,0
第四教学楼,2019-04-26,07:00-08:00,0
第四教学楼,2019-04-26,08:00-09:00,0
第四教学楼,2019-04-26,09:00-10:00,0
第四教学楼,2019-04-26,10:00-11:00,0
第四教学楼,2019-04-26,11:00-12:00,0
第四教学楼,2019-04-26,12:00-13:00,0
第四教学楼,2019-04-26,13:00-14:00,0
第四教学楼,2019-04-26,14:00-15:00,0
第四教学楼,2019-04-26,15:00-16:00,0
第四教学楼,2019-04-26,16:00-17:00,0
第四教学楼,2019-04-26,17:00-18:00,0
第四教学楼,2019-04-26,18:00-19:00,0
第四教学楼,2019-04-26,19:00-20:00,0
第四教学楼,2019-04-26,20:00-21:00,0
第四教学楼,2019-04-26,21:00-22:00,0
第四教学楼,2019-04-26,22:00-23:00,0
第四教学楼,2019-04-27,07:00-08:00,0
第四教学楼,2019-04-27,08:00-09:00,0
第四教学楼,2019-04-27,09:00-10:00,0
第四教学楼,2019-04-27,10:00-11:00,0
第四教学楼,2019-04-27,11:00-12:00,0
第四教学楼,2019-04-27,12:00-13:00,0
第四教学楼,2019-04-27,13:00-14:00,0
第四教学楼,2019-04-27,14:00-15:00,0
第四教学楼,2019-04-27,15:00-16:00,0
第四教学楼,2019-04-27,16:00-17:00,0
第四教学楼,2019-04-27,17:00-18:00,0
第四教学楼,2019-04-27,18:00-19:00,0
第四教学楼,2019-04-27,19:00-20:00,0
第四教学楼,2019-04-27,20:00-21:00,0
第四教学楼,2019-04-27,21:00-22:00,0
第四教学楼,2019-04-27,22:00-23:00,0
第四教学楼,2019-04-28,07:00-08:00,0
第四教学楼,2019-04-28,08:00-09:00,0
第四教学楼,2019-04-28,09:00-10:00,0
第四教学楼,2019-04-28,10:00-11:00,0
第四教学楼,2019-04-28,11:00-12:00,0
第四教学楼,2019-04-28,12:00-13:00,0
第四教学楼,2019-04-28,13:00-14:00,0
第四教学楼,2019-04-28,14:00-15:00,0
第四教学楼,2019-04-28,15:00-16:00,0
第四教学楼,2019-04-28,16:00-17:00,0
第四教学楼,2019-04-28,17:00-18:00,0
第四教学楼,2019-04-28,18:00-19:00,0
第四教学楼,2019-04-28,19:00-20:00,0
第四教学楼,2019-04-28,20:00-21:00,0
第四教学楼,2019-04-28,21:00-22:00,0
第四教学楼,2019-04-28,22:00-23:00,0
第四教学楼,2019-04-29,07:00-08:00,0
第四教学楼,2019-04-29,08:00-09:00,0
第四教学楼,2019-04-29,09:00-10:00,0
第四教学楼,2019-04-29,10:00-11:00,0
第四教学楼,2019-04-29,11:00-12:00,0
第四教学楼,2019-04-29,12:00-13:00,0
第四教学楼,2019-04-29,13:00-14:00,0
第四教学楼,2019-04-29,14:00-15:00,0
第四教学楼,2019-04-29,15:00-16:00,0
第四教学楼,2019-04-29,16:00-17:00,0
第四教学楼,2019-04-29,17:00-18:00,0
第四教学楼,2019-04-29,18:00-19:00,0
第四教学楼,2019-04-29,19:00-20:00,0
第四教学楼,2019-04-29,20:00-21:00,0
第四教学楼,2019-04-29,21:00-22:00,0
第四教学楼,2019-04-29,22:00-23:00,0
第四教学楼,2019-04-30,07:00-08:00,0
第四教学楼,2019-04-30,08:00-09:00,0
第四教学楼,2019-04-30,09:00-10:00,0
第四教学楼,2019-04-30,10:00-11:00,0
第四教学楼,2019-04-30,11:00-12:00,0
第四教学楼,2019-04-30,12:00-13:00,0
第四教学楼,2019-04-30,13:00-14:00,0
第四教学楼,2019-04-30,14:00-15:00,0
第四教学楼,2019-04-30,15:00-16:00,0
第四教学楼,2019-04-30,16:00-17:00,0
第四教学楼,2019-04-30,17:00-18:00,0
第四教学楼,2019-04-30,18:00-19:00,0
第四教学楼,2019-04-30,19:00-20:00,0
第四教学楼,2019-04-30,20:00-21:00,0
第四教学楼,2019-04-30,21:00-22:00,0
第四教学楼,2019-04-30,22:00-23:00,0
自然科学书库,2019-04-01,07:00-08:00,0
自然科学书库,2019-04-01,08:00-09:00,0
自然科学书库,2019-04-01,09:00-10:00,0
自然科学书库,2019-04-01,10:00-11:00,0
自然科学书库,2019-04-01,11:00-12:00,2
自然科学书库,2019-04-01,12:00-13:00,3
自然科学书库,2019-04-01,13:00-14:00,0
自然科学书库,2019-04-01,14:00-15:00,0
自然科学书库,2019-04-01,15:00-16:00,3
自然科学书库,2019-04-01,16:00-17:00,0
自然科学书库,2019-04-01,17:00-18:00,6
自然科学书库,2019-04-01,18:00-19:00,0
自然科学书库,2019-04-01,19:00-20:00,0
自然科学书库,2019-04-01,20:00-21:00,0
自然科学书库,2019-04-01,21:00-22:00,0
自然科学书库,2019-04-01,22:00-23:00,0
自然科学书库,2019-04-02,07:00-08:00,0
自然科学书库,2019-04-02,08:00-09:00,0
自然科学书库,2019-04-02,09:00-10:00,0
自然科学书库,2019-04-02,10:00-11:00,1
自然科学书库,2019-04-02,11:00-12:00,0
自然科学书库,2019-04-02,12:00-13:00,0
自然科学书库,2019-04-02,13:00-14:00,0
自然科学书库,2019-04-02,14:00-15:00,2
自然科学书库,2019-04-02,15:00-16:00,4
自然科学书库,2019-04-02,16:00-17:00,5
自然科学书库,2019-04-02,17:00-18:00,1
自然科学书库,2019-04-02,18:00-19:00,0
自然科学书库,2019-04-02,19:00-20:00,0
自然科学书库,2019-04-02,20:00-21:00,0
自然科学书库,2019-04-02,21:00-22:00,0
自然科学书库,2019-04-02,22:00-23:00,0
自然科学书库,2019-04-03,07:00-08:00,0
自然科学书库,2019-04-03,08:00-09:00,0
自然科学书库,2019-04-03,09:00-10:00,0
自然科学书库,2019-04-03,10:00-11:00,0
自然科学书库,2019-04-03,11:00-12:00,1
自然科学书库,2019-04-03,12:00-13:00,0
自然科学书库,2019-04-03,13:00-14:00,0
自然科学书库,2019-04-03,14:00-15:00,0
自然科学书库,2019-04-03,15:00-16:00,1
自然科学书库,2019-04-03,16:00-17:00,3
自然科学书库,2019-04-03,17:00-18:00,7
自然科学书库,2019-04-03,18:00-19:00,1
自然科学书库,2019-04-03,19:00-20:00,0
自然科学书库,2019-04-03,20:00-21:00,0
自然科学书库,2019-04-03,21:00-22:00,0
自然科学书库,2019-04-03,22:00-23:00,0
自然科学书库,2019-04-04,07:00-08:00,0
自然科学书库,2019-04-04,08:00-09:00,0
自然科学书库,2019-04-04,09:00-10:00,2
自然科学书库,2019-04-04,10:00-11:00,2
自然科学书库,2019-04-04,11:00-12:00,0
自然科学书库,2019-04-04,12:00-13:00,0
自然科学书库,2019-04-04,13:00-14:00,0
自然科学书库,2019-04-04,14:00-15:00,0
自然科学书库,2019-04-04,15:00-16:00,4
自然科学书库,2019-04-04,16:00-17:00,2
自然科学书库,2019-04-04,17:00-18:00,1
自然科学书库,2019-04-04,18:00-19:00,0
自然科学书库,2019-04-04,19:00-20:00,0
自然科学书库,2019-04-04,20:00-21:00,0
自然科学书库,2019-04-04,21:00-22:00,0
自然科学书库,2019-04-04,22:00-23:00,0
自然科学书库,2019-04-05,07:00-08:00,0
自然科学书库,2019-04-05,08:00-09:00,0
自然科学书库,2019-04-05,09:00-10:00,0
自然科学书库,2019-04-05,10:00-11:00,0
自然科学书库,2019-04-05,11:00-12:00,0
自然科学书库,2019-04-05,12:00-13:00,0
自然科学书库,2019-04-05,13:00-14:00,0
自然科学书库,2019-04-05,14:00-15:00,0
自然科学书库,2019-04-05,15:00-16:00,0
自然科学书库,2019-04-05,16:00-17:00,0
自然科学书库,2019-04-05,17:00-18:00,0
自然科学书库,2019-04-05,18:00-19:00,0
自然科学书库,2019-04-05,19:00-20:00,0
自然科学书库,2019-04-05,20:00-21:00,0
自然科学书库,2019-04-05,21:00-22:00,0
自然科学书库,2019-04-05,22:00-23:00,0
自然科学书库,2019-04-06,07:00-08:00,0
自然科学书库,2019-04-06,08:00-09:00,0
自然科学书库,2019-04-06,09:00-10:00,0
自然科学书库,2019-04-06,10:00-11:00,0
自然科学书库,2019-04-06,11:00-12:00,0
自然科学书库,2019-04-06,12:00-13:00,0
自然科学书库,2019-04-06,13:00-14:00,0
自然科学书库,2019-04-06,14:00-15:00,0
自然科学书库,2019-04-06,15:00-16:00,0
自然科学书库,2019-04-06,16:00-17:00,0
自然科学书库,2019-04-06,17:00-18:00,0
自然科学书库,2019-04-06,18:00-19:00,0
自然科学书库,2019-04-06,19:00-20:00,0
自然科学书库,2019-04-06,20:00-21:00,0
自然科学书库,2019-04-06,21:00-22:00,0
自然科学书库,2019-04-06,22:00-23:00,0
自然科学书库,2019-04-07,07:00-08:00,0
自然科学书库,2019-04-07,08:00-09:00,0
自然科学书库,2019-04-07,09:00-10:00,0
自然科学书库,2019-04-07,10:00-11:00,0
自然科学书库,2019-04-07,11:00-12:00,0
自然科学书库,2019-04-07,12:00-13:00,0
自然科学书库,2019-04-07,13:00-14:00,0
自然科学书库,2019-04-07,14:00-15:00,0
自然科学书库,2019-04-07,15:00-16:00,0
自然科学书库,2019-04-07,16:00-17:00,0
自然科学书库,2019-04-07,17:00-18:00,0
自然科学书库,2019-04-07,18:00-19:00,0
自然科学书库,2019-04-07,19:00-20:00,0
自然科学书库,2019-04-07,20:00-21:00,0
自然科学书库,2019-04-07,21:00-22:00,0
自然科学书库,2019-04-07,22:00-23:00,0
自然科学书库,2019-04-08,07:00-08:00,0
自然科学书库,2019-04-08,08:00-09:00,0
自然科学书库,2019-04-08,09:00-10:00,3
自然科学书库,2019-04-08,10:00-11:00,7
自然科学书库,2019-04-08,11:00-12:00,0
自然科学书库,2019-04-08,12:00-13:00,0
自然科学书库,2019-04-08,13:00-14:00,0
自然科学书库,2019-04-08,14:00-15:00,0
自然科学书库,2019-04-08,15:00-16:00,0
自然科学书库,2019-04-08,16:00-17:00,6
自然科学书库,2019-04-08,17:00-18:00,2
自然科学书库,2019-04-08,18:00-19:00,0
自然科学书库,2019-04-08,19:00-20:00,0
自然科学书库,2019-04-08,20:00-21:00,0
自然科学书库,2019-04-08,21:00-22:00,0
自然科学书库,2019-04-08,22:00-23:00,0
自然科学书库,2019-04-09,07:00-08:00,0
自然科学书库,2019-04-09,08:00-09:00,0
自然科学书库,2019-04-09,09:00-10:00,1
自然科学书库,2019-04-09,10:00-11:00,0
自然科学书库,2019-04-09,11:00-12:00,0
自然科学书库,2019-04-09,12:00-13:00,0
自然科学书库,2019-04-09,13:00-14:00,0
自然科学书库,2019-04-09,14:00-15:00,0
自然科学书库,2019-04-09,15:00-16:00,1
自然科学书库,2019-04-09,16:00-17:00,7
自然科学书库,2019-04-09,17:00-18:00,1
自然科学书库,2019-04-09,18:00-19:00,0
自然科学书库,2019-04-09,19:00-20:00,0
自然科学书库,2019-04-09,20:00-21:00,0
自然科学书库,2019-04-09,21:00-22:00,0
自然科学书库,2019-04-09,22:00-23:00,0
自然科学书库,2019-04-10,07:00-08:00,0
自然科学书库,2019-04-10,08:00-09:00,0
自然科学书库,2019-04-10,09:00-10:00,0
自然科学书库,2019-04-10,10:00-11:00,1
自然科学书库,2019-04-10,11:00-12:00,3
自然科学书库,2019-04-10,12:00-13:00,4
自然科学书库,2019-04-10,13:00-14:00,0
自然科学书库,2019-04-10,14:00-15:00,0
自然科学书库,2019-04-10,15:00-16:00,0
自然科学书库,2019-04-10,16:00-17:00,7
自然科学书库,2019-04-10,17:00-18:00,2
自然科学书库,2019-04-10,18:00-19:00,0
自然科学书库,2019-04-10,19:00-20:00,0
自然科学书库,2019-04-10,20:00-21:00,0
自然科学书库,2019-04-10,21:00-22:00,0
自然科学书库,2019-04-10,22:00-23:00,0
自然科学书库,2019-04-11,07:00-08:00,0
自然科学书库,2019-04-11,08:00-09:00,0
自然科学书库,2019-04-11,09:00-10:00,0
自然科学书库,2019-04-11,10:00-11:00,0
自然科学书库,2019-04-11,11:00-12:00,1
自然科学书库,2019-04-11,12:00-13:00,3
自然科学书库,2019-04-11,13:00-14:00,0
自然科学书库,2019-04-11,14:00-15:00,0
自然科学书库,2019-04-11,15:00-16:00,1
自然科学书库,2019-04-11,16:00-17:00,1
自然科学书库,2019-04-11,17:00-18:00,0
自然科学书库,2019-04-11,18:00-19:00,0
自然科学书库,2019-04-11,19:00-20:00,0
自然科学书库,2019-04-11,20:00-21:00,0
自然科学书库,2019-04-11,21:00-22:00,0
自然科学书库,2019-04-11,22:00-23:00,0
自然科学书库,2019-04-12,07:00-08:00,0
自然科学书库,2019-04-12,08:00-09:00,0
自然科学书库,2019-04-12,09:00-10:00,0
自然科学书库,2019-04-12,10:00-11:00,4
自然科学书库,2019-04-12,11:00-12:00,0
自然科学书库,2019-04-12,12:00-13:00,0
自然科学书库,2019-04-12,13:00-14:00,0
自然科学书库,2019-04-12,14:00-15:00,0
自然科学书库,2019-04-12,15:00-16:00,0
自然科学书库,2019-04-12,16:00-17:00,3
自然科学书库,2019-04-12,17:00-18:00,0
自然科学书库,2019-04-12,18:00-19:00,0
自然科学书库,2019-04-12,19:00-20:00,0
自然科学书库,2019-04-12,20:00-21:00,0
自然科学书库,2019-04-12,21:00-22:00,0
自然科学书库,2019-04-12,22:00-23:00,0
自然科学书库,2019-04-13,07:00-08:00,0
自然科学书库,2019-04-13,08:00-09:00,0
自然科学书库,2019-04-13,09:00-10:00,0
自然科学书库,2019-04-13,10:00-11:00,0
自然科学书库,2019-04-13,11:00-12:00,0
自然科学书库,2019-04-13,12:00-13:00,0
自然科学书库,2019-04-13,13:00-14:00,0
自然科学书库,2019-04-13,14:00-15:00,0
自然科学书库,2019-04-13,15:00-16:00,0
自然科学书库,2019-04-13,16:00-17:00,0
自然科学书库,2019-04-13,17:00-18:00,0
自然科学书库,2019-04-13,18:00-19:00,0
自然科学书库,2019-04-13,19:00-20:00,0
自然科学书库,2019-04-13,20:00-21:00,0
自然科学书库,2019-04-13,21:00-22:00,0
自然科学书库,2019-04-13,22:00-23:00,0
自然科学书库,2019-04-14,07:00-08:00,0
自然科学书库,2019-04-14,08:00-09:00,0
自然科学书库,2019-04-14,09:00-10:00,0
自然科学书库,2019-04-14,10:00-11:00,0
自然科学书库,2019-04-14,11:00-12:00,0
自然科学书库,2019-04-14,12:00-13:00,0
自然科学书库,2019-04-14,13:00-14:00,0
自然科学书库,2019-04-14,14:00-15:00,0
自然科学书库,2019-04-14,15:00-16:00,0
自然科学书库,2019-04-14,16:00-17:00,0
自然科学书库,2019-04-14,17:00-18:00,0
自然科学书库,2019-04-14,18:00-19:00,0
自然科学书库,2019-04-14,19:00-20:00,0
自然科学书库,2019-04-14,20:00-21:00,0
自然科学书库,2019-04-14,21:00-22:00,0
自然科学书库,2019-04-14,22:00-23:00,0
自然科学书库,2019-04-15,07:00-08:00,0
自然科学书库,2019-04-15,08:00-09:00,0
自然科学书库,2019-04-15,09:00-10:00,1
自然科学书库,2019-04-15,10:00-11:00,1
自然科学书库,2019-04-15,11:00-12:00,1
自然科学书库,2019-04-15,12:00-13:00,0
自然科学书库,2019-04-15,13:00-14:00,0
自然科学书库,2019-04-15,14:00-15:00,0
自然科学书库,2019-04-15,15:00-16:00,3
自然科学书库,2019-04-15,16:00-17:00,7
自然科学书库,2019-04-15,17:00-18:00,0
自然科学书库,2019-04-15,18:00-19:00,0
自然科学书库,2019-04-15,19:00-20:00,0
自然科学书库,2019-04-15,20:00-21:00,0
自然科学书库,2019-04-15,21:00-22:00,0
自然科学书库,2019-04-15,22:00-23:00,0
自然科学书库,2019-04-16,07:00-08:00,0
自然科学书库,2019-04-16,08:00-09:00,0
自然科学书库,2019-04-16,09:00-10:00,4
自然科学书库,2019-04-16,10:00-11:00,1
自然科学书库,2019-04-16,11:00-12:00,0
自然科学书库,2019-04-16,12:00-13:00,1
自然科学书库,2019-04-16,13:00-14:00,0
自然科学书库,2019-04-16,14:00-15:00,0
自然科学书库,2019-04-16,15:00-16:00,0
自然科学书库,2019-04-16,16:00-17:00,2
自然科学书库,2019-04-16,17:00-18:00,0
自然科学书库,2019-04-16,18:00-19:00,0
自然科学书库,2019-04-16,19:00-20:00,0
自然科学书库,2019-04-16,20:00-21:00,0
自然科学书库,2019-04-16,21:00-22:00,0
自然科学书库,2019-04-16,22:00-23:00,0
自然科学书库,2019-04-17,07:00-08:00,0
自然科学书库,2019-04-17,08:00-09:00,0
自然科学书库,2019-04-17,09:00-10:00,1
自然科学书库,2019-04-17,10:00-11:00,1
自然科学书库,2019-04-17,11:00-12:00,1
自然科学书库,2019-04-17,12:00-13:00,0
自然科学书库,2019-04-17,13:00-14:00,0
自然科学书库,2019-04-17,14:00-15:00,0
自然科学书库,2019-04-17,15:00-16:00,2
自然科学书库,2019-04-17,16:00-17:00,0
自然科学书库,2019-04-17,17:00-18:00,0
自然科学书库,2019-04-17,18:00-19:00,0
自然科学书库,2019-04-17,19:00-20:00,0
自然科学书库,2019-04-17,20:00-21:00,0
自然科学书库,2019-04-17,21:00-22:00,0
自然科学书库,2019-04-17,22:00-23:00,0
自然科学书库,2019-04-18,07:00-08:00,0
自然科学书库,2019-04-18,08:00-09:00,0
自然科学书库,2019-04-18,09:00-10:00,0
自然科学书库,2019-04-18,10:00-11:00,0
自然科学书库,2019-04-18,11:00-12:00,0
自然科学书库,2019-04-18,12:00-13:00,1
自然科学书库,2019-04-18,13:00-14:00,0
自然科学书库,2019-04-18,14:00-15:00,0
自然科学书库,2019-04-18,15:00-16:00,0
自然科学书库,2019-04-18,16:00-17:00,1
自然科学书库,2019-04-18,17:00-18:00,1
自然科学书库,2019-04-18,18:00-19:00,0
自然科学书库,2019-04-18,19:00-20:00,0
自然科学书库,2019-04-18,20:00-21:00,0
自然科学书库,2019-04-18,21:00-22:00,0
自然科学书库,2019-04-18,22:00-23:00,0
自然科学书库,2019-04-19,07:00-08:00,0
自然科学书库,2019-04-19,08:00-09:00,0
自然科学书库,2019-04-19,09:00-10:00,0
自然科学书库,2019-04-19,10:00-11:00,0
自然科学书库,2019-04-19,11:00-12:00,1
自然科学书库,2019-04-19,12:00-13:00,0
自然科学书库,2019-04-19,13:00-14:00,0
自然科学书库,2019-04-19,14:00-15:00,0
自然科学书库,2019-04-19,15:00-16:00,3
自然科学书库,2019-04-19,16:00-17:00,3
自然科学书库,2019-04-19,17:00-18:00,7
自然科学书库,2019-04-19,18:00-19:00,4
自然科学书库,2019-04-19,19:00-20:00,0
自然科学书库,2019-04-19,20:00-21:00,0
自然科学书库,2019-04-19,21:00-22:00,0
自然科学书库,2019-04-19,22:00-23:00,0
自然科学书库,2019-04-20,07:00-08:00,0
自然科学书库,2019-04-20,08:00-09:00,0
自然科学书库,2019-04-20,09:00-10:00,0
自然科学书库,2019-04-20,10:00-11:00,0
自然科学书库,2019-04-20,11:00-12:00,0
自然科学书库,2019-04-20,12:00-13:00,0
自然科学书库,2019-04-20,13:00-14:00,0
自然科学书库,2019-04-20,14:00-15:00,0
自然科学书库,2019-04-20,15:00-16:00,0
自然科学书库,2019-04-20,16:00-17:00,0
自然科学书库,2019-04-20,17:00-18:00,0
自然科学书库,2019-04-20,18:00-19:00,0
自然科学书库,2019-04-20,19:00-20:00,0
自然科学书库,2019-04-20,20:00-21:00,0
自然科学书库,2019-04-20,21:00-22:00,0
自然科学书库,2019-04-20,22:00-23:00,0
自然科学书库,2019-04-21,07:00-08:00,0
自然科学书库,2019-04-21,08:00-09:00,0
自然科学书库,2019-04-21,09:00-10:00,0
自然科学书库,2019-04-21,10:00-11:00,0
自然科学书库,2019-04-21,11:00-12:00,0
自然科学书库,2019-04-21,12:00-13:00,0
自然科学书库,2019-04-21,13:00-14:00,0
自然科学书库,2019-04-21,14:00-15:00,0
自然科学书库,2019-04-21,15:00-16:00,0
自然科学书库,2019-04-21,16:00-17:00,0
自然科学书库,2019-04-21,17:00-18:00,0
自然科学书库,2019-04-21,18:00-19:00,0
自然科学书库,2019-04-21,19:00-20:00,0
自然科学书库,2019-04-21,20:00-21:00,0
自然科学书库,2019-04-21,21:00-22:00,0
自然科学书库,2019-04-21,22:00-23:00,0
自然科学书库,2019-04-22,07:00-08:00,0
自然科学书库,2019-04-22,08:00-09:00,0
自然科学书库,2019-04-22,09:00-10:00,0
自然科学书库,2019-04-22,10:00-11:00,0
自然科学书库,2019-04-22,11:00-12:00,0
自然科学书库,2019-04-22,12:00-13:00,1
自然科学书库,2019-04-22,13:00-14:00,0
自然科学书库,2019-04-22,14:00-15:00,0
自然科学书库,2019-04-22,15:00-16:00,0
自然科学书库,2019-04-22,16:00-17:00,6
自然科学书库,2019-04-22,17:00-18:00,1
自然科学书库,2019-04-22,18:00-19:00,0
自然科学书库,2019-04-22,19:00-20:00,0
自然科学书库,2019-04-22,20:00-21:00,0
自然科学书库,2019-04-22,21:00-22:00,0
自然科学书库,2019-04-22,22:00-23:00,0
自然科学书库,2019-04-23,07:00-08:00,0
自然科学书库,2019-04-23,08:00-09:00,0
自然科学书库,2019-04-23,09:00-10:00,0
自然科学书库,2019-04-23,10:00-11:00,1
自然科学书库,2019-04-23,11:00-12:00,1
自然科学书库,2019-04-23,12:00-13:00,0
自然科学书库,2019-04-23,13:00-14:00,0
自然科学书库,2019-04-23,14:00-15:00,0
自然科学书库,2019-04-23,15:00-16:00,0
自然科学书库,2019-04-23,16:00-17:00,1
自然科学书库,2019-04-23,17:00-18:00,0
自然科学书库,2019-04-23,18:00-19:00,0
自然科学书库,2019-04-23,19:00-20:00,0
自然科学书库,2019-04-23,20:00-21:00,0
自然科学书库,2019-04-23,21:00-22:00,0
自然科学书库,2019-04-23,22:00-23:00,0
自然科学书库,2019-04-24,07:00-08:00,0
自然科学书库,2019-04-24,08:00-09:00,0
自然科学书库,2019-04-24,09:00-10:00,2
自然科学书库,2019-04-24,10:00-11:00,1
自然科学书库,2019-04-24,11:00-12:00,0
自然科学书库,2019-04-24,12:00-13:00,0
自然科学书库,2019-04-24,13:00-14:00,0
自然科学书库,2019-04-24,14:00-15:00,0
自然科学书库,2019-04-24,15:00-16:00,0
自然科学书库,2019-04-24,16:00-17:00,0
自然科学书库,2019-04-24,17:00-18:00,0
自然科学书库,2019-04-24,18:00-19:00,0
自然科学书库,2019-04-24,19:00-20:00,0
自然科学书库,2019-04-24,20:00-21:00,0
自然科学书库,2019-04-24,21:00-22:00,0
自然科学书库,2019-04-24,22:00-23:00,0
自然科学书库,2019-04-25,07:00-08:00,0
自然科学书库,2019-04-25,08:00-09:00,0
自然科学书库,2019-04-25,09:00-10:00,2
自然科学书库,2019-04-25,10:00-11:00,3
自然科学书库,2019-04-25,11:00-12:00,1
自然科学书库,2019-04-25,12:00-13:00,0
自然科学书库,2019-04-25,13:00-14:00,0
自然科学书库,2019-04-25,14:00-15:00,1
自然科学书库,2019-04-25,15:00-16:00,1
自然科学书库,2019-04-25,16:00-17:00,0
自然科学书库,2019-04-25,17:00-18:00,0
自然科学书库,2019-04-25,18:00-19:00,0
自然科学书库,2019-04-25,19:00-20:00,0
自然科学书库,2019-04-25,20:00-21:00,0
自然科学书库,2019-04-25,21:00-22:00,0
自然科学书库,2019-04-25,22:00-23:00,0
自然科学书库,2019-04-26,07:00-08:00,0
自然科学书库,2019-04-26,08:00-09:00,0
自然科学书库,2019-04-26,09:00-10:00,0
自然科学书库,2019-04-26,10:00-11:00,0
自然科学书库,2019-04-26,11:00-12:00,6
自然科学书库,2019-04-26,12:00-13:00,0
自然科学书库,2019-04-26,13:00-14:00,0
自然科学书库,2019-04-26,14:00-15:00,0
自然科学书库,2019-04-26,15:00-16:00,2
自然科学书库,2019-04-26,16:00-17:00,4
自然科学书库,2019-04-26,17:00-18:00,2
自然科学书库,2019-04-26,18:00-19:00,0
自然科学书库,2019-04-26,19:00-20:00,0
自然科学书库,2019-04-26,20:00-21:00,0
自然科学书库,2019-04-26,21:00-22:00,0
自然科学书库,2019-04-26,22:00-23:00,0
自然科学书库,2019-04-27,07:00-08:00,0
自然科学书库,2019-04-27,08:00-09:00,0
自然科学书库,2019-04-27,09:00-10:00,0
自然科学书库,2019-04-27,10:00-11:00,0
自然科学书库,2019-04-27,11:00-12:00,0
自然科学书库,2019-04-27,12:00-13:00,0
自然科学书库,2019-04-27,13:00-14:00,0
自然科学书库,2019-04-27,14:00-15:00,0
自然科学书库,2019-04-27,15:00-16:00,0
自然科学书库,2019-04-27,16:00-17:00,0
自然科学书库,2019-04-27,17:00-18:00,0
自然科学书库,2019-04-27,18:00-19:00,0
自然科学书库,2019-04-27,19:00-20:00,0
自然科学书库,2019-04-27,20:00-21:00,0
自然科学书库,2019-04-27,21:00-22:00,0
自然科学书库,2019-04-27,22:00-23:00,0
自然科学书库,2019-04-28,07:00-08:00,0
自然科学书库,2019-04-28,08:00-09:00,0
自然科学书库,2019-04-28,09:00-10:00,0
自然科学书库,2019-04-28,10:00-11:00,0
自然科学书库,2019-04-28,11:00-12:00,0
自然科学书库,2019-04-28,12:00-13:00,0
自然科学书库,2019-04-28,13:00-14:00,0
自然科学书库,2019-04-28,14:00-15:00,0
自然科学书库,2019-04-28,15:00-16:00,0
自然科学书库,2019-04-28,16:00-17:00,0
自然科学书库,2019-04-28,17:00-18:00,0
自然科学书库,2019-04-28,18:00-19:00,0
自然科学书库,2019-04-28,19:00-20:00,0
自然科学书库,2019-04-28,20:00-21:00,0
自然科学书库,2019-04-28,21:00-22:00,0
自然科学书库,2019-04-28,22:00-23:00,0
自然科学书库,2019-04-29,07:00-08:00,0
自然科学书库,2019-04-29,08:00-09:00,0
自然科学书库,2019-04-29,09:00-10:00,0
自然科学书库,2019-04-29,10:00-11:00,0
自然科学书库,2019-04-29,11:00-12:00,0
自然科学书库,2019-04-29,12:00-13:00,0
自然科学书库,2019-04-29,13:00-14:00,0
自然科学书库,2019-04-29,14:00-15:00,0
自然科学书库,2019-04-29,15:00-16:00,0
自然科学书库,2019-04-29,16:00-17:00,0
自然科学书库,2019-04-29,17:00-18:00,0
自然科学书库,2019-04-29,18:00-19:00,0
自然科学书库,2019-04-29,19:00-20:00,0
自然科学书库,2019-04-29,20:00-21:00,0
自然科学书库,2019-04-29,21:00-22:00,0
自然科学书库,2019-04-29,22:00-23:00,0
自然科学书库,2019-04-30,07:00-08:00,0
自然科学书库,2019-04-30,08:00-09:00,0
自然科学书库,2019-04-30,09:00-10:00,0
自然科学书库,2019-04-30,10:00-11:00,0
自然科学书库,2019-04-30,11:00-12:00,0
自然科学书库,2019-04-30,12:00-13:00,0
自然科学书库,2019-04-30,13:00-14:00,0
自然科学书库,2019-04-30,14:00-15:00,0
自然科学书库,2019-04-30,15:00-16:00,0
自然科学书库,2019-04-30,16:00-17:00,0
自然科学书库,2019-04-30,17:00-18:00,0
自然科学书库,2019-04-30,18:00-19:00,0
自然科学书库,2019-04-30,19:00-20:00,0
自然科学书库,2019-04-30,20:00-21:00,0
自然科学书库,2019-04-30,21:00-22:00,0
自然科学书库,2019-04-30,22:00-23:00,0
青鸾苑宿管办,2019-04-01,07:00-08:00,0
青鸾苑宿管办,2019-04-01,08:00-09:00,0
青鸾苑宿管办,2019-04-01,09:00-10:00,0
青鸾苑宿管办,2019-04-01,10:00-11:00,0
青鸾苑宿管办,2019-04-01,11:00-12:00,0
青鸾苑宿管办,2019-04-01,12:00-13:00,0
青鸾苑宿管办,2019-04-01,13:00-14:00,0
青鸾苑宿管办,2019-04-01,14:00-15:00,0
青鸾苑宿管办,2019-04-01,15:00-16:00,0
青鸾苑宿管办,2019-04-01,16:00-17:00,0
青鸾苑宿管办,2019-04-01,17:00-18:00,0
青鸾苑宿管办,2019-04-01,18:00-19:00,0
青鸾苑宿管办,2019-04-01,19:00-20:00,0
青鸾苑宿管办,2019-04-01,20:00-21:00,0
青鸾苑宿管办,2019-04-01,21:00-22:00,0
青鸾苑宿管办,2019-04-01,22:00-23:00,0
青鸾苑宿管办,2019-04-02,07:00-08:00,0
青鸾苑宿管办,2019-04-02,08:00-09:00,0
青鸾苑宿管办,2019-04-02,09:00-10:00,0
青鸾苑宿管办,2019-04-02,10:00-11:00,0
青鸾苑宿管办,2019-04-02,11:00-12:00,0
青鸾苑宿管办,2019-04-02,12:00-13:00,0
青鸾苑宿管办,2019-04-02,13:00-14:00,0
青鸾苑宿管办,2019-04-02,14:00-15:00,0
青鸾苑宿管办,2019-04-02,15:00-16:00,0
青鸾苑宿管办,2019-04-02,16:00-17:00,0
青鸾苑宿管办,2019-04-02,17:00-18:00,0
青鸾苑宿管办,2019-04-02,18:00-19:00,0
青鸾苑宿管办,2019-04-02,19:00-20:00,0
青鸾苑宿管办,2019-04-02,20:00-21:00,0
青鸾苑宿管办,2019-04-02,21:00-22:00,0
青鸾苑宿管办,2019-04-02,22:00-23:00,0
青鸾苑宿管办,2019-04-03,07:00-08:00,0
青鸾苑宿管办,2019-04-03,08:00-09:00,0
青鸾苑宿管办,2019-04-03,09:00-10:00,0
青鸾苑宿管办,2019-04-03,10:00-11:00,0
青鸾苑宿管办,2019-04-03,11:00-12:00,0
青鸾苑宿管办,2019-04-03,12:00-13:00,0
青鸾苑宿管办,2019-04-03,13:00-14:00,0
青鸾苑宿管办,2019-04-03,14:00-15:00,0
青鸾苑宿管办,2019-04-03,15:00-16:00,0
青鸾苑宿管办,2019-04-03,16:00-17:00,0
青鸾苑宿管办,2019-04-03,17:00-18:00,0
青鸾苑宿管办,2019-04-03,18:00-19:00,0
青鸾苑宿管办,2019-04-03,19:00-20:00,0
青鸾苑宿管办,2019-04-03,20:00-21:00,0
青鸾苑宿管办,2019-04-03,21:00-22:00,0
青鸾苑宿管办,2019-04-03,22:00-23:00,0
青鸾苑宿管办,2019-04-04,07:00-08:00,0
青鸾苑宿管办,2019-04-04,08:00-09:00,0
青鸾苑宿管办,2019-04-04,09:00-10:00,0
青鸾苑宿管办,2019-04-04,10:00-11:00,0
青鸾苑宿管办,2019-04-04,11:00-12:00,0
青鸾苑宿管办,2019-04-04,12:00-13:00,0
青鸾苑宿管办,2019-04-04,13:00-14:00,0
青鸾苑宿管办,2019-04-04,14:00-15:00,0
青鸾苑宿管办,2019-04-04,15:00-16:00,0
青鸾苑宿管办,2019-04-04,16:00-17:00,0
青鸾苑宿管办,2019-04-04,17:00-18:00,0
青鸾苑宿管办,2019-04-04,18:00-19:00,0
青鸾苑宿管办,2019-04-04,19:00-20:00,0
青鸾苑宿管办,2019-04-04,20:00-21:00,0
青鸾苑宿管办,2019-04-04,21:00-22:00,0
青鸾苑宿管办,2019-04-04,22:00-23:00,0
青鸾苑宿管办,2019-04-05,07:00-08:00,0
青鸾苑宿管办,2019-04-05,08:00-09:00,0
青鸾苑宿管办,2019-04-05,09:00-10:00,0
青鸾苑宿管办,2019-04-05,10:00-11:00,0
青鸾苑宿管办,2019-04-05,11:00-12:00,0
青鸾苑宿管办,2019-04-05,12:00-13:00,0
青鸾苑宿管办,2019-04-05,13:00-14:00,0
青鸾苑宿管办,2019-04-05,14:00-15:00,0
青鸾苑宿管办,2019-04-05,15:00-16:00,0
青鸾苑宿管办,2019-04-05,16:00-17:00,0
青鸾苑宿管办,2019-04-05,17:00-18:00,0
青鸾苑宿管办,2019-04-05,18:00-19:00,0
青鸾苑宿管办,2019-04-05,19:00-20:00,0
青鸾苑宿管办,2019-04-05,20:00-21:00,0
青鸾苑宿管办,2019-04-05,21:00-22:00,0
青鸾苑宿管办,2019-04-05,22:00-23:00,0
青鸾苑宿管办,2019-04-06,07:00-08:00,0
青鸾苑宿管办,2019-04-06,08:00-09:00,0
青鸾苑宿管办,2019-04-06,09:00-10:00,0
青鸾苑宿管办,2019-04-06,10:00-11:00,0
青鸾苑宿管办,2019-04-06,11:00-12:00,0
青鸾苑宿管办,2019-04-06,12:00-13:00,0
青鸾苑宿管办,2019-04-06,13:00-14:00,0
青鸾苑宿管办,2019-04-06,14:00-15:00,0
青鸾苑宿管办,2019-04-06,15:00-16:00,0
青鸾苑宿管办,2019-04-06,16:00-17:00,0
青鸾苑宿管办,2019-04-06,17:00-18:00,0
青鸾苑宿管办,2019-04-06,18:00-19:00,0
青鸾苑宿管办,2019-04-06,19:00-20:00,0
青鸾苑宿管办,2019-04-06,20:00-21:00,0
青鸾苑宿管办,2019-04-06,21:00-22:00,0
青鸾苑宿管办,2019-04-06,22:00-23:00,0
青鸾苑宿管办,2019-04-07,07:00-08:00,0
青鸾苑宿管办,2019-04-07,08:00-09:00,0
青鸾苑宿管办,2019-04-07,09:00-10:00,0
青鸾苑宿管办,2019-04-07,10:00-11:00,1
青鸾苑宿管办,2019-04-07,11:00-12:00,0
青鸾苑宿管办,2019-04-07,12:00-13:00,0
青鸾苑宿管办,2019-04-07,13:00-14:00,0
青鸾苑宿管办,2019-04-07,14:00-15:00,0
青鸾苑宿管办,2019-04-07,15:00-16:00,0
青鸾苑宿管办,2019-04-07,16:00-17:00,0
青鸾苑宿管办,2019-04-07,17:00-18:00,0
青鸾苑宿管办,2019-04-07,18:00-19:00,0
青鸾苑宿管办,2019-04-07,19:00-20:00,0
青鸾苑宿管办,2019-04-07,20:00-21:00,0
青鸾苑宿管办,2019-04-07,21:00-22:00,0
青鸾苑宿管办,2019-04-07,22:00-23:00,0
青鸾苑宿管办,2019-04-08,07:00-08:00,0
青鸾苑宿管办,2019-04-08,08:00-09:00,0
青鸾苑宿管办,2019-04-08,09:00-10:00,0
青鸾苑宿管办,2019-04-08,10:00-11:00,0
青鸾苑宿管办,2019-04-08,11:00-12:00,0
青鸾苑宿管办,2019-04-08,12:00-13:00,0
青鸾苑宿管办,2019-04-08,13:00-14:00,0
青鸾苑宿管办,2019-04-08,14:00-15:00,0
青鸾苑宿管办,2019-04-08,15:00-16:00,0
青鸾苑宿管办,2019-04-08,16:00-17:00,0
青鸾苑宿管办,2019-04-08,17:00-18:00,0
青鸾苑宿管办,2019-04-08,18:00-19:00,0
青鸾苑宿管办,2019-04-08,19:00-20:00,0
青鸾苑宿管办,2019-04-08,20:00-21:00,0
青鸾苑宿管办,2019-04-08,21:00-22:00,0
青鸾苑宿管办,2019-04-08,22:00-23:00,0
青鸾苑宿管办,2019-04-09,07:00-08:00,0
青鸾苑宿管办,2019-04-09,08:00-09:00,0
青鸾苑宿管办,2019-04-09,09:00-10:00,0
青鸾苑宿管办,2019-04-09,10:00-11:00,0
青鸾苑宿管办,2019-04-09,11:00-12:00,0
青鸾苑宿管办,2019-04-09,12:00-13:00,0
青鸾苑宿管办,2019-04-09,13:00-14:00,0
青鸾苑宿管办,2019-04-09,14:00-15:00,0
青鸾苑宿管办,2019-04-09,15:00-16:00,0
青鸾苑宿管办,2019-04-09,16:00-17:00,0
青鸾苑宿管办,2019-04-09,17:00-18:00,0
青鸾苑宿管办,2019-04-09,18:00-19:00,0
青鸾苑宿管办,2019-04-09,19:00-20:00,0
青鸾苑宿管办,2019-04-09,20:00-21:00,0
青鸾苑宿管办,2019-04-09,21:00-22:00,0
青鸾苑宿管办,2019-04-09,22:00-23:00,0
青鸾苑宿管办,2019-04-10,07:00-08:00,0
青鸾苑宿管办,2019-04-10,08:00-09:00,0
青鸾苑宿管办,2019-04-10,09:00-10:00,0
青鸾苑宿管办,2019-04-10,10:00-11:00,0
青鸾苑宿管办,2019-04-10,11:00-12:00,0
青鸾苑宿管办,2019-04-10,12:00-13:00,0
青鸾苑宿管办,2019-04-10,13:00-14:00,0
青鸾苑宿管办,2019-04-10,14:00-15:00,0
青鸾苑宿管办,2019-04-10,15:00-16:00,0
青鸾苑宿管办,2019-04-10,16:00-17:00,0
青鸾苑宿管办,2019-04-10,17:00-18:00,0
青鸾苑宿管办,2019-04-10,18:00-19:00,0
青鸾苑宿管办,2019-04-10,19:00-20:00,0
青鸾苑宿管办,2019-04-10,20:00-21:00,0
青鸾苑宿管办,2019-04-10,21:00-22:00,0
青鸾苑宿管办,2019-04-10,22:00-23:00,0
青鸾苑宿管办,2019-04-11,07:00-08:00,0
青鸾苑宿管办,2019-04-11,08:00-09:00,0
青鸾苑宿管办,2019-04-11,09:00-10:00,0
青鸾苑宿管办,2019-04-11,10:00-11:00,0
青鸾苑宿管办,2019-04-11,11:00-12:00,0
青鸾苑宿管办,2019-04-11,12:00-13:00,0
青鸾苑宿管办,2019-04-11,13:00-14:00,0
青鸾苑宿管办,2019-04-11,14:00-15:00,0
青鸾苑宿管办,2019-04-11,15:00-16:00,0
青鸾苑宿管办,2019-04-11,16:00-17:00,0
青鸾苑宿管办,2019-04-11,17:00-18:00,0
青鸾苑宿管办,2019-04-11,18:00-19:00,0
青鸾苑宿管办,2019-04-11,19:00-20:00,0
青鸾苑宿管办,2019-04-11,20:00-21:00,0
青鸾苑宿管办,2019-04-11,21:00-22:00,0
青鸾苑宿管办,2019-04-11,22:00-23:00,0
青鸾苑宿管办,2019-04-12,07:00-08:00,0
青鸾苑宿管办,2019-04-12,08:00-09:00,0
青鸾苑宿管办,2019-04-12,09:00-10:00,0
青鸾苑宿管办,2019-04-12,10:00-11:00,0
青鸾苑宿管办,2019-04-12,11:00-12:00,0
青鸾苑宿管办,2019-04-12,12:00-13:00,0
青鸾苑宿管办,2019-04-12,13:00-14:00,0
青鸾苑宿管办,2019-04-12,14:00-15:00,0
青鸾苑宿管办,2019-04-12,15:00-16:00,0
青鸾苑宿管办,2019-04-12,16:00-17:00,0
青鸾苑宿管办,2019-04-12,17:00-18:00,0
青鸾苑宿管办,2019-04-12,18:00-19:00,0
青鸾苑宿管办,2019-04-12,19:00-20:00,0
青鸾苑宿管办,2019-04-12,20:00-21:00,0
青鸾苑宿管办,2019-04-12,21:00-22:00,0
青鸾苑宿管办,2019-04-12,22:00-23:00,0
青鸾苑宿管办,2019-04-13,07:00-08:00,0
青鸾苑宿管办,2019-04-13,08:00-09:00,0
青鸾苑宿管办,2019-04-13,09:00-10:00,0
青鸾苑宿管办,2019-04-13,10:00-11:00,0
青鸾苑宿管办,2019-04-13,11:00-12:00,0
青鸾苑宿管办,2019-04-13,12:00-13:00,0
青鸾苑宿管办,2019-04-13,13:00-14:00,0
青鸾苑宿管办,2019-04-13,14:00-15:00,0
青鸾苑宿管办,2019-04-13,15:00-16:00,0
青鸾苑宿管办,2019-04-13,16:00-17:00,0
青鸾苑宿管办,2019-04-13,17:00-18:00,0
青鸾苑宿管办,2019-04-13,18:00-19:00,0
青鸾苑宿管办,2019-04-13,19:00-20:00,0
青鸾苑宿管办,2019-04-13,20:00-21:00,0
青鸾苑宿管办,2019-04-13,21:00-22:00,0
青鸾苑宿管办,2019-04-13,22:00-23:00,0
青鸾苑宿管办,2019-04-14,07:00-08:00,1
青鸾苑宿管办,2019-04-14,08:00-09:00,0
青鸾苑宿管办,2019-04-14,09:00-10:00,0
青鸾苑宿管办,2019-04-14,10:00-11:00,0
青鸾苑宿管办,2019-04-14,11:00-12:00,0
青鸾苑宿管办,2019-04-14,12:00-13:00,0
青鸾苑宿管办,2019-04-14,13:00-14:00,0
青鸾苑宿管办,2019-04-14,14:00-15:00,0
青鸾苑宿管办,2019-04-14,15:00-16:00,0
青鸾苑宿管办,2019-04-14,16:00-17:00,0
青鸾苑宿管办,2019-04-14,17:00-18:00,0
青鸾苑宿管办,2019-04-14,18:00-19:00,0
青鸾苑宿管办,2019-04-14,19:00-20:00,0
青鸾苑宿管办,2019-04-14,20:00-21:00,0
青鸾苑宿管办,2019-04-14,21:00-22:00,0
青鸾苑宿管办,2019-04-14,22:00-23:00,0
青鸾苑宿管办,2019-04-15,07:00-08:00,0
青鸾苑宿管办,2019-04-15,08:00-09:00,0
青鸾苑宿管办,2019-04-15,09:00-10:00,0
青鸾苑宿管办,2019-04-15,10:00-11:00,0
青鸾苑宿管办,2019-04-15,11:00-12:00,0
青鸾苑宿管办,2019-04-15,12:00-13:00,0
青鸾苑宿管办,2019-04-15,13:00-14:00,0
青鸾苑宿管办,2019-04-15,14:00-15:00,0
青鸾苑宿管办,2019-04-15,15:00-16:00,0
青鸾苑宿管办,2019-04-15,16:00-17:00,0
青鸾苑宿管办,2019-04-15,17:00-18:00,0
青鸾苑宿管办,2019-04-15,18:00-19:00,0
青鸾苑宿管办,2019-04-15,19:00-20:00,0
青鸾苑宿管办,2019-04-15,20:00-21:00,0
青鸾苑宿管办,2019-04-15,21:00-22:00,0
青鸾苑宿管办,2019-04-15,22:00-23:00,0
青鸾苑宿管办,2019-04-16,07:00-08:00,0
青鸾苑宿管办,2019-04-16,08:00-09:00,0
青鸾苑宿管办,2019-04-16,09:00-10:00,0
青鸾苑宿管办,2019-04-16,10:00-11:00,0
青鸾苑宿管办,2019-04-16,11:00-12:00,0
青鸾苑宿管办,2019-04-16,12:00-13:00,0
青鸾苑宿管办,2019-04-16,13:00-14:00,0
青鸾苑宿管办,2019-04-16,14:00-15:00,0
青鸾苑宿管办,2019-04-16,15:00-16:00,0
青鸾苑宿管办,2019-04-16,16:00-17:00,0
青鸾苑宿管办,2019-04-16,17:00-18:00,0
青鸾苑宿管办,2019-04-16,18:00-19:00,0
青鸾苑宿管办,2019-04-16,19:00-20:00,0
青鸾苑宿管办,2019-04-16,20:00-21:00,0
青鸾苑宿管办,2019-04-16,21:00-22:00,0
青鸾苑宿管办,2019-04-16,22:00-23:00,0
青鸾苑宿管办,2019-04-17,07:00-08:00,0
青鸾苑宿管办,2019-04-17,08:00-09:00,0
青鸾苑宿管办,2019-04-17,09:00-10:00,0
青鸾苑宿管办,2019-04-17,10:00-11:00,0
青鸾苑宿管办,2019-04-17,11:00-12:00,0
青鸾苑宿管办,2019-04-17,12:00-13:00,0
青鸾苑宿管办,2019-04-17,13:00-14:00,0
青鸾苑宿管办,2019-04-17,14:00-15:00,0
青鸾苑宿管办,2019-04-17,15:00-16:00,0
青鸾苑宿管办,2019-04-17,16:00-17:00,0
青鸾苑宿管办,2019-04-17,17:00-18:00,0
青鸾苑宿管办,2019-04-17,18:00-19:00,0
青鸾苑宿管办,2019-04-17,19:00-20:00,0
青鸾苑宿管办,2019-04-17,20:00-21:00,0
青鸾苑宿管办,2019-04-17,21:00-22:00,0
青鸾苑宿管办,2019-04-17,22:00-23:00,0
青鸾苑宿管办,2019-04-18,07:00-08:00,1
青鸾苑宿管办,2019-04-18,08:00-09:00,0
青鸾苑宿管办,2019-04-18,09:00-10:00,0
青鸾苑宿管办,2019-04-18,10:00-11:00,0
青鸾苑宿管办,2019-04-18,11:00-12:00,0
青鸾苑宿管办,2019-04-18,12:00-13:00,0
青鸾苑宿管办,2019-04-18,13:00-14:00,0
青鸾苑宿管办,2019-04-18,14:00-15:00,0
青鸾苑宿管办,2019-04-18,15:00-16:00,0
青鸾苑宿管办,2019-04-18,16:00-17:00,0
青鸾苑宿管办,2019-04-18,17:00-18:00,0
青鸾苑宿管办,2019-04-18,18:00-19:00,0
青鸾苑宿管办,2019-04-18,19:00-20:00,0
青鸾苑宿管办,2019-04-18,20:00-21:00,0
青鸾苑宿管办,2019-04-18,21:00-22:00,0
青鸾苑宿管办,2019-04-18,22:00-23:00,0
青鸾苑宿管办,2019-04-19,07:00-08:00,0
青鸾苑宿管办,2019-04-19,08:00-09:00,0
青鸾苑宿管办,2019-04-19,09:00-10:00,0
青鸾苑宿管办,2019-04-19,10:00-11:00,0
青鸾苑宿管办,2019-04-19,11:00-12:00,0
青鸾苑宿管办,2019-04-19,12:00-13:00,0
青鸾苑宿管办,2019-04-19,13:00-14:00,0
青鸾苑宿管办,2019-04-19,14:00-15:00,0
青鸾苑宿管办,2019-04-19,15:00-16:00,0
青鸾苑宿管办,2019-04-19,16:00-17:00,0
青鸾苑宿管办,2019-04-19,17:00-18:00,0
青鸾苑宿管办,2019-04-19,18:00-19:00,0
青鸾苑宿管办,2019-04-19,19:00-20:00,0
青鸾苑宿管办,2019-04-19,20:00-21:00,0
青鸾苑宿管办,2019-04-19,21:00-22:00,0
青鸾苑宿管办,2019-04-19,22:00-23:00,0
青鸾苑宿管办,2019-04-20,07:00-08:00,0
青鸾苑宿管办,2019-04-20,08:00-09:00,0
青鸾苑宿管办,2019-04-20,09:00-10:00,0
青鸾苑宿管办,2019-04-20,10:00-11:00,0
青鸾苑宿管办,2019-04-20,11:00-12:00,0
青鸾苑宿管办,2019-04-20,12:00-13:00,0
青鸾苑宿管办,2019-04-20,13:00-14:00,0
青鸾苑宿管办,2019-04-20,14:00-15:00,0
青鸾苑宿管办,2019-04-20,15:00-16:00,0
青鸾苑宿管办,2019-04-20,16:00-17:00,0
青鸾苑宿管办,2019-04-20,17:00-18:00,0
青鸾苑宿管办,2019-04-20,18:00-19:00,0
青鸾苑宿管办,2019-04-20,19:00-20:00,0
青鸾苑宿管办,2019-04-20,20:00-21:00,0
青鸾苑宿管办,2019-04-20,21:00-22:00,0
青鸾苑宿管办,2019-04-20,22:00-23:00,0
青鸾苑宿管办,2019-04-21,07:00-08:00,0
青鸾苑宿管办,2019-04-21,08:00-09:00,0
青鸾苑宿管办,2019-04-21,09:00-10:00,0
青鸾苑宿管办,2019-04-21,10:00-11:00,0
青鸾苑宿管办,2019-04-21,11:00-12:00,0
青鸾苑宿管办,2019-04-21,12:00-13:00,0
青鸾苑宿管办,2019-04-21,13:00-14:00,0
青鸾苑宿管办,2019-04-21,14:00-15:00,0
青鸾苑宿管办,2019-04-21,15:00-16:00,0
青鸾苑宿管办,2019-04-21,16:00-17:00,0
青鸾苑宿管办,2019-04-21,17:00-18:00,0
青鸾苑宿管办,2019-04-21,18:00-19:00,0
青鸾苑宿管办,2019-04-21,19:00-20:00,0
青鸾苑宿管办,2019-04-21,20:00-21:00,0
青鸾苑宿管办,2019-04-21,21:00-22:00,0
青鸾苑宿管办,2019-04-21,22:00-23:00,0
青鸾苑宿管办,2019-04-22,07:00-08:00,0
青鸾苑宿管办,2019-04-22,08:00-09:00,0
青鸾苑宿管办,2019-04-22,09:00-10:00,0
青鸾苑宿管办,2019-04-22,10:00-11:00,0
青鸾苑宿管办,2019-04-22,11:00-12:00,0
青鸾苑宿管办,2019-04-22,12:00-13:00,0
青鸾苑宿管办,2019-04-22,13:00-14:00,0
青鸾苑宿管办,2019-04-22,14:00-15:00,0
青鸾苑宿管办,2019-04-22,15:00-16:00,0
青鸾苑宿管办,2019-04-22,16:00-17:00,0
青鸾苑宿管办,2019-04-22,17:00-18:00,0
青鸾苑宿管办,2019-04-22,18:00-19:00,0
青鸾苑宿管办,2019-04-22,19:00-20:00,0
青鸾苑宿管办,2019-04-22,20:00-21:00,0
青鸾苑宿管办,2019-04-22,21:00-22:00,0
青鸾苑宿管办,2019-04-22,22:00-23:00,0
青鸾苑宿管办,2019-04-23,07:00-08:00,0
青鸾苑宿管办,2019-04-23,08:00-09:00,0
青鸾苑宿管办,2019-04-23,09:00-10:00,0
青鸾苑宿管办,2019-04-23,10:00-11:00,0
青鸾苑宿管办,2019-04-23,11:00-12:00,0
青鸾苑宿管办,2019-04-23,12:00-13:00,0
青鸾苑宿管办,2019-04-23,13:00-14:00,0
青鸾苑宿管办,2019-04-23,14:00-15:00,0
青鸾苑宿管办,2019-04-23,15:00-16:00,0
青鸾苑宿管办,2019-04-23,16:00-17:00,0
青鸾苑宿管办,2019-04-23,17:00-18:00,0
青鸾苑宿管办,2019-04-23,18:00-19:00,0
青鸾苑宿管办,2019-04-23,19:00-20:00,0
青鸾苑宿管办,2019-04-23,20:00-21:00,0
青鸾苑宿管办,2019-04-23,21:00-22:00,0
青鸾苑宿管办,2019-04-23,22:00-23:00,0
青鸾苑宿管办,2019-04-24,07:00-08:00,0
青鸾苑宿管办,2019-04-24,08:00-09:00,0
青鸾苑宿管办,2019-04-24,09:00-10:00,0
青鸾苑宿管办,2019-04-24,10:00-11:00,0
青鸾苑宿管办,2019-04-24,11:00-12:00,0
青鸾苑宿管办,2019-04-24,12:00-13:00,0
青鸾苑宿管办,2019-04-24,13:00-14:00,0
青鸾苑宿管办,2019-04-24,14:00-15:00,0
青鸾苑宿管办,2019-04-24,15:00-16:00,0
青鸾苑宿管办,2019-04-24,16:00-17:00,0
青鸾苑宿管办,2019-04-24,17:00-18:00,0
青鸾苑宿管办,2019-04-24,18:00-19:00,0
青鸾苑宿管办,2019-04-24,19:00-20:00,0
青鸾苑宿管办,2019-04-24,20:00-21:00,0
青鸾苑宿管办,2019-04-24,21:00-22:00,0
青鸾苑宿管办,2019-04-24,22:00-23:00,0
青鸾苑宿管办,2019-04-25,07:00-08:00,0
青鸾苑宿管办,2019-04-25,08:00-09:00,0
青鸾苑宿管办,2019-04-25,09:00-10:00,0
青鸾苑宿管办,2019-04-25,10:00-11:00,0
青鸾苑宿管办,2019-04-25,11:00-12:00,0
青鸾苑宿管办,2019-04-25,12:00-13:00,0
青鸾苑宿管办,2019-04-25,13:00-14:00,0
青鸾苑宿管办,2019-04-25,14:00-15:00,0
青鸾苑宿管办,2019-04-25,15:00-16:00,0
青鸾苑宿管办,2019-04-25,16:00-17:00,0
青鸾苑宿管办,2019-04-25,17:00-18:00,0
青鸾苑宿管办,2019-04-25,18:00-19:00,0
青鸾苑宿管办,2019-04-25,19:00-20:00,0
青鸾苑宿管办,2019-04-25,20:00-21:00,0
青鸾苑宿管办,2019-04-25,21:00-22:00,0
青鸾苑宿管办,2019-04-25,22:00-23:00,0
青鸾苑宿管办,2019-04-26,07:00-08:00,0
青鸾苑宿管办,2019-04-26,08:00-09:00,0
青鸾苑宿管办,2019-04-26,09:00-10:00,0
青鸾苑宿管办,2019-04-26,10:00-11:00,0
青鸾苑宿管办,2019-04-26,11:00-12:00,0
青鸾苑宿管办,2019-04-26,12:00-13:00,0
青鸾苑宿管办,2019-04-26,13:00-14:00,0
青鸾苑宿管办,2019-04-26,14:00-15:00,0
青鸾苑宿管办,2019-04-26,15:00-16:00,0
青鸾苑宿管办,2019-04-26,16:00-17:00,0
青鸾苑宿管办,2019-04-26,17:00-18:00,0
青鸾苑宿管办,2019-04-26,18:00-19:00,0
青鸾苑宿管办,2019-04-26,19:00-20:00,0
青鸾苑宿管办,2019-04-26,20:00-21:00,0
青鸾苑宿管办,2019-04-26,21:00-22:00,0
青鸾苑宿管办,2019-04-26,22:00-23:00,0
青鸾苑宿管办,2019-04-27,07:00-08:00,0
青鸾苑宿管办,2019-04-27,08:00-09:00,0
青鸾苑宿管办,2019-04-27,09:00-10:00,0
青鸾苑宿管办,2019-04-27,10:00-11:00,0
青鸾苑宿管办,2019-04-27,11:00-12:00,0
青鸾苑宿管办,2019-04-27,12:00-13:00,0
青鸾苑宿管办,2019-04-27,13:00-14:00,0
青鸾苑宿管办,2019-04-27,14:00-15:00,0
青鸾苑宿管办,2019-04-27,15:00-16:00,0
青鸾苑宿管办,2019-04-27,16:00-17:00,0
青鸾苑宿管办,2019-04-27,17:00-18:00,0
青鸾苑宿管办,2019-04-27,18:00-19:00,0
青鸾苑宿管办,2019-04-27,19:00-20:00,0
青鸾苑宿管办,2019-04-27,20:00-21:00,0
青鸾苑宿管办,2019-04-27,21:00-22:00,0
青鸾苑宿管办,2019-04-27,22:00-23:00,0
青鸾苑宿管办,2019-04-28,07:00-08:00,0
青鸾苑宿管办,2019-04-28,08:00-09:00,0
青鸾苑宿管办,2019-04-28,09:00-10:00,0
青鸾苑宿管办,2019-04-28,10:00-11:00,0
青鸾苑宿管办,2019-04-28,11:00-12:00,0
青鸾苑宿管办,2019-04-28,12:00-13:00,0
青鸾苑宿管办,2019-04-28,13:00-14:00,0
青鸾苑宿管办,2019-04-28,14:00-15:00,0
青鸾苑宿管办,2019-04-28,15:00-16:00,0
青鸾苑宿管办,2019-04-28,16:00-17:00,0
青鸾苑宿管办,2019-04-28,17:00-18:00,0
青鸾苑宿管办,2019-04-28,18:00-19:00,0
青鸾苑宿管办,2019-04-28,19:00-20:00,0
青鸾苑宿管办,2019-04-28,20:00-21:00,0
青鸾苑宿管办,2019-04-28,21:00-22:00,0
青鸾苑宿管办,2019-04-28,22:00-23:00,0
青鸾苑宿管办,2019-04-29,07:00-08:00,0
青鸾苑宿管办,2019-04-29,08:00-09:00,0
青鸾苑宿管办,2019-04-29,09:00-10:00,0
青鸾苑宿管办,2019-04-29,10:00-11:00,0
青鸾苑宿管办,2019-04-29,11:00-12:00,0
青鸾苑宿管办,2019-04-29,12:00-13:00,0
青鸾苑宿管办,2019-04-29,13:00-14:00,0
青鸾苑宿管办,2019-04-29,14:00-15:00,0
青鸾苑宿管办,2019-04-29,15:00-16:00,0
青鸾苑宿管办,2019-04-29,16:00-17:00,0
青鸾苑宿管办,2019-04-29,17:00-18:00,0
青鸾苑宿管办,2019-04-29,18:00-19:00,0
青鸾苑宿管办,2019-04-29,19:00-20:00,0
青鸾苑宿管办,2019-04-29,20:00-21:00,0
青鸾苑宿管办,2019-04-29,21:00-22:00,0
青鸾苑宿管办,2019-04-29,22:00-23:00,0
青鸾苑宿管办,2019-04-30,07:00-08:00,0
青鸾苑宿管办,2019-04-30,08:00-09:00,0
青鸾苑宿管办,2019-04-30,09:00-10:00,0
青鸾苑宿管办,2019-04-30,10:00-11:00,0
青鸾苑宿管办,2019-04-30,11:00-12:00,0
青鸾苑宿管办,2019-04-30,12:00-13:00,0
青鸾苑宿管办,2019-04-30,13:00-14:00,1
青鸾苑宿管办,2019-04-30,14:00-15:00,0
青鸾苑宿管办,2019-04-30,15:00-16:00,0
青鸾苑宿管办,2019-04-30,16:00-17:00,0
青鸾苑宿管办,2019-04-30,17:00-18:00,0
青鸾苑宿管办,2019-04-30,18:00-19:00,0
青鸾苑宿管办,2019-04-30,19:00-20:00,0
青鸾苑宿管办,2019-04-30,20:00-21:00,0
青鸾苑宿管办,2019-04-30,21:00-22:00,0
青鸾苑宿管办,2019-04-30,22:00-23:00,0
飞凤轩宿管办,2019-04-01,07:00-08:00,0
飞凤轩宿管办,2019-04-01,08:00-09:00,0
飞凤轩宿管办,2019-04-01,09:00-10:00,0
飞凤轩宿管办,2019-04-01,10:00-11:00,0
飞凤轩宿管办,2019-04-01,11:00-12:00,0
飞凤轩宿管办,2019-04-01,12:00-13:00,0
飞凤轩宿管办,2019-04-01,13:00-14:00,0
飞凤轩宿管办,2019-04-01,14:00-15:00,0
飞凤轩宿管办,2019-04-01,15:00-16:00,0
飞凤轩宿管办,2019-04-01,16:00-17:00,0
飞凤轩宿管办,2019-04-01,17:00-18:00,0
飞凤轩宿管办,2019-04-01,18:00-19:00,0
飞凤轩宿管办,2019-04-01,19:00-20:00,0
飞凤轩宿管办,2019-04-01,20:00-21:00,0
飞凤轩宿管办,2019-04-01,21:00-22:00,0
飞凤轩宿管办,2019-04-01,22:00-23:00,0
飞凤轩宿管办,2019-04-02,07:00-08:00,0
飞凤轩宿管办,2019-04-02,08:00-09:00,0
飞凤轩宿管办,2019-04-02,09:00-10:00,0
飞凤轩宿管办,2019-04-02,10:00-11:00,0
飞凤轩宿管办,2019-04-02,11:00-12:00,0
飞凤轩宿管办,2019-04-02,12:00-13:00,0
飞凤轩宿管办,2019-04-02,13:00-14:00,0
飞凤轩宿管办,2019-04-02,14:00-15:00,0
飞凤轩宿管办,2019-04-02,15:00-16:00,0
飞凤轩宿管办,2019-04-02,16:00-17:00,0
飞凤轩宿管办,2019-04-02,17:00-18:00,0
飞凤轩宿管办,2019-04-02,18:00-19:00,0
飞凤轩宿管办,2019-04-02,19:00-20:00,0
飞凤轩宿管办,2019-04-02,20:00-21:00,0
飞凤轩宿管办,2019-04-02,21:00-22:00,0
飞凤轩宿管办,2019-04-02,22:00-23:00,0
飞凤轩宿管办,2019-04-03,07:00-08:00,0
飞凤轩宿管办,2019-04-03,08:00-09:00,0
飞凤轩宿管办,2019-04-03,09:00-10:00,0
飞凤轩宿管办,2019-04-03,10:00-11:00,0
飞凤轩宿管办,2019-04-03,11:00-12:00,0
飞凤轩宿管办,2019-04-03,12:00-13:00,0
飞凤轩宿管办,2019-04-03,13:00-14:00,0
飞凤轩宿管办,2019-04-03,14:00-15:00,0
飞凤轩宿管办,2019-04-03,15:00-16:00,0
飞凤轩宿管办,2019-04-03,16:00-17:00,0
飞凤轩宿管办,2019-04-03,17:00-18:00,0
飞凤轩宿管办,2019-04-03,18:00-19:00,0
飞凤轩宿管办,2019-04-03,19:00-20:00,0
飞凤轩宿管办,2019-04-03,20:00-21:00,0
飞凤轩宿管办,2019-04-03,21:00-22:00,0
飞凤轩宿管办,2019-04-03,22:00-23:00,0
飞凤轩宿管办,2019-04-04,07:00-08:00,0
飞凤轩宿管办,2019-04-04,08:00-09:00,0
飞凤轩宿管办,2019-04-04,09:00-10:00,0
飞凤轩宿管办,2019-04-04,10:00-11:00,0
飞凤轩宿管办,2019-04-04,11:00-12:00,0
飞凤轩宿管办,2019-04-04,12:00-13:00,0
飞凤轩宿管办,2019-04-04,13:00-14:00,0
飞凤轩宿管办,2019-04-04,14:00-15:00,0
飞凤轩宿管办,2019-04-04,15:00-16:00,0
飞凤轩宿管办,2019-04-04,16:00-17:00,0
飞凤轩宿管办,2019-04-04,17:00-18:00,0
飞凤轩宿管办,2019-04-04,18:00-19:00,0
飞凤轩宿管办,2019-04-04,19:00-20:00,0
飞凤轩宿管办,2019-04-04,20:00-21:00,0
飞凤轩宿管办,2019-04-04,21:00-22:00,0
飞凤轩宿管办,2019-04-04,22:00-23:00,0
飞凤轩宿管办,2019-04-05,07:00-08:00,0
飞凤轩宿管办,2019-04-05,08:00-09:00,0
飞凤轩宿管办,2019-04-05,09:00-10:00,0
飞凤轩宿管办,2019-04-05,10:00-11:00,0
飞凤轩宿管办,2019-04-05,11:00-12:00,0
飞凤轩宿管办,2019-04-05,12:00-13:00,0
飞凤轩宿管办,2019-04-05,13:00-14:00,0
飞凤轩宿管办,2019-04-05,14:00-15:00,0
飞凤轩宿管办,2019-04-05,15:00-16:00,0
飞凤轩宿管办,2019-04-05,16:00-17:00,0
飞凤轩宿管办,2019-04-05,17:00-18:00,0
飞凤轩宿管办,2019-04-05,18:00-19:00,0
飞凤轩宿管办,2019-04-05,19:00-20:00,0
飞凤轩宿管办,2019-04-05,20:00-21:00,0
飞凤轩宿管办,2019-04-05,21:00-22:00,0
飞凤轩宿管办,2019-04-05,22:00-23:00,0
飞凤轩宿管办,2019-04-06,07:00-08:00,0
飞凤轩宿管办,2019-04-06,08:00-09:00,0
飞凤轩宿管办,2019-04-06,09:00-10:00,0
飞凤轩宿管办,2019-04-06,10:00-11:00,0
飞凤轩宿管办,2019-04-06,11:00-12:00,0
飞凤轩宿管办,2019-04-06,12:00-13:00,0
飞凤轩宿管办,2019-04-06,13:00-14:00,0
飞凤轩宿管办,2019-04-06,14:00-15:00,0
飞凤轩宿管办,2019-04-06,15:00-16:00,0
飞凤轩宿管办,2019-04-06,16:00-17:00,0
飞凤轩宿管办,2019-04-06,17:00-18:00,0
飞凤轩宿管办,2019-04-06,18:00-19:00,0
飞凤轩宿管办,2019-04-06,19:00-20:00,0
飞凤轩宿管办,2019-04-06,20:00-21:00,0
飞凤轩宿管办,2019-04-06,21:00-22:00,0
飞凤轩宿管办,2019-04-06,22:00-23:00,0
飞凤轩宿管办,2019-04-07,07:00-08:00,0
飞凤轩宿管办,2019-04-07,08:00-09:00,0
飞凤轩宿管办,2019-04-07,09:00-10:00,0
飞凤轩宿管办,2019-04-07,10:00-11:00,0
飞凤轩宿管办,2019-04-07,11:00-12:00,0
飞凤轩宿管办,2019-04-07,12:00-13:00,0
飞凤轩宿管办,2019-04-07,13:00-14:00,0
飞凤轩宿管办,2019-04-07,14:00-15:00,0
飞凤轩宿管办,2019-04-07,15:00-16:00,0
飞凤轩宿管办,2019-04-07,16:00-17:00,0
飞凤轩宿管办,2019-04-07,17:00-18:00,0
飞凤轩宿管办,2019-04-07,18:00-19:00,0
飞凤轩宿管办,2019-04-07,19:00-20:00,0
飞凤轩宿管办,2019-04-07,20:00-21:00,0
飞凤轩宿管办,2019-04-07,21:00-22:00,0
飞凤轩宿管办,2019-04-07,22:00-23:00,0
飞凤轩宿管办,2019-04-08,07:00-08:00,0
飞凤轩宿管办,2019-04-08,08:00-09:00,0
飞凤轩宿管办,2019-04-08,09:00-10:00,0
飞凤轩宿管办,2019-04-08,10:00-11:00,0
飞凤轩宿管办,2019-04-08,11:00-12:00,0
飞凤轩宿管办,2019-04-08,12:00-13:00,0
飞凤轩宿管办,2019-04-08,13:00-14:00,0
飞凤轩宿管办,2019-04-08,14:00-15:00,0
飞凤轩宿管办,2019-04-08,15:00-16:00,0
飞凤轩宿管办,2019-04-08,16:00-17:00,0
飞凤轩宿管办,2019-04-08,17:00-18:00,0
飞凤轩宿管办,2019-04-08,18:00-19:00,0
飞凤轩宿管办,2019-04-08,19:00-20:00,0
飞凤轩宿管办,2019-04-08,20:00-21:00,0
飞凤轩宿管办,2019-04-08,21:00-22:00,0
飞凤轩宿管办,2019-04-08,22:00-23:00,0
飞凤轩宿管办,2019-04-09,07:00-08:00,0
飞凤轩宿管办,2019-04-09,08:00-09:00,0
飞凤轩宿管办,2019-04-09,09:00-10:00,0
飞凤轩宿管办,2019-04-09,10:00-11:00,0
飞凤轩宿管办,2019-04-09,11:00-12:00,0
飞凤轩宿管办,2019-04-09,12:00-13:00,0
飞凤轩宿管办,2019-04-09,13:00-14:00,0
飞凤轩宿管办,2019-04-09,14:00-15:00,0
飞凤轩宿管办,2019-04-09,15:00-16:00,0
飞凤轩宿管办,2019-04-09,16:00-17:00,0
飞凤轩宿管办,2019-04-09,17:00-18:00,0
飞凤轩宿管办,2019-04-09,18:00-19:00,0
飞凤轩宿管办,2019-04-09,19:00-20:00,0
飞凤轩宿管办,2019-04-09,20:00-21:00,0
飞凤轩宿管办,2019-04-09,21:00-22:00,0
飞凤轩宿管办,2019-04-09,22:00-23:00,0
飞凤轩宿管办,2019-04-10,07:00-08:00,0
飞凤轩宿管办,2019-04-10,08:00-09:00,0
飞凤轩宿管办,2019-04-10,09:00-10:00,0
飞凤轩宿管办,2019-04-10,10:00-11:00,0
飞凤轩宿管办,2019-04-10,11:00-12:00,0
飞凤轩宿管办,2019-04-10,12:00-13:00,0
飞凤轩宿管办,2019-04-10,13:00-14:00,0
飞凤轩宿管办,2019-04-10,14:00-15:00,0
飞凤轩宿管办,2019-04-10,15:00-16:00,0
飞凤轩宿管办,2019-04-10,16:00-17:00,0
飞凤轩宿管办,2019-04-10,17:00-18:00,0
飞凤轩宿管办,2019-04-10,18:00-19:00,0
飞凤轩宿管办,2019-04-10,19:00-20:00,0
飞凤轩宿管办,2019-04-10,20:00-21:00,0
飞凤轩宿管办,2019-04-10,21:00-22:00,0
飞凤轩宿管办,2019-04-10,22:00-23:00,0
飞凤轩宿管办,2019-04-11,07:00-08:00,0
飞凤轩宿管办,2019-04-11,08:00-09:00,0
飞凤轩宿管办,2019-04-11,09:00-10:00,0
飞凤轩宿管办,2019-04-11,10:00-11:00,0
飞凤轩宿管办,2019-04-11,11:00-12:00,0
飞凤轩宿管办,2019-04-11,12:00-13:00,0
飞凤轩宿管办,2019-04-11,13:00-14:00,0
飞凤轩宿管办,2019-04-11,14:00-15:00,0
飞凤轩宿管办,2019-04-11,15:00-16:00,0
飞凤轩宿管办,2019-04-11,16:00-17:00,0
飞凤轩宿管办,2019-04-11,17:00-18:00,0
飞凤轩宿管办,2019-04-11,18:00-19:00,0
飞凤轩宿管办,2019-04-11,19:00-20:00,0
飞凤轩宿管办,2019-04-11,20:00-21:00,0
飞凤轩宿管办,2019-04-11,21:00-22:00,0
飞凤轩宿管办,2019-04-11,22:00-23:00,0
飞凤轩宿管办,2019-04-12,07:00-08:00,0
飞凤轩宿管办,2019-04-12,08:00-09:00,0
飞凤轩宿管办,2019-04-12,09:00-10:00,0
飞凤轩宿管办,2019-04-12,10:00-11:00,0
飞凤轩宿管办,2019-04-12,11:00-12:00,0
飞凤轩宿管办,2019-04-12,12:00-13:00,0
飞凤轩宿管办,2019-04-12,13:00-14:00,0
飞凤轩宿管办,2019-04-12,14:00-15:00,0
飞凤轩宿管办,2019-04-12,15:00-16:00,0
飞凤轩宿管办,2019-04-12,16:00-17:00,0
飞凤轩宿管办,2019-04-12,17:00-18:00,0
飞凤轩宿管办,2019-04-12,18:00-19:00,0
飞凤轩宿管办,2019-04-12,19:00-20:00,0
飞凤轩宿管办,2019-04-12,20:00-21:00,0
飞凤轩宿管办,2019-04-12,21:00-22:00,0
飞凤轩宿管办,2019-04-12,22:00-23:00,0
飞凤轩宿管办,2019-04-13,07:00-08:00,0
飞凤轩宿管办,2019-04-13,08:00-09:00,0
飞凤轩宿管办,2019-04-13,09:00-10:00,0
飞凤轩宿管办,2019-04-13,10:00-11:00,0
飞凤轩宿管办,2019-04-13,11:00-12:00,0
飞凤轩宿管办,2019-04-13,12:00-13:00,0
飞凤轩宿管办,2019-04-13,13:00-14:00,0
飞凤轩宿管办,2019-04-13,14:00-15:00,0
飞凤轩宿管办,2019-04-13,15:00-16:00,0
飞凤轩宿管办,2019-04-13,16:00-17:00,0
飞凤轩宿管办,2019-04-13,17:00-18:00,0
飞凤轩宿管办,2019-04-13,18:00-19:00,0
飞凤轩宿管办,2019-04-13,19:00-20:00,0
飞凤轩宿管办,2019-04-13,20:00-21:00,0
飞凤轩宿管办,2019-04-13,21:00-22:00,0
飞凤轩宿管办,2019-04-13,22:00-23:00,0
飞凤轩宿管办,2019-04-14,07:00-08:00,0
飞凤轩宿管办,2019-04-14,08:00-09:00,0
飞凤轩宿管办,2019-04-14,09:00-10:00,0
飞凤轩宿管办,2019-04-14,10:00-11:00,0
飞凤轩宿管办,2019-04-14,11:00-12:00,0
飞凤轩宿管办,2019-04-14,12:00-13:00,0
飞凤轩宿管办,2019-04-14,13:00-14:00,0
飞凤轩宿管办,2019-04-14,14:00-15:00,0
飞凤轩宿管办,2019-04-14,15:00-16:00,0
飞凤轩宿管办,2019-04-14,16:00-17:00,0
飞凤轩宿管办,2019-04-14,17:00-18:00,0
飞凤轩宿管办,2019-04-14,18:00-19:00,0
飞凤轩宿管办,2019-04-14,19:00-20:00,0
飞凤轩宿管办,2019-04-14,20:00-21:00,0
飞凤轩宿管办,2019-04-14,21:00-22:00,1
飞凤轩宿管办,2019-04-14,22:00-23:00,0
飞凤轩宿管办,2019-04-15,07:00-08:00,0
飞凤轩宿管办,2019-04-15,08:00-09:00,0
飞凤轩宿管办,2019-04-15,09:00-10:00,0
飞凤轩宿管办,2019-04-15,10:00-11:00,0
飞凤轩宿管办,2019-04-15,11:00-12:00,0
飞凤轩宿管办,2019-04-15,12:00-13:00,0
飞凤轩宿管办,2019-04-15,13:00-14:00,0
飞凤轩宿管办,2019-04-15,14:00-15:00,0
飞凤轩宿管办,2019-04-15,15:00-16:00,0
飞凤轩宿管办,2019-04-15,16:00-17:00,0
飞凤轩宿管办,2019-04-15,17:00-18:00,0
飞凤轩宿管办,2019-04-15,18:00-19:00,0
飞凤轩宿管办,2019-04-15,19:00-20:00,0
飞凤轩宿管办,2019-04-15,20:00-21:00,0
飞凤轩宿管办,2019-04-15,21:00-22:00,0
飞凤轩宿管办,2019-04-15,22:00-23:00,0
飞凤轩宿管办,2019-04-16,07:00-08:00,0
飞凤轩宿管办,2019-04-16,08:00-09:00,0
飞凤轩宿管办,2019-04-16,09:00-10:00,0
飞凤轩宿管办,2019-04-16,10:00-11:00,0
飞凤轩宿管办,2019-04-16,11:00-12:00,0
飞凤轩宿管办,2019-04-16,12:00-13:00,0
飞凤轩宿管办,2019-04-16,13:00-14:00,0
飞凤轩宿管办,2019-04-16,14:00-15:00,0
飞凤轩宿管办,2019-04-16,15:00-16:00,0
飞凤轩宿管办,2019-04-16,16:00-17:00,0
飞凤轩宿管办,2019-04-16,17:00-18:00,0
飞凤轩宿管办,2019-04-16,18:00-19:00,0
飞凤轩宿管办,2019-04-16,19:00-20:00,0
飞凤轩宿管办,2019-04-16,20:00-21:00,0
飞凤轩宿管办,2019-04-16,21:00-22:00,0
飞凤轩宿管办,2019-04-16,22:00-23:00,0
飞凤轩宿管办,2019-04-17,07:00-08:00,0
飞凤轩宿管办,2019-04-17,08:00-09:00,0
飞凤轩宿管办,2019-04-17,09:00-10:00,0
飞凤轩宿管办,2019-04-17,10:00-11:00,0
飞凤轩宿管办,2019-04-17,11:00-12:00,0
飞凤轩宿管办,2019-04-17,12:00-13:00,0
飞凤轩宿管办,2019-04-17,13:00-14:00,0
飞凤轩宿管办,2019-04-17,14:00-15:00,0
飞凤轩宿管办,2019-04-17,15:00-16:00,0
飞凤轩宿管办,2019-04-17,16:00-17:00,0
飞凤轩宿管办,2019-04-17,17:00-18:00,0
飞凤轩宿管办,2019-04-17,18:00-19:00,0
飞凤轩宿管办,2019-04-17,19:00-20:00,0
飞凤轩宿管办,2019-04-17,20:00-21:00,0
飞凤轩宿管办,2019-04-17,21:00-22:00,0
飞凤轩宿管办,2019-04-17,22:00-23:00,0
飞凤轩宿管办,2019-04-18,07:00-08:00,0
飞凤轩宿管办,2019-04-18,08:00-09:00,0
飞凤轩宿管办,2019-04-18,09:00-10:00,0
飞凤轩宿管办,2019-04-18,10:00-11:00,0
飞凤轩宿管办,2019-04-18,11:00-12:00,0
飞凤轩宿管办,2019-04-18,12:00-13:00,0
飞凤轩宿管办,2019-04-18,13:00-14:00,0
飞凤轩宿管办,2019-04-18,14:00-15:00,0
飞凤轩宿管办,2019-04-18,15:00-16:00,0
飞凤轩宿管办,2019-04-18,16:00-17:00,0
飞凤轩宿管办,2019-04-18,17:00-18:00,0
飞凤轩宿管办,2019-04-18,18:00-19:00,0
飞凤轩宿管办,2019-04-18,19:00-20:00,0
飞凤轩宿管办,2019-04-18,20:00-21:00,0
飞凤轩宿管办,2019-04-18,21:00-22:00,0
飞凤轩宿管办,2019-04-18,22:00-23:00,0
飞凤轩宿管办,2019-04-19,07:00-08:00,0
飞凤轩宿管办,2019-04-19,08:00-09:00,0
飞凤轩宿管办,2019-04-19,09:00-10:00,0
飞凤轩宿管办,2019-04-19,10:00-11:00,0
飞凤轩宿管办,2019-04-19,11:00-12:00,0
飞凤轩宿管办,2019-04-19,12:00-13:00,0
飞凤轩宿管办,2019-04-19,13:00-14:00,0
飞凤轩宿管办,2019-04-19,14:00-15:00,0
飞凤轩宿管办,2019-04-19,15:00-16:00,0
飞凤轩宿管办,2019-04-19,16:00-17:00,0
飞凤轩宿管办,2019-04-19,17:00-18:00,1
飞凤轩宿管办,2019-04-19,18:00-19:00,0
飞凤轩宿管办,2019-04-19,19:00-20:00,0
飞凤轩宿管办,2019-04-19,20:00-21:00,0
飞凤轩宿管办,2019-04-19,21:00-22:00,0
飞凤轩宿管办,2019-04-19,22:00-23:00,0
飞凤轩宿管办,2019-04-20,07:00-08:00,0
飞凤轩宿管办,2019-04-20,08:00-09:00,0
飞凤轩宿管办,2019-04-20,09:00-10:00,0
飞凤轩宿管办,2019-04-20,10:00-11:00,0
飞凤轩宿管办,2019-04-20,11:00-12:00,0
飞凤轩宿管办,2019-04-20,12:00-13:00,0
飞凤轩宿管办,2019-04-20,13:00-14:00,0
飞凤轩宿管办,2019-04-20,14:00-15:00,0
飞凤轩宿管办,2019-04-20,15:00-16:00,0
飞凤轩宿管办,2019-04-20,16:00-17:00,0
飞凤轩宿管办,2019-04-20,17:00-18:00,0
飞凤轩宿管办,2019-04-20,18:00-19:00,0
飞凤轩宿管办,2019-04-20,19:00-20:00,0
飞凤轩宿管办,2019-04-20,20:00-21:00,0
飞凤轩宿管办,2019-04-20,21:00-22:00,0
飞凤轩宿管办,2019-04-20,22:00-23:00,0
飞凤轩宿管办,2019-04-21,07:00-08:00,0
飞凤轩宿管办,2019-04-21,08:00-09:00,0
飞凤轩宿管办,2019-04-21,09:00-10:00,0
飞凤轩宿管办,2019-04-21,10:00-11:00,0
飞凤轩宿管办,2019-04-21,11:00-12:00,0
飞凤轩宿管办,2019-04-21,12:00-13:00,0
飞凤轩宿管办,2019-04-21,13:00-14:00,0
飞凤轩宿管办,2019-04-21,14:00-15:00,1
飞凤轩宿管办,2019-04-21,15:00-16:00,0
飞凤轩宿管办,2019-04-21,16:00-17:00,0
飞凤轩宿管办,2019-04-21,17:00-18:00,0
飞凤轩宿管办,2019-04-21,18:00-19:00,0
飞凤轩宿管办,2019-04-21,19:00-20:00,0
飞凤轩宿管办,2019-04-21,20:00-21:00,0
飞凤轩宿管办,2019-04-21,21:00-22:00,0
飞凤轩宿管办,2019-04-21,22:00-23:00,0
飞凤轩宿管办,2019-04-22,07:00-08:00,0
飞凤轩宿管办,2019-04-22,08:00-09:00,0
飞凤轩宿管办,2019-04-22,09:00-10:00,0
飞凤轩宿管办,2019-04-22,10:00-11:00,0
飞凤轩宿管办,2019-04-22,11:00-12:00,0
飞凤轩宿管办,2019-04-22,12:00-13:00,0
飞凤轩宿管办,2019-04-22,13:00-14:00,0
飞凤轩宿管办,2019-04-22,14:00-15:00,0
飞凤轩宿管办,2019-04-22,15:00-16:00,0
飞凤轩宿管办,2019-04-22,16:00-17:00,0
飞凤轩宿管办,2019-04-22,17:00-18:00,0
飞凤轩宿管办,2019-04-22,18:00-19:00,0
飞凤轩宿管办,2019-04-22,19:00-20:00,1
飞凤轩宿管办,2019-04-22,20:00-21:00,0
飞凤轩宿管办,2019-04-22,21:00-22:00,0
飞凤轩宿管办,2019-04-22,22:00-23:00,0
飞凤轩宿管办,2019-04-23,07:00-08:00,0
飞凤轩宿管办,2019-04-23,08:00-09:00,0
飞凤轩宿管办,2019-04-23,09:00-10:00,0
飞凤轩宿管办,2019-04-23,10:00-11:00,0
飞凤轩宿管办,2019-04-23,11:00-12:00,0
飞凤轩宿管办,2019-04-23,12:00-13:00,0
飞凤轩宿管办,2019-04-23,13:00-14:00,0
飞凤轩宿管办,2019-04-23,14:00-15:00,0
飞凤轩宿管办,2019-04-23,15:00-16:00,0
飞凤轩宿管办,2019-04-23,16:00-17:00,0
飞凤轩宿管办,2019-04-23,17:00-18:00,0
飞凤轩宿管办,2019-04-23,18:00-19:00,0
飞凤轩宿管办,2019-04-23,19:00-20:00,0
飞凤轩宿管办,2019-04-23,20:00-21:00,0
飞凤轩宿管办,2019-04-23,21:00-22:00,0
飞凤轩宿管办,2019-04-23,22:00-23:00,0
飞凤轩宿管办,2019-04-24,07:00-08:00,0
飞凤轩宿管办,2019-04-24,08:00-09:00,0
飞凤轩宿管办,2019-04-24,09:00-10:00,0
飞凤轩宿管办,2019-04-24,10:00-11:00,0
飞凤轩宿管办,2019-04-24,11:00-12:00,0
飞凤轩宿管办,2019-04-24,12:00-13:00,0
飞凤轩宿管办,2019-04-24,13:00-14:00,0
飞凤轩宿管办,2019-04-24,14:00-15:00,0
飞凤轩宿管办,2019-04-24,15:00-16:00,0
飞凤轩宿管办,2019-04-24,16:00-17:00,0
飞凤轩宿管办,2019-04-24,17:00-18:00,0
飞凤轩宿管办,2019-04-24,18:00-19:00,0
飞凤轩宿管办,2019-04-24,19:00-20:00,0
飞凤轩宿管办,2019-04-24,20:00-21:00,0
飞凤轩宿管办,2019-04-24,21:00-22:00,0
飞凤轩宿管办,2019-04-24,22:00-23:00,0
飞凤轩宿管办,2019-04-25,07:00-08:00,0
飞凤轩宿管办,2019-04-25,08:00-09:00,0
飞凤轩宿管办,2019-04-25,09:00-10:00,0
飞凤轩宿管办,2019-04-25,10:00-11:00,0
飞凤轩宿管办,2019-04-25,11:00-12:00,0
飞凤轩宿管办,2019-04-25,12:00-13:00,0
飞凤轩宿管办,2019-04-25,13:00-14:00,0
飞凤轩宿管办,2019-04-25,14:00-15:00,0
飞凤轩宿管办,2019-04-25,15:00-16:00,0
飞凤轩宿管办,2019-04-25,16:00-17:00,0
飞凤轩宿管办,2019-04-25,17:00-18:00,0
飞凤轩宿管办,2019-04-25,18:00-19:00,0
飞凤轩宿管办,2019-04-25,19:00-20:00,0
飞凤轩宿管办,2019-04-25,20:00-21:00,0
飞凤轩宿管办,2019-04-25,21:00-22:00,0
飞凤轩宿管办,2019-04-25,22:00-23:00,0
飞凤轩宿管办,2019-04-26,07:00-08:00,0
飞凤轩宿管办,2019-04-26,08:00-09:00,0
飞凤轩宿管办,2019-04-26,09:00-10:00,0
飞凤轩宿管办,2019-04-26,10:00-11:00,0
飞凤轩宿管办,2019-04-26,11:00-12:00,0
飞凤轩宿管办,2019-04-26,12:00-13:00,0
飞凤轩宿管办,2019-04-26,13:00-14:00,0
飞凤轩宿管办,2019-04-26,14:00-15:00,0
飞凤轩宿管办,2019-04-26,15:00-16:00,0
飞凤轩宿管办,2019-04-26,16:00-17:00,0
飞凤轩宿管办,2019-04-26,17:00-18:00,0
飞凤轩宿管办,2019-04-26,18:00-19:00,0
飞凤轩宿管办,2019-04-26,19:00-20:00,0
飞凤轩宿管办,2019-04-26,20:00-21:00,0
飞凤轩宿管办,2019-04-26,21:00-22:00,0
飞凤轩宿管办,2019-04-26,22:00-23:00,0
飞凤轩宿管办,2019-04-27,07:00-08:00,0
飞凤轩宿管办,2019-04-27,08:00-09:00,0
飞凤轩宿管办,2019-04-27,09:00-10:00,0
飞凤轩宿管办,2019-04-27,10:00-11:00,0
飞凤轩宿管办,2019-04-27,11:00-12:00,0
飞凤轩宿管办,2019-04-27,12:00-13:00,0
飞凤轩宿管办,2019-04-27,13:00-14:00,0
飞凤轩宿管办,2019-04-27,14:00-15:00,0
飞凤轩宿管办,2019-04-27,15:00-16:00,0
飞凤轩宿管办,2019-04-27,16:00-17:00,0
飞凤轩宿管办,2019-04-27,17:00-18:00,0
飞凤轩宿管办,2019-04-27,18:00-19:00,0
飞凤轩宿管办,2019-04-27,19:00-20:00,0
飞凤轩宿管办,2019-04-27,20:00-21:00,0
飞凤轩宿管办,2019-04-27,21:00-22:00,0
飞凤轩宿管办,2019-04-27,22:00-23:00,0
飞凤轩宿管办,2019-04-28,07:00-08:00,0
飞凤轩宿管办,2019-04-28,08:00-09:00,0
飞凤轩宿管办,2019-04-28,09:00-10:00,0
飞凤轩宿管办,2019-04-28,10:00-11:00,0
飞凤轩宿管办,2019-04-28,11:00-12:00,0
飞凤轩宿管办,2019-04-28,12:00-13:00,0
飞凤轩宿管办,2019-04-28,13:00-14:00,0
飞凤轩宿管办,2019-04-28,14:00-15:00,0
飞凤轩宿管办,2019-04-28,15:00-16:00,0
飞凤轩宿管办,2019-04-28,16:00-17:00,0
飞凤轩宿管办,2019-04-28,17:00-18:00,0
飞凤轩宿管办,2019-04-28,18:00-19:00,0
飞凤轩宿管办,2019-04-28,19:00-20:00,0
飞凤轩宿管办,2019-04-28,20:00-21:00,0
飞凤轩宿管办,2019-04-28,21:00-22:00,0
飞凤轩宿管办,2019-04-28,22:00-23:00,0
飞凤轩宿管办,2019-04-29,07:00-08:00,0
飞凤轩宿管办,2019-04-29,08:00-09:00,0
飞凤轩宿管办,2019-04-29,09:00-10:00,0
飞凤轩宿管办,2019-04-29,10:00-11:00,0
飞凤轩宿管办,2019-04-29,11:00-12:00,0
飞凤轩宿管办,2019-04-29,12:00-13:00,0
飞凤轩宿管办,2019-04-29,13:00-14:00,0
飞凤轩宿管办,2019-04-29,14:00-15:00,0
飞凤轩宿管办,2019-04-29,15:00-16:00,0
飞凤轩宿管办,2019-04-29,16:00-17:00,0
飞凤轩宿管办,2019-04-29,17:00-18:00,0
飞凤轩宿管办,2019-04-29,18:00-19:00,0
飞凤轩宿管办,2019-04-29,19:00-20:00,0
飞凤轩宿管办,2019-04-29,20:00-21:00,0
飞凤轩宿管办,2019-04-29,21:00-22:00,0
飞凤轩宿管办,2019-04-29,22:00-23:00,0
飞凤轩宿管办,2019-04-30,07:00-08:00,0
飞凤轩宿管办,2019-04-30,08:00-09:00,0
飞凤轩宿管办,2019-04-30,09:00-10:00,0
飞凤轩宿管办,2019-04-30,10:00-11:00,0
飞凤轩宿管办,2019-04-30,11:00-12:00,0
飞凤轩宿管办,2019-04-30,12:00-13:00,0
飞凤轩宿管办,2019-04-30,13:00-14:00,0
飞凤轩宿管办,2019-04-30,14:00-15:00,0
飞凤轩宿管办,2019-04-30,15:00-16:00,0
飞凤轩宿管办,2019-04-30,16:00-17:00,0
飞凤轩宿管办,2019-04-30,17:00-18:00,0
飞凤轩宿管办,2019-04-30,18:00-19:00,0
飞凤轩宿管办,2019-04-30,19:00-20:00,0
飞凤轩宿管办,2019-04-30,20:00-21:00,0
飞凤轩宿管办,2019-04-30,21:00-22:00,0
飞凤轩宿管办,2019-04-30,22:00-23:00,0
